key,numericalId,accessCount,startTime,endTime,duration,status,type,badwordsvariables,CodPanelista,DEVICE,SEXO,EDAD,EDADR,EDUCACION,REGION,COMUNA,NSE,P1,P2,P3,P4,P4_1,P4_2,P4_3,P4_4,P4_5,P5_1,P5_2,P5_3,P5_4,P5_5,P6,P7,P8,P9,P10,P11,P12,P13,P14,P15,P16,P17NEW,P18,P19,P21,SIZEP23,P23,P24,P25,P26,P27,SIZEP28,P28
afd6aa80-e518-43f4-a7d5-632cd125f308,561525015,1,10-Oct-2023 19:49,10-Oct-2023 19:58,532,end,complete,P5_2#1#value|P5_1#1#value|P5_5#1#value|P5_3#1#value|P5_4#1#value,68808234022934b8,1,1,59,6,8,12,268,2,98,2,8,2,desigualdad,potencia,opresión,estabilidad,tecnología,1,1,1,1,1,1,2,2,3,,,1,1,2,1,comercio,3,2,1,5,2,2,2,2,4,4,1,2
7407b206-3248-4529-92b7-c61be8ab75d5,561525101,1,10-Oct-2023 19:50,10-Oct-2023 20:02,738,end,complete,P5_2#1#value,7580764482f8a39d,3,2,48,5,5,16,175,5,98,3,9,2,Electrodoméstico,Libertad,No conozco,Vino,Nada,999,1,999,999,999,1,4,2,2,1,3,2,2,2,2,Nada no conozco q nadie,3,2,1,2,3,2,2,3,3,3,3,4
f77f7aaf-e93a-4561-84d0-c72f171b697c,561525160,1,10-Oct-2023 19:50,10-Oct-2023 19:58,503,end,complete,P5_1#1#value|P5_4#1#value|P5_3#1#value|P5_5#1#value|P5_2#1#value,44dcf4bb35759113,3,1,76,7,8,1,2,4,98,2,7,2,Gigante,Protectorado,Mejoramiento constante,Cultura,Impresionante,1,1,1,1,1,3,2,2,1,3,2,2,1,2,4,No tengo contacto directo,3,2,1,4,2,2,3,2,1,4,3,4
2a3c3e74-6780-4432-94fe-c87cd2d55332,561525287,1,10-Oct-2023 19:51,10-Oct-2023 20:10,1139,end,complete,P5_3#1#value|P5_1#1#value|P5_4#1#value|P5_5#1#value|P5_2#1#value,6705c1f1567daadf,3,1,46,5,6,2,8,4,98,3,5,1,Importaciones,Turismo,Tecnologías,Turismo,Tecnologías,1,1,1,1,1,1,2,3,1,3,2,2,2,2,2,Compras por aplicación,3,1,2,2,2,2,2,3,1,4,3,4
0d10c02c-eed6-4eba-bf11-cef9436b489d,561525447,1,10-Oct-2023 19:52,10-Oct-2023 20:28,2179,end,complete,P5_4#1#value|P5_1#1#value|P5_5#1#value|P5_2#1#value|P5_3#1#value,6d0715f24db3d146,3,1,58,6,5,4,27,4,98,1,3,1,Nuevo mundo,Facismo,Tecnologia,Torre eifel,Tecnologia,1,1,1,1,1,3,1,1,3,,,1,1,1,4,Conocido,1,2,2,5,3,5,1,99,1,5,1,5
65d66d2d-d12e-45f5-9f9f-ea72a48c8722,561525489,1,10-Oct-2023 19:52,10-Oct-2023 20:01,530,end,complete,P5_5#1#value|P5_2#1#value|P5_1#1#value|P5_3#1#value|P5_4#1#value,3a8d0d9bf15717a7,1,1,53,5,7,10,247,4,2,2,7,2,gente,dificil,kei pop,torre eifel,modernidad,1,1,1,1,1,3,4,3,1,4,3,2,2,2,2,mall chino,3,2,1,4,3,3,3,3,4,4,1,2
63a86d2b-3ac1-441c-8080-1f7646d65de8,561525544,1,10-Oct-2023 19:52,10-Oct-2023 20:07,897,end,complete,P5_3#1#value|P5_2#1#value|P5_5#1#value|P5_4#1#value|P5_1#1#value,0d6df0cf0918a10a,3,1,66,7,7,5,64,4,98,1,4,1,Buen comprador de materias primas,Grande,Muy avanzado tecnológicamente,Avanzado en justicia social,Inteligente,1,1,1,1,1,3,2,2,2,4,3,1,2,2,3,Solo cuando compro en un comercio chino,3,2,1,4,2,1,1,2,4,4,3,5
8cc636fa-b5e4-4dc9-bf17-903f6c6a3958,561525565,1,10-Oct-2023 19:52,10-Oct-2023 19:56,214,end,complete,P5_2#1#value|P5_5#1#value|P5_4#1#value|P5_3#1#value|P5_1#1#value,31b29f1aa3458f84,3,2,22,2,7,8,142,7,3,1,6,1,Importadora,Corrupcion,Anime,Turismo,Cultura,1,1,1,1,1,1,5,1,1,5,1,1,1,1,1,Familiares lejanos,2,1,1,5,1,3,2,1,2,4,2,3
220a1641-9154-42bd-bad4-9d6e38182bec,561525622,1,10-Oct-2023 19:53,10-Oct-2023 20:04,662,end,complete,P5_3#1#value|P5_5#1#value|P5_2#1#value|P5_4#1#value|P5_1#1#value,375bda96c2129191,1,2,51,5,9,5,41,3,98,1,2,1,Tecnología,Desigualdad,Dictadura,Turismo,Tecnología,1,1,1,1,1,3,2,1,2,3,3,2,1,2,3,En ninguno,3,2,1,3,1,1,3,99,3,4,1,1
0a2368fa-9d81-4ec9-9e4f-1113b1bd99c4,561525644,1,10-Oct-2023 19:53,10-Oct-2023 20:00,444,end,complete,P5_2#1#value|P5_5#1#value|P5_3#1#value|P5_4#1#value|P5_1#1#value,ddf59daf8448cbf9,3,1,72,7,8,8,142,1,7,3,8,2,Comunismo,Democracia,USA,Lider,Progreso,1,1,1,1,1,2,2,3,1,2,1,1,1,2,2,Importaciones para mi empresa,1,2,1,4,3,4,2,1,2,4,3,4
492d7650-bccd-4c68-a493-7a84ef82149d,561525755,2,10-Oct-2023 19:53,10-Oct-2023 21:07,693,end,complete,P5_3#1#value|P5_1#1#value|P5_5#1#value|P5_4#1#value|P5_2#1#value,31531620f7bbb970,3,2,24,2,8,12,268,6,8,4,5,1,"La bandera, Aliexpress",Bandera y libertad,Bandera y extensiones de pestañas,Torre eiffel,Tokio y sushi,1,1,1,1,1,1,3,2,1,4,2,1,2,1,2,Mall chino,3,2,1,3,1,3,3,3,2,3,3,3
4ecbd76c-6a51-4fef-94a2-a895d02ac2ad,561525795,1,10-Oct-2023 19:54,10-Oct-2023 20:02,531,end,complete,P4_2|P5_3#1#value|P5_2#1#value|P5_1#1#value|P5_4#1#value|P5_5#1#value,db0fd66472811837,3,1,18,2,5,9,227,7,98,3,3,3,China,EE UU,Corea del sur,Francia,Japón,1,1,1,1,1,2,2,3,1,3,3,1,2,1,2,Nada de nada,4,2,1,4,1,4,99,99,3,1,1,4
e6deed22-2892-468f-828e-9e483ab84167,561525833,2,10-Oct-2023 19:54,11-Oct-2023 18:59,338,end,complete,P5_5#1#value|P5_1#1#value|P5_3#1#value|P5_4#1#value|P5_2#1#value,a25904049a437328,3,2,22,2,7,7,112,7,98,1,5,1,Ok,Ok,Ok,Ok,Ok,1,1,1,1,1,1,2,3,3,,,2,2,2,2,En ningún contexto,3,2,1,4,2,2,3,2,3,3,2,2
5c00bfe2-4e82-4f8f-b223-f60073bc8cd4,561525857,1,10-Oct-2023 19:54,10-Oct-2023 20:01,405,end,complete,P5_5#1#value|P5_2#1#value|P5_4#1#value|P5_3#1#value|P5_1#1#value,91f76fd37d953f65,3,2,67,7,8,15,343,3,98,3,8,2,Mucha gente,Potencia,Conflicto,Perfumes,Autos,1,1,1,1,1,1,3,3,2,4,3,2,2,1,4,Tengo Amistad,2,2,1,3,3,4,3,3,3,2,2,2
c5a61713-ce75-4927-9533-d15c9dbabf76,561525926,1,10-Oct-2023 19:55,10-Oct-2023 20:01,378,end,complete,P5_5#1#value|P5_1#1#value|P5_4#1#value|P5_3#1#value|P5_2#1#value,ba986c43df978fff,3,2,19,2,3,16,195,6,98,3,4,1,sobrepoblación,Trump,estándares,París,Tokyo,1,1,1,1,1,1,3,1,2,3,3,1,1,2,2,Solo cuando voy a sus mercados,2,1,1,4,3,4,2,2,4,4,2,2
3025c0a8-aa3b-4672-8312-f7ed2baad674,561526263,1,10-Oct-2023 19:57,10-Oct-2023 20:13,974,end,complete,P5_5#1#value|P5_1#1#value|P5_4#1#value|P5_3#1#value|P5_2#1#value,b36838f3da04a3c2,3,1,19,2,6,13,290,5,98,3,5,1,Teléfonos,Autos americanos,La vamdera de Corea del Sur,Torre ifel,Ramen,1,1,1,1,1,2,3,3,1,4,2,1,1,2,3,Cuando voy a comprar comida china,2,2,1,4,1,1,3,2,4,3,2,1
71615590-fa7e-4a8c-ad4b-9997039aa989,561526730,1,10-Oct-2023 19:59,10-Oct-2023 20:08,540,end,complete,P5_3#1#value|P5_5#1#value|P5_1#1#value|P5_4#1#value|P5_2#1#value,b6f3f04462298d78,1,2,71,7,5,12,268,3,98,2,8,2,turismo,libertad,series,perfume,historia,1,1,1,1,1,1,3,3,1,3,2,2,2,2,3,no tengo contacto,2,2,2,5,2,3,1,2,4,5,2,3
f7b58772-5d14-4bcf-ab19-c4a449486e46,561526871,1,10-Oct-2023 20:00,10-Oct-2023 20:11,661,end,complete,P5_2#1#value|P5_5#1#value|P5_3#1#value|P5_4#1#value|P5_1#1#value,16f96f607d58f4d9,3,2,23,2,7,4,26,7,98,3,5,4,Covid,Comida chatarra,Doramas,"Gente que habla más de ti en tu propia cara, si no hablas el idioma",Anime,1,1,1,1,1,3,2,3,2,5,2,1,1,1,1,Caseros,2,2,1,4,1,3,3,3,3,3,2,3
0f2d9d8a-60bb-4794-8452-b904cdb60f4f,561526904,1,10-Oct-2023 20:00,10-Oct-2023 20:08,449,end,complete,P5_4#1#value|P5_2#1#value|P5_1#1#value|P5_5#1#value|P5_3#1#value,7a9a29f65439cc3f,3,1,32,3,7,1,1,5,98,2,5,1,La muralla China,Diversión,Tecnologia,París,Video juegos,1,1,1,1,1,1,2,2,1,3,1,2,1,1,3,Cuando voy de compras o a restaurant,2,2,2,5,2,2,3,3,4,4,2,3
b84ec084-7371-4806-a1fe-c473ddb7dc8c,561527132,1,10-Oct-2023 20:02,10-Oct-2023 20:14,732,end,complete,P5_5#1#value|P5_3#1#value,6d9f1fd933405653,3,2,47,5,7,8,142,5,98,3,5,1,Producción en masa,Influye en Latam,Elevados estándares de belleza,Influye en Europa,Alta tecnología,999,999,1,999,1,1,2,3,2,3,1,1,2,1,2,Vendedores (as) de nacionalidad china,1,2,1,4,3,3,3,3,4,3,3,4
220a9daf-eb1a-4bfc-a082-dbe297dbe592,561527209,1,10-Oct-2023 20:02,10-Oct-2023 20:12,571,end,complete,P5_3#1#value|P5_2#1#value|P5_1#1#value|P5_5#1#value,dd5a6a6711c435fa,3,1,59,6,3,12,268,7,98,4,3,1,Gigante,Gigante,Gigante,Nose,Gogante,1,1,1,999,1,1,5,3,1,5,1,1,2,2,4,No tengo contactos,3,2,2,5,1,1,3,99,1,4,1,3
98efe937-3350-4452-b9f1-bd91575010f8,561527271,1,10-Oct-2023 20:03,10-Oct-2023 20:11,470,end,complete,P5_4#1#value|P5_5#1#value|P5_3#1#value|P5_1#1#value|P5_2#1#value,8b58c7a6141aad8d,1,2,74,7,7,8,142,5,98,3,5,2,comunista,biden,samsung,macron,toyota,1,1,1,1,1,3,5,1,3,,,1,1,1,4,"cuando compro en los mall chino, ademas que traen toda la ropa de china",3,1,1,2,1,1,3,2,4,3,3,1
54e841ce-7015-43c6-af09-9ee889618478,561527393,1,10-Oct-2023 20:04,10-Oct-2023 20:10,382,end,complete,P5_4#1#value|P5_2#1#value|P5_1#1#value|P5_3#1#value|P5_5#1#value,d194bdd28d66fb5b,3,2,23,2,7,8,149,4,98,3,5,2,Productos,Donas,Kpop,Torre Eifell,Árbol sakura,1,1,1,1,1,1,2,3,1,3,2,1,1,2,1,Con las tiendas chinas,2,1,1,3,1,2,99,99,3,3,1,2
09fe2644-41e3-4b85-8bee-aa6651a2a2a5,561527782,1,10-Oct-2023 20:06,10-Oct-2023 20:15,502,end,complete,P5_2#1#value|P5_1#1#value|P5_5#1#value|P5_3#1#value|P5_4#1#value,b10380f5b13a54a3,3,1,55,6,5,14,331,4,5,1,5,4,Dictadura,Potencia,Kpop,Torre eiffel,Anime,1,1,1,1,1,2,1,1,2,3,3,1,2,2,3,Solo comprar productos chinos,3,2,2,5,3,5,1,1,4,3,1,5
fa99411c-2099-4ee8-a361-d4bf6127f7cc,561528237,1,10-Oct-2023 20:09,10-Oct-2023 20:22,788,end,complete,P5_1#1#value|P5_5#1#value|P5_4#1#value|P5_3#1#value|P5_2#1#value,c6688cfd143ff719,3,2,46,5,6,10,228,5,5,2,5,1,Trabajo,Guerra,Tirania,Hermosa,Guerra,1,1,1,1,1,1,2,4,2,1,1,2,2,2,2,Cuando uno va a comprar o visitar los Mall Chino,2,1,1,4,2,1,3,3,4,3,1,1
fac8d816-86af-4c06-9678-670df620ed9a,561528489,1,10-Oct-2023 20:11,10-Oct-2023 20:20,570,end,complete,P5_5#1#value|P5_1#1#value|P5_3#1#value|P5_2#1#value|P5_4#1#value,68f01a552850ddcc,1,1,58,6,8,4,27,4,98,3,4,1,Cultura Milenaria,Arrogancia,Misiles,Turismo,Respeto,1,1,1,1,1,1,3,3,3,,,2,2,2,2,Al comprar en un Restaurant o Mall Chino,3,2,1,3,2,1,3,99,4,3,3,4
f682b871-74b2-4376-bba8-00753091cdcd,561528852,1,10-Oct-2023 20:13,10-Oct-2023 20:29,978,end,complete,P4_3|P5_5#1#value|P5_4#1#value|P5_1#1#value|P5_2#1#value|P5_3#1#value,b4115c97055fb2a1,3,2,21,2,4,15,343,7,98,4,6,1,Capitalismo,Balas,Bts,Turismo,Edificios,1,1,1,1,1,2,3,3,1,4,3,2,2,2,2,Compañero de trabajo,3,1,1,4,2,4,3,99,2,4,3,3
1d8765c6-122f-44c9-846b-fbce68649631,561529206,1,10-Oct-2023 20:15,10-Oct-2023 20:38,1383,end,complete,P5_1#1#value|P5_2#1#value|P5_5#1#value|P5_3#1#value,d8aaa3f0d06a7597,3,1,72,7,3,12,268,5,6,2,9,2,Esta entrando muy rápido en muchos países,Una de las mayores potencia del mundo,Tiene una muy buena tecnología,No estoy muy informado,A dejado de ser un país bueno en inversiones,1,1,1,999,1,2,4,4,1,3,2,1,2,1,2,Cuando voy a comprar algo al moll chino,2,2,1,4,3,2,3,3,4,3,1,4
e615766f-445e-41d0-9dec-604b8e4ecbee,561529365,1,10-Oct-2023 20:16,10-Oct-2023 20:25,548,end,complete,P5_4#1#value|P5_2#1#value|P5_1#1#value|P5_3#1#value|P5_5#1#value,584d3c15bb749d91,1,1,56,6,7,13,308,5,98,1,2,1,Inversiones,Capitalismo,kpop,Turismo,Tecnología,1,1,1,1,1,1,2,1,1,5,2,1,1,1,1,ámbito profesional y amistad,1,1,1,5,3,5,2,99,1,5,2,5
b5fa7c06-7544-4af3-97fc-816cd8b2e283,561529493,3,10-Oct-2023 20:16,10-Oct-2023 20:30,845,end,complete,P4_4|P5_1#1#value|P5_3#1#value|P5_5#1#value|P5_4#1#value|P5_2#1#value,b71a8304688f55d1,1,1,65,7,8,4,27,2,4,4,6,3,GUATON COPION,LIDER EN EL MUNDO EN EMPRENDIMIENTO Y DESARROLLO,ECONOMIA DIVERSIFICADA,G7,LIDER EN MICROTECNOLOGIA,1,1,1,1,1,2,4,4,3,,,2,1,1,2,"EN LA COMIDA CHINA CANTONESA, EN EL FORO DE HERMANAMIENTO DE LA PROVINCIA DE HUNAN CON LA IV REGION.",2,2,1,2,2,2,99,3,4,2,2,1
cd74b96c-77f9-481e-ae5f-00758dd56fe1,561529826,1,10-Oct-2023 20:18,10-Oct-2023 20:35,989,end,complete,P5_2#1#value|P5_4#1#value|P5_5#1#value|P5_3#1#value|P5_1#1#value,45548cf77b024321,3,2,60,6,5,1,1,6,98,2,8,2,Productos,Migración,Misiles,Torre Eiffel,Terremotos,1,1,1,1,1,1,2,3,1,3,2,2,1,1,2,Amigas de mi hija,1,2,1,4,1,1,99,3,4,3,2,4
62fe68af-c009-4c8c-b686-46adba72a107,561530037,1,10-Oct-2023 20:19,10-Oct-2023 20:36,1033,end,complete,P5_1#1#value|P5_4#1#value|P5_3#1#value|P5_5#1#value|P5_2#1#value,759aca3dbdadf572,3,2,34,3,5,13,288,5,3,3,10,2,Exportador,Impuestos,Arquitectura,Vinos,Automóviles,1,1,1,1,1,1,2,3,3,,,1,1,1,2,Por los mall chinos,3,2,1,4,1,2,3,2,2,2,3,4
1ce53d1a-32cb-475a-8149-fd97d6928bbb,561530305,1,10-Oct-2023 20:20,10-Oct-2023 20:33,779,end,complete,P5_3#1#value|P5_4#1#value|P5_5#1#value|P5_2#1#value|P5_1#1#value,f235d5d303655a06,3,1,67,7,5,14,333,5,98,1,6,2,Emprendedores,País de oportunidades,Multitudes,Vinos y pastelería,Trabajolicos,1,1,1,1,1,1,2,3,1,5,2,1,2,1,3,Son dueños de negocios en mi pueblo,1,2,1,4,1,2,2,2,4,4,1,4
bf13da6e-fc6b-484c-9939-b9a4adc5ce0e,561530417,1,10-Oct-2023 20:21,10-Oct-2023 21:33,4351,end,complete,P5_5#1#value|P5_1#1#value|P5_3#1#value|P5_2#1#value|P5_4#1#value,488189f40075d2d6,3,1,73,7,8,8,153,4,98,1,6,2,Autos,Inmigrantes,Desarrollo tecnológico,Espumante,Autos,1,1,1,1,1,1,2,3,1,3,2,2,1,2,4,No tengo contactos,2,2,2,5,2,3,2,3,3,5,2,3
f34adb8d-675d-4fb0-b39b-aa6b9838213c,561532075,1,10-Oct-2023 20:28,10-Oct-2023 20:45,1006,end,complete,P5_3#1#value,453acd9379d2f652,3,1,21,2,3,1,2,7,1,1,1,3,Ivermectina,Iluminatis,Dictaduras,Fragancia,Tecnología,999,999,1,999,999,1,2,1,1,3,3,2,2,2,2,No tengo,3,2,2,5,2,1,2,2,4,4,3,5
37be4c5f-cb3e-4160-a9d3-f98cc903e64e,561532572,1,10-Oct-2023 20:31,10-Oct-2023 20:50,1175,end,complete,P5_2#1#value|P5_3#1#value|P5_4#1#value|P5_5#1#value|P5_1#1#value,b8d9fd102b9d1067,1,2,56,6,7,5,69,5,98,4,4,1,mall chino chinos mafiosos," policias, inmigrantes, sueño americano",kpop doramas modernidad,"torre eifel, perfumes, europa",otakus anime tecnologia respeto y disciplina,1,1,1,1,1,3,4,3,1,5,3,1,1,1,1,solo cuando voy a comprar al comercio chino,2,2,1,4,3,4,3,99,4,2,1,2
c4ed7a52-7fec-4464-b8f6-ac73339471a6,561532700,1,10-Oct-2023 20:31,10-Oct-2023 20:47,964,end,complete,P5_2#1#value|P5_3#1#value|P5_4#1#value|P5_1#1#value|P5_5#1#value,8cb6baf69d2a0715,3,1,22,2,5,1,1,5,98,3,3,2,Tradiciones,Patriotas,Kpop,Croissant,Anime,1,1,1,1,1,2,2,3,1,4,3,2,1,1,3,"Amigos internacionalmente o nacionalmente, compañeros de trabajo, vecinos, etc.",1,1,1,3,2,2,3,3,4,2,2,2
4d7aad75-3517-4c67-8a09-92bbb1e9bb5c,561532982,1,10-Oct-2023 20:33,10-Oct-2023 20:48,899,end,complete,P5_1#1#value|P5_5#1#value|P5_2#1#value|P5_4#1#value|P5_3#1#value,cb95c200889f3126,3,1,65,7,6,13,311,5,98,1,8,2,País industrializado,País poderoso,País industrializado y moderno,País rico y cosmopolita,País industrializado moderno,1,1,1,1,1,3,2,2,1,3,2,1,1,1,3,Comercial,3,1,1,4,3,4,2,1,4,3,3,5
acb90737-f07b-4e29-b4fb-d76acf876a11,561533433,2,10-Oct-2023 20:35,10-Oct-2023 21:57,1327,end,complete,P5_5#1#value|P5_4#1#value|P5_2#1#value|P5_1#1#value|P5_3#1#value,b3d66fb06298f83f,3,1,57,6,6,1,2,5,98,1,5,2,Comida,Mustang,Hyundai,Torre eiffel,Katana,1,1,1,1,1,3,3,3,1,3,5,1,1,1,3,amistad y trabajo,1,2,1,4,3,5,2,2,4,3,3,5
dd2a7c01-fba0-4239-bbdf-29db6ab7379c,561533583,1,10-Oct-2023 20:36,10-Oct-2023 21:09,1986,end,complete,P5_5#1#value|P5_2#1#value|P5_4#1#value|P5_3#1#value|P5_1#1#value,1fcafc14cc3d5812,3,2,23,2,5,2,12,6,1,2,5,1,Grandes exportadores,Potencia mundial,Idols,Amor,Avance tecnológico,1,1,1,1,1,1,1,2,1,1,1,2,2,2,2,Llendo a negocios chinos,1,1,1,5,2,2,3,3,1,5,3,5
3d9df57a-5ceb-486d-a0df-8aaac1492689,561534517,1,10-Oct-2023 20:40,10-Oct-2023 20:46,346,end,complete,P4_4|P5_2#1#value,f6655f14590684a3,3,1,20,2,3,4,27,7,98,3,5,1,Chinos,Obama,K-pop,PSG,Anime,999,1,999,999,999,3,3,3,3,,,2,2,2,2,En ningún contexto,3,2,1,3,3,5,99,99,4,4,2,5
5f1799ed-c7e5-49aa-8971-b742f3069c31,561534552,1,10-Oct-2023 20:40,10-Oct-2023 21:00,1162,end,complete,P5_1#1#value|P5_4#1#value|P5_2#1#value|P5_5#1#value|P5_3#1#value,94d109dad6c97fb7,1,2,70,7,8,13,279,2,9,3,4,1,proveedor,la quinta avenida,antagonismo con corea del norte,torre eifel,tecnologia,1,1,1,1,1,1,2,4,1,3,1,2,1,2,1,cuando voy de compras,2,2,1,5,2,1,2,1,4,4,3,3
495ab1d4-2623-40f2-a8e1-c0029cda7e89,561535323,1,10-Oct-2023 20:45,10-Oct-2023 20:50,308,end,complete,P5_2#1#value|P5_3#1#value|P5_4#1#value|P5_1#1#value|P5_5#1#value,3adc6299b7cf6a86,1,1,42,4,8,11,261,2,6,2,8,2,comunismo,capitalismo,desarrollo,Paris,tecnologia,1,1,1,1,1,1,3,2,1,3,2,2,2,2,4,no tengo,3,2,2,3,1,3,2,2,3,3,1,3
c5f735dd-0f17-4922-853d-55e4a1b32a42,561535520,1,10-Oct-2023 20:46,10-Oct-2023 21:06,1231,end,complete,P5_1#1#value|P5_4#1#value|P5_2#1#value|P5_5#1#value|P5_3#1#value,b924678b164fa91c,1,2,56,6,9,13,292,2,98,2,4,1,multitud,desorden,crecimiento,Viaje,mucho trabajo,1,1,1,1,1,3,3,2,1,3,3,2,2,2,4,"cuando compro en algún supermercado, tienda o restautante chinos",3,2,1,4,1,1,99,3,4,2,1,2
cc035d23-4036-49c7-9f9a-ba0d6af3f9ad,561535848,1,10-Oct-2023 20:47,10-Oct-2023 21:03,949,end,complete,P5_3#1#value|P5_5#1#value|P5_2#1#value|P5_4#1#value|P5_1#1#value,fa5174671656c776,3,1,77,7,9,14,331,3,8,3,7,2,Gigante industrial asiático,Potencia comercial,Estado prospero,País de la Comunidad Europea,País industrializado,1,1,1,1,1,1,4,3,1,4,3,2,2,1,2,Al ir a un mall chino,3,2,1,2,1,3,3,2,4,3,2,2
49a225b8-4946-4541-ae0f-fc7860a8bce2,561536349,1,10-Oct-2023 20:50,10-Oct-2023 21:07,997,end,complete,P5_1#1#value|P5_5#1#value|P5_2#1#value|P5_3#1#value|P5_4#1#value,68c2667bd8326fab,3,1,54,5,5,12,277,5,3,4,6,1,Nose,Potencia,Automoviles,Nose,Nose,1,1,1,1,1,3,5,4,1,4,3,1,1,2,3,En moda china,4,2,1,3,1,1,3,2,2,4,3,3
21ff124f-167f-446c-b067-e2f38e2bfdee,561536806,1,10-Oct-2023 20:52,10-Oct-2023 21:05,784,end,complete,P5_1#1#value|P5_2#1#value|P5_3#1#value|P5_5#1#value|P5_4#1#value,9b0d973700f81cdd,2,1,58,6,5,12,277,4,6,3,2,1,Comercio,Inmigracion,Vehiculos,Torre eifel,Samurai,1,1,1,1,1,1,2,3,1,4,2,1,2,2,1,En compras que he realizado en el mall chino.,3,2,1,4,1,4,2,2,3,4,2,4
734de247-b5bf-427f-8bba-14d21a750e17,561538085,2,10-Oct-2023 20:58,10-Oct-2023 21:50,965,end,complete,P5_5#1#value,2243d9ba70473285,3,2,53,5,5,10,247,5,98,1,5,2,Negosio,Guerra,Ropa,Perfume,Autos,999,999,999,999,1,1,5,1,1,3,3,1,1,2,2,Ascendente,1,1,1,5,2,2,3,3,3,4,1,2
8db60e90-e282-461d-a531-1a6bd2ae608a,561538563,1,10-Oct-2023 21:01,10-Oct-2023 21:07,345,end,complete,P5_1#1#value|P5_4#1#value|P5_5#1#value|P5_2#1#value|P5_3#1#value,bb6c17f48d94b4ba,1,2,35,4,8,9,207,4,6,2,5,1,comunismo,potencia mundial,kpop,bedbugs,anime,1,1,1,1,1,2,4,3,1,4,2,2,2,2,2,cuando entro a un mall chino,3,2,1,4,2,3,99,3,4,3,3,4
28fc5c6d-00bf-47e5-9238-acf8d6bf8eb6,561538618,1,10-Oct-2023 21:01,10-Oct-2023 21:17,936,end,complete,P5_5#1#value|P5_2#1#value|P5_1#1#value|P5_4#1#value|P5_3#1#value,d0065a6bc803793d,3,2,77,7,8,15,343,4,8,2,5,1,Muchos inventos de cosas muy útiles,El sueño de todos como país,Bien en todos sus ámbitos,País con mucha cultura y desarrollo,Desarrollado,1,1,1,1,1,1,2,3,1,4,2,2,2,1,3,Mi abuelo era chino,2,2,1,4,3,4,1,1,4,4,1,4
c62f56a1-c4a2-4a8d-bb62-cc1b20958a38,561540068,1,10-Oct-2023 21:10,10-Oct-2023 21:43,2030,end,complete,P5_4#1#value|P5_2#1#value|P5_3#1#value|P5_5#1#value|P5_1#1#value,5d65f6843db87da0,3,1,62,6,5,8,169,5,2,2,7,2,Lo produce todo,Una potencia,Comunistas,Europa,Exportamos,1,1,1,1,1,1,4,3,1,5,4,1,1,2,2,En los locales o tiendas chinas,3,1,1,1,3,1,3,1,2,2,1,3
1313aa65-581f-47ff-a8e5-5af9af73d421,561541045,1,10-Oct-2023 21:15,10-Oct-2023 21:27,668,end,complete,P5_4#1#value|P5_5#1#value|P5_2#1#value|P5_3#1#value|P5_1#1#value,99a269a097557f40,1,1,71,7,8,5,46,2,1,1,6,2,Inversiones,Monopolios,Aliado,Arte,Bomba atómica,1,1,1,1,1,1,3,3,1,5,3,1,2,2,2,compras de insumos,1,2,1,4,3,3,3,3,4,4,2,2
936f6b41-360f-4554-9369-c25e1eb34d0b,561541817,1,10-Oct-2023 21:20,10-Oct-2023 21:31,656,end,complete,P5_5#1#value|P5_4#1#value|P5_2#1#value|P5_3#1#value|P5_1#1#value,04f65011517bc905,1,2,58,6,8,2,12,2,98,3,8,2,complicados,economia,proveedor,viaje,proveedpr,1,1,1,1,1,1,2,3,1,3,2,1,1,1,2,amigos y vecinos,2,2,1,5,2,1,3,3,4,2,1,2
c9b51baf-abc7-46e4-a276-9d9fcdaf3f65,561542250,1,10-Oct-2023 21:22,10-Oct-2023 21:32,546,end,complete,P5_5#1#value|P5_1#1#value|P5_3#1#value|P5_2#1#value|P5_4#1#value,36c8ccd33752f144,3,1,60,6,5,5,48,5,98,2,5,2,Potencia,Potencia,Loco,Fríos,Inteligencia,1,1,1,1,1,1,2,3,1,3,1,2,2,2,4,"Cuando compro en un mall chino, solamente",2,2,2,5,3,5,2,2,4,5,2,2
450dfefb-fc5d-4285-a8c6-7d7abc79d94d,561544287,1,10-Oct-2023 21:35,10-Oct-2023 21:48,767,end,complete,P5_5#1#value|P5_2#1#value|P5_3#1#value|P5_4#1#value|P5_1#1#value,88647bc06afd0b8b,3,1,63,6,7,5,60,4,98,3,4,1,Potencia mundial,Imperialismo,Protegido de occidente,País desarrollado,Tecnología,1,1,1,1,1,1,4,4,3,,,1,2,2,2,Solo cuándo voy a comprar a un mall chino,2,2,1,4,1,3,3,3,3,4,3,3
a6221601-3a76-4556-9848-571c06802b58,561544649,1,10-Oct-2023 21:37,10-Oct-2023 21:41,256,end,complete,P5_3#1#value|P5_5#1#value|P5_4#1#value,9484ad96ac9b6f49,3,1,23,2,8,16,175,3,3,3,10,4,Ahí no mas,Bueno,Bueno,Malo,Excelente,999,999,1,1,1,1,4,3,1,5,2,1,1,2,3,Ninguno,2,1,1,4,3,4,2,2,3,1,1,3
01b43115-dd7a-4daf-8fe9-6af77e9e8b89,561544724,1,10-Oct-2023 21:37,10-Oct-2023 21:47,562,end,complete,P5_2#1#value|P5_5#1#value|P5_3#1#value|P5_4#1#value|P5_1#1#value,7103f96f76f1b6a7,3,1,69,7,7,7,137,4,98,2,7,2,Dictadura,Potencia,Desarrollo,Caos,Orden,1,1,1,1,1,1,3,3,2,3,3,1,2,1,3,Cuando compro en algun local,3,2,1,3,1,3,3,2,4,2,2,2
c4e4e030-0fa4-4893-830b-e20752bd7c28,561544823,1,10-Oct-2023 21:38,10-Oct-2023 21:46,452,end,complete,P5_1#1#value|P5_4#1#value|P5_5#1#value|P5_2#1#value|P5_3#1#value,6d97269a82157564,3,1,79,7,8,14,331,2,98,2,8,2,Cerezas cobrr,Trump,Automoviles,Torre Eiffel,Tecnologia,1,1,1,1,1,3,3,2,1,3,2,2,2,1,2,Una amiga que vive en Francia es hija de padre chino,2,2,2,3,1,3,3,2,3,2,3,2
4efe65de-8e43-4b1f-becb-bb371e143dfb,561545258,1,10-Oct-2023 21:41,10-Oct-2023 21:55,846,end,complete,P5_3#1#value|P5_1#1#value|P5_5#1#value,98b6824a6f475a8d,3,2,68,7,3,13,287,7,98,4,5,3,Avance tecnológicos,Comercio,Comercio,No se,Tecnología,1,999,1,999,1,1,4,3,1,3,2,1,1,2,2,Solo cuando voy a comprar algun comercio chino,3,2,2,5,3,2,3,3,4,3,2,5
a1d8f1b6-6857-4949-ba4b-0b7f008950af,561545786,1,10-Oct-2023 21:44,10-Oct-2023 21:54,544,end,complete,P5_5#1#value|P5_1#1#value|P5_3#1#value|P5_4#1#value|P5_2#1#value,2ba5624da283a043,1,1,70,7,6,12,268,4,98,1,5,1,P.Comunista,Trump,Cibernetica,Turismo,Robotica,1,1,1,1,1,1,4,4,1,3,2,2,2,2,1,No conozco ninguna persona de nacionalidad china,3,2,1,4,3,3,3,3,4,3,1,3
f9ff4aa3-0fab-4b75-9397-a7762ff3d32c,561545895,1,10-Oct-2023 21:45,10-Oct-2023 21:52,403,end,complete,P5_1#1#value|P5_2#1#value|P5_3#1#value|P5_4#1#value|P5_5#1#value,bc60fc358806d6f3,3,1,65,7,8,14,331,2,98,3,4,1,Importaciones,Bienes de consumo,Tecnología,Vino,Autos,1,1,1,1,1,2,2,3,1,2,1,2,2,1,3,Comercio y gastronomía,2,2,1,5,2,1,3,3,4,3,2,2
f3b1027e-3438-4826-ac1b-5f3199afa0b0,561545997,1,10-Oct-2023 21:46,10-Oct-2023 21:56,606,end,complete,P5_1#1#value|P5_2#1#value|P5_3#1#value|P5_4#1#value,10512533a0d1bd16,3,1,58,6,8,14,334,3,98,1,5,1,Neutro,Ladrones,Neutro,Ladrones,Neutro,1,1,1,1,999,1,1,1,3,,,2,2,2,4,Ninguna,2,2,1,5,3,5,1,99,1,5,3,5
ad84e7a3-0773-4739-ac89-7fe31a74e90a,561546396,1,10-Oct-2023 21:48,10-Oct-2023 21:57,560,end,complete,P5_1#1#value|P5_3#1#value|P5_5#1#value|P5_4#1#value|P5_2#1#value,28f41ffa577a85a1,1,1,73,7,9,13,288,1,8,4,5,4,comercio,turismo,tecnologia,turismo,autos,1,1,1,1,1,3,3,3,3,,,1,1,1,4,academico,2,2,1,3,2,2,3,3,4,3,1,3
09faf04a-bf95-4a1c-a03f-e88e40e598ff,561546451,1,10-Oct-2023 21:48,10-Oct-2023 22:51,3784,end,complete,P5_5#1#value|P5_3#1#value|P5_1#1#value|P5_2#1#value|P5_4#1#value,db052134f50dc47d,3,2,27,3,8,6,79,2,98,4,3,3,Invasión mundial,Potencia,Amor,Glamour,Limpieza,1,1,1,1,1,1,4,4,3,,,1,1,2,2,Cuando vaya algún restaurante o mall.,3,1,1,2,1,2,3,3,4,3,2,1
29f8d0d3-56c4-43e1-8f61-23f73bf57771,561546644,1,10-Oct-2023 21:50,10-Oct-2023 22:03,780,end,complete,P5_2#1#value|P5_1#1#value|P5_3#1#value|P5_5#1#value|P5_4#1#value,38ca12c39dca2431,3,1,73,7,6,9,215,2,98,2,6,1,Importador y exportador,Bienes y servicios,Industria,Turismo,Industria,1,1,1,1,1,2,2,2,2,2,2,1,2,1,2,Comercio,2,2,1,4,2,2,2,3,3,2,2,3
9994d344-8a85-4093-ac06-e88f1523b5c9,561547102,1,10-Oct-2023 21:52,10-Oct-2023 22:02,597,end,complete,P5_5#1#value|P5_3#1#value|P5_2#1#value|P5_4#1#value|P5_1#1#value,063f13495936f876,3,1,62,6,7,8,149,4,98,4,6,2,Grande,Poderoso,Humildes,Turismo,Bueno,1,1,1,1,1,3,4,4,1,3,2,2,2,2,3,Compras en malls chinos,2,2,1,3,1,3,2,2,4,3,2,2
705dfb4e-2c1e-43ec-9c49-64fdfcb6bc05,561548111,1,10-Oct-2023 21:59,10-Oct-2023 22:14,932,end,complete,P5_3#1#value|P5_1#1#value|P5_5#1#value|P5_4#1#value|P5_2#1#value,632a043f18c6a3df,3,2,27,3,8,3,17,4,98,3,5,1,Economía mundial,Conquistadores,Cultura,Baguette,Anime,1,1,1,1,1,1,2,1,1,3,2,1,1,1,4,Era amigo de mi grupo de amigos de santiago,2,1,1,2,1,1,99,99,3,3,1,2
26b6aded-4e30-4de6-ab8f-07fde36856a7,561548554,1,10-Oct-2023 22:02,10-Oct-2023 22:20,1103,end,complete,P5_2#1#value|P5_3#1#value|P5_5#1#value|P5_1#1#value|P5_4#1#value,4d2afa5710bf6088,3,1,72,7,5,6,86,5,1,2,5,2,Un comprador de cobre,Un importante país que lo tiene todo,Un país vecino,Un país que se puede comprar diferentes articulos,Un importante en tecnológica,1,1,1,1,1,1,4,2,1,3,2,1,1,2,3,Cuando boy al mall chino y restaurante,3,1,1,2,1,2,3,2,3,4,3,4
564e3548-4857-4316-bd4c-95d3f286ac21,561548566,1,10-Oct-2023 22:02,10-Oct-2023 22:14,761,end,complete,P5_5#1#value|P5_4#1#value|P5_1#1#value|P5_2#1#value|P5_3#1#value,c15d194d09363c32,1,1,52,5,8,9,204,4,2,2,10,2,COMUNISMO DEPREDADOR,EXITO,DECADENCIA,AUTOFLELADO,GUERRERO,1,1,1,1,1,1,5,1,3,,,1,1,1,3,SOLO COMERCIAL,2,2,1,2,2,3,99,2,2,3,3,2
134cdcc3-8bc8-4d76-8867-c62d59eba55a,561549209,1,10-Oct-2023 22:05,10-Oct-2023 22:21,910,end,complete,P5_5#1#value|P5_1#1#value|P5_2#1#value|P5_4#1#value|P5_3#1#value,ff1994c4071063b4,3,1,47,5,7,1,1,4,98,1,5,2,Kung fu,Armas,Comunismo,Croasant,Karate,1,1,1,1,1,3,3,3,1,3,3,2,2,2,4,Negocios,2,2,1,4,1,2,3,3,2,4,2,2
7ba923b8-a9da-44c9-930c-8dfbb60b0003,561549659,1,10-Oct-2023 22:08,10-Oct-2023 22:19,665,end,complete,P5_4#1#value|P5_5#1#value|P5_3#1#value|P5_1#1#value|P5_2#1#value,463c7d26b7c4cf4a,3,1,66,7,7,10,228,6,8,1,6,2,Wantan,Pais de oportunidades,Kimichi,Pan frances,Sushi,1,1,1,1,1,3,4,1,1,3,2,1,1,1,2,Solo comercial,1,1,2,4,3,1,3,3,4,2,3,2
e2d4d709-aec8-4494-9fb4-2032637b0ed5,561549881,1,10-Oct-2023 22:09,10-Oct-2023 22:16,408,end,complete,P5_2#1#value|P5_5#1#value|P5_3#1#value|P5_1#1#value|P5_4#1#value,5a89a17a09f7f8ad,3,1,69,7,7,15,343,5,1,1,3,1,Desarrollo,Imperio,Fábrica,Para estudios,Proveedores de tecnología,1,1,1,1,1,3,2,1,1,3,3,1,2,2,2,Solo en mall,3,2,1,4,2,1,99,99,3,4,1,2
99c9427c-20af-40cb-859b-4363c19408d2,561550083,2,10-Oct-2023 22:11,11-Oct-2023 15:19,858,end,complete,P5_2#1#value|P5_5#1#value|P5_3#1#value|P5_4#1#value|P5_1#1#value,0ff706cb8ddaa48c,3,1,80,7,8,10,228,4,98,2,8,2,No 1 en desarrollo automotriz electricos,Primera potencia mundial,Avance tecnologico de 1er nivel,Le Tour Eiffel,Technologia de avanzada,1,1,1,1,1,1,3,2,1,3,2,2,2,2,4,No tengo,3,2,2,4,3,4,2,2,3,3,3,2
5cdbd6cb-8f19-4bb6-9bc8-84f51a84e2ec,561550154,1,10-Oct-2023 22:11,10-Oct-2023 22:27,929,end,complete,P5_2#1#value|P5_3#1#value|P5_4#1#value|P5_5#1#value|P5_1#1#value,25f433023b4033c7,3,1,65,7,5,13,300,5,98,4,10,2,Comunistas opresores,Potencia,Libertad,Antiguo,Calidad,1,1,1,1,1,1,5,4,1,5,2,2,1,2,2,Comprando donde son de nacionalidad China,3,2,1,2,2,2,3,2,2,2,1,1
25ea2baa-2048-4b71-9349-6ea4fcbd74d2,561550860,1,10-Oct-2023 22:15,10-Oct-2023 22:25,585,end,complete,P5_3#1#value|P5_2#1#value|P5_5#1#value|P5_4#1#value|P5_1#1#value,4cf933f3fac0d60c,3,2,56,6,9,11,258,4,98,3,6,2,Epidemias,Conflictos,Guerras,Turismo,Tecnología,1,1,1,1,1,1,3,3,1,3,4,2,2,2,2,Ninguno,3,2,1,3,2,3,3,2,3,2,2,3
81104d4e-4959-4698-9f6d-e03ddb851c9a,561552324,1,10-Oct-2023 22:24,10-Oct-2023 22:43,1097,end,complete,P5_5#1#value|P5_4#1#value|P5_2#1#value|P5_3#1#value,25a92d6f09ff4fac,3,1,69,7,7,15,343,4,98,2,10,2,Comunismo,Oportunidad,Buen pais,La mour,Que lico,999,1,1,1,1,1,3,3,1,4,2,1,2,2,4,Ninguna,3,2,2,3,3,2,99,3,3,2,2,2
067b056b-6b34-4352-bbb6-f0d893f74208,561552583,2,10-Oct-2023 22:26,11-Oct-2023 10:53,661,end,complete,P5_1#1#value|P5_4#1#value|P5_3#1#value|P5_5#1#value|P5_2#1#value,1d245abb301b5bd0,3,2,70,7,9,1,1,4,98,1,8,2,Negocios,Negicios,Guerra,Torre ifel,Cultura,1,1,1,1,1,1,2,1,1,3,1,2,1,1,3,Compro en un chifa,2,2,2,4,3,5,2,1,3,3,2,3
ff6a2ef2-1e66-4117-b793-967431de681f,561552761,2,10-Oct-2023 22:27,11-Oct-2023 02:20,657,end,complete,P5_5#1#value|P5_1#1#value|P5_2#1#value|P5_4#1#value,aa8fc3cb0b07a4bc,3,1,74,7,5,9,217,6,4,3,4,1,Lider,En decadencia,Buena economía,Turismo,Electrónica,1,1,999,1,1,2,2,2,1,3,2,1,1,2,2,Comprando en sus tiendas,3,2,1,4,1,4,2,3,4,4,1,3
1f8e12e8-0cc8-4fd8-b95a-b28a15f1985e,561553517,1,10-Oct-2023 22:32,10-Oct-2023 22:44,745,end,complete,P5_3#1#value|P5_2#1#value|P5_5#1#value|P5_1#1#value|P5_4#1#value,9380c2dfd48bf0d4,3,1,70,7,7,5,41,4,98,3,5,3,Potencia comercial,Potencia mundial,Innovador,Vinos,Potencia de calidad,1,1,1,1,1,2,2,3,1,3,2,2,2,2,4,Ninguna interacción,3,2,1,4,3,4,2,3,3,4,3,4
93b5ac67-48c1-4cdb-88e9-715d641d356e,561554214,1,10-Oct-2023 22:36,10-Oct-2023 22:44,461,end,complete,P5_2#1#value|P5_5#1#value|P5_3#1#value|P5_1#1#value,05bd5b3f293d673d,3,2,32,3,8,6,95,6,3,3,5,2,Exportador,Lider mundial,Guerra,Mundial,Ingeniero,1,1,1,999,1,1,2,3,1,3,2,2,2,2,3,Compra de productos de origen chino,3,2,1,4,1,4,3,2,3,4,1,3
71f13082-b115-452c-a458-22a4d11bf19e,561555482,2,10-Oct-2023 22:45,10-Oct-2023 23:35,549,end,complete,P5_4#1#value|P5_5#1#value|P5_1#1#value|P5_3#1#value|P5_2#1#value,5a54f163c5644f27,1,2,24,2,7,4,26,4,98,2,9,2,gran poblacion,ratas,idols,torre eiffel,kpop,1,1,1,1,1,1,4,3,1,4,2,1,1,2,4,Solo por una transicion de comercio,3,2,1,4,2,2,3,3,4,4,2,1
75e8325b-901c-4676-9fa2-b0521b322e42,561555645,1,10-Oct-2023 22:47,10-Oct-2023 22:58,700,end,complete,P5_5#1#value|P5_1#1#value|P5_2#1#value|P5_4#1#value,f5431324529c6c02,1,2,18,2,4,2,12,7,98,3,5,3,pandas,hollywood,k-pop,torre eiffel,anime,1,1,999,1,1,3,2,3,1,5,2,1,1,2,2,"al ir a locales de comercio chinos, ya sea mall o restaurantes",2,2,1,4,2,2,3,3,3,4,1,2
43329675-37b5-46b9-8977-751f95c17597,561555906,1,10-Oct-2023 22:49,10-Oct-2023 22:58,589,end,complete,P5_4#1#value|P5_3#1#value|P5_2#1#value|P5_1#1#value|P5_5#1#value,fbd827321cb51933,3,1,67,7,9,14,331,4,8,4,2,1,Pekin,Yankee,Seoul,Torre Eifel,Monte Fuji,1,1,1,1,1,3,1,3,1,1,1,2,2,1,4,Laborales y amistad,1,2,1,5,2,3,2,99,4,4,1,4
5d859709-72a5-4ee5-bba0-59f029f4c9b6,561556346,1,10-Oct-2023 22:52,10-Oct-2023 22:57,316,end,complete,P5_2#1#value|P5_5#1#value|P5_3#1#value|P5_1#1#value|P5_4#1#value,c0a3a6da6110ad1f,3,1,47,5,7,1,1,5,1,2,5,2,.esos,Nose,Corea,No se,Menos,1,1,1,1,1,3,3,1,3,,,2,2,2,2,En ninguna,3,2,2,3,3,5,99,99,3,3,3,5
995cf540-c7a4-410c-a102-19fcd2ea6430,561556799,1,10-Oct-2023 22:54,10-Oct-2023 23:04,550,end,complete,P5_3#1#value|P5_5#1#value|P5_4#1#value|P5_1#1#value|P5_2#1#value,8c081779f2442406,1,2,63,6,7,7,112,3,98,3,6,1,tirania,racistas,belicos,desorden,trabajadores,1,1,1,1,1,3,3,3,1,4,4,2,2,2,3,al comprar en una tienda china o comida,4,2,1,2,1,1,2,3,4,4,2,4
4b95787b-369d-4ff2-b7b8-3a80f2045942,561557189,1,10-Oct-2023 22:57,10-Oct-2023 23:09,712,end,complete,P5_3#1#value|P5_1#1#value|P5_4#1#value|P5_5#1#value|P5_2#1#value,77b497362d6565f8,3,1,21,2,3,14,334,7,98,3,5,4,Comida china,Sus lindas calles,Lindos paisajes,La torre Eiffel,Sus ciudades llena de gente,1,1,1,1,1,1,4,3,3,,,2,2,2,4,Solo cuando voy a los mall Chino,2,2,1,3,3,4,1,1,2,4,1,4
7f540e37-01b6-4920-839c-ebd6ef385ba2,561557272,1,10-Oct-2023 22:57,10-Oct-2023 23:15,1093,end,complete,P5_2#1#value,df13bc580ba55b05,3,2,51,5,6,1,1,6,98,3,6,1,Chinos,Gringo,Coreanos,Torre aifel,Japonese,999,1,999,999,999,3,3,1,1,3,1,2,1,2,3,Restaurante chino,1,2,1,5,2,2,2,2,3,3,3,5
f70f5fa4-c90e-43c7-96a6-3777de379961,561557611,1,10-Oct-2023 23:00,10-Oct-2023 23:07,398,end,complete,P5_1#1#value|P5_4#1#value|P5_2#1#value|P5_5#1#value,429d661c4c838cb2,3,2,52,5,7,8,174,7,98,3,5,2,Invasión,La mayor potencia,No se,Arco de triunfo,Lugar que quiere ir mi hijo,1,1,999,1,1,1,2,3,1,3,2,1,1,2,3,En los mall,3,2,1,4,3,4,2,2,3,3,3,3
eb7ee4be-c212-499c-9895-b1434dca27da,561557648,1,10-Oct-2023 23:00,10-Oct-2023 23:11,664,end,complete,P5_4#1#value|P5_1#1#value|P5_2#1#value,f5818df6f05c9745,3,2,34,3,5,13,329,6,98,3,5,1,Covid,Guerra,Anime,Ciudad del amor,Ganador juegos olimpicos,1,999,999,1,999,1,4,3,1,5,3,1,1,1,3,Restorante y compañeros de curso de mi hija,1,2,2,4,1,4,1,1,4,5,3,1
7dd7c1d1-1f43-441d-ad48-27673e5c224c,561557708,1,10-Oct-2023 23:00,10-Oct-2023 23:12,668,end,complete,P5_2#1#value|P5_4#1#value|P5_1#1#value|P5_5#1#value|P5_3#1#value,c380150570d853a4,3,1,52,5,5,2,8,6,1,1,2,4,poder,progreso,poder,poder,poder,1,1,1,1,1,3,2,1,1,4,3,2,2,2,4,nada ninguna,3,2,2,5,1,5,2,2,4,3,2,4
a59e15d8-75c4-48fe-9dae-4e6bb083bc52,561558228,1,10-Oct-2023 23:04,10-Oct-2023 23:12,442,end,complete,P5_3#1#value|P5_2#1#value|P5_1#1#value|P5_5#1#value|P5_4#1#value,7dd02dabad352812,1,2,44,4,7,5,49,5,8,2,4,1,Variedad,economía,historia,turismo,Isla,1,1,1,1,1,2,2,2,3,,,2,2,2,2,por el comercio establecido,3,2,1,4,2,3,2,2,3,3,2,3
545da827-4e2d-41a8-bf39-d17cc94cd8e5,561558351,1,10-Oct-2023 23:05,10-Oct-2023 23:16,663,end,complete,P5_4#1#value,3a4b9771099dd69a,3,1,69,7,5,5,46,6,98,4,5,2,Comunismo,Futuro,No se,Vacaciones,Automovil,999,999,999,1,999,2,3,3,1,4,2,2,2,2,2,Solo cuando voy a los mall,3,2,1,3,3,4,2,2,4,4,1,4
fb1c2c74-7140-4eab-95ac-dcb1708b224a,561558724,1,10-Oct-2023 23:08,11-Oct-2023 00:04,3357,end,complete,P5_2#1#value|P5_5#1#value|P5_3#1#value|P5_4#1#value|P5_1#1#value,503d03347699677d,3,1,55,6,5,3,17,5,1,1,7,1,Tecnología,Calidad,Bélico,Moda,Tecnología,1,1,1,1,1,3,1,2,1,3,2,1,1,2,3,Mall chino,2,2,2,5,3,5,1,1,4,3,3,5
7c38deb0-45c1-44bd-a1bf-aceb8a7b0bad,561558984,1,10-Oct-2023 23:10,10-Oct-2023 23:35,1444,end,complete,P5_5#1#value|P5_1#1#value|P5_4#1#value|P5_3#1#value|P5_2#1#value,c00272781048d2c3,3,1,61,6,4,10,228,6,98,4,5,4,Muralla  china,estatua libertad,Tecnologia,Torre Eiffel,Suchi,1,1,1,1,1,2,2,2,3,,,2,2,2,2,en compras en mall chino,2,2,1,2,3,2,2,2,4,4,3,2
898defab-dfd2-4e01-8a56-1eea7a05c7fa,561559040,1,10-Oct-2023 23:11,10-Oct-2023 23:18,400,end,complete,P5_2#1#value|P5_5#1#value|P5_4#1#value|P5_3#1#value|P5_1#1#value,70830cff32005504,3,2,19,2,5,15,343,4,98,2,7,3,Comida,Plata,Grande,Torre,Sushi,1,1,1,1,1,1,4,1,1,4,3,2,1,1,3,Cuando voy a akgun restaurant o mall chino,2,1,2,4,2,3,2,2,2,3,3,3
b550326a-b262-4b79-99b4-f37303cd4149,561559501,1,10-Oct-2023 23:15,10-Oct-2023 23:33,1087,end,complete,P4_1|P5_2#1#value|P5_4#1#value|P5_3#1#value|P5_1#1#value|P5_5#1#value,d7119127592115d0,3,1,61,6,7,5,47,5,98,2,5,1,Comunista creador de materias basiras gran contaminador potencia mundial militar lo peor en tratar a su población una mierda,Gran Potencia industrial y Militar,Division de la peninsula en Dos partes corea del norte comunista y. Corea del sur occidental,Fundador de la comunidad Europea y ademas financista de esta y potencia militar e industrial,Seguda guerra mundial gran pais formado por muchas islas,1,1,1,1,1,1,5,4,3,,,1,2,1,2,Amistad,3,2,1,1,3,1,99,2,3,3,1,1
1425d60e-8671-4351-aac6-ecb728981139,561559670,1,10-Oct-2023 23:16,10-Oct-2023 23:25,502,end,complete,P5_5#1#value|P5_1#1#value|P5_3#1#value|P5_2#1#value|P5_4#1#value,31cf09022721660b,3,1,53,5,8,2,8,3,98,3,5,1,Potencia,Mafia,Inteligencia,Turismo,Vehículos,1,1,1,1,1,1,1,2,3,,,1,1,1,3,Amistad,1,2,1,4,1,1,2,99,3,5,1,5
8ca42722-2094-4220-9455-755720304fae,561559968,1,10-Oct-2023 23:18,10-Oct-2023 23:30,717,end,complete,P5_2#1#value|P5_3#1#value|P5_4#1#value|P5_1#1#value|P5_5#1#value,78501564f10fd86b,2,2,60,6,8,10,232,3,98,3,4,1,Impotaciones,Dónal Trump,Auto,Torre,Automóviles,1,1,1,1,1,1,5,3,1,5,2,1,1,1,1,Restaurante y en el mall Chino,3,2,1,1,3,2,99,1,2,1,2,3
0263afb9-d69d-471f-924d-9593d2e9a665,561560807,1,10-Oct-2023 23:24,10-Oct-2023 23:44,1177,end,complete,P5_5#1#value|P5_2#1#value|P5_4#1#value|P5_3#1#value|P5_1#1#value,01cc27b78a7215cc,1,1,81,7,4,9,204,5,98,1,3,1,Mao,Lincoln,Guerra de Corea,La revolución francesa,Hiroshima y Nagasaki,1,1,1,1,1,3,2,3,3,,,1,2,2,2,Como comprador en tiendas cuyos propietarios son de origen chino,3,2,1,4,2,4,2,3,4,2,3,4
278993ed-196b-4de1-a1f8-d990677942eb,561560809,1,10-Oct-2023 23:24,10-Oct-2023 23:34,602,end,complete,P5_1#1#value|P5_2#1#value|P5_5#1#value|P5_4#1#value|P5_3#1#value,229b477b91bca677,3,1,47,5,8,8,161,4,7,4,8,3,Juguetes,Videos juegos,Comida,Vinos,Electrónica,1,1,1,1,1,1,2,1,1,3,3,1,1,2,3,Por los mall chino,2,2,2,5,1,1,1,1,4,3,3,3
5d0cf949-ffb7-4f7f-a403-39ff44bdfd4d,561560929,1,10-Oct-2023 23:25,10-Oct-2023 23:35,593,end,complete,P5_2#1#value,b72b0580af00a38f,3,1,67,7,7,8,143,5,98,1,10,2,País de tecnología,País desarrollado,Nada,País de perfumes,País tecnología,999,1,999,999,999,1,2,3,1,3,4,2,2,2,2,Ningúna interacción,3,2,2,3,1,4,2,2,4,3,2,4
aab5f753-e392-4d7c-93fe-b40e17b5d7bd,561561386,1,10-Oct-2023 23:29,10-Oct-2023 23:40,703,end,complete,P4_3|P5_4#1#value|P5_3#1#value|P5_1#1#value|P5_5#1#value|P5_2#1#value,264c1cc5ca72888b,1,2,33,3,8,5,64,5,8,3,4,1,kung fu,capitalismo,Bts,u la la,anime,1,1,1,1,1,1,3,4,3,,,2,2,2,2,cuando voy al mall chino.,2,1,1,4,3,4,3,99,4,4,2,2
09b2f133-f3db-4080-9f19-8d33eb4096c9,561561614,1,10-Oct-2023 23:30,10-Oct-2023 23:38,456,end,complete,P5_2#1#value|P5_5#1#value|P5_3#1#value,671b1caa43ab2c12,1,1,46,5,5,8,142,4,1,2,7,3,mala calidad,potencia mundial,buena calidad,no se,excelente,999,1,1,999,1,3,4,4,2,2,2,1,1,2,4,ningun contexto,3,2,2,4,2,4,2,1,2,3,1,2
192b90ee-d9cf-4fe8-8242-b8d860260857,561564015,1,10-Oct-2023 23:49,11-Oct-2023 00:01,738,end,complete,P5_2#1#value|P5_3#1#value,241717c05f02a301,3,1,24,2,5,16,180,5,98,3,5,4,Proveedor,Entrometido,Desarrollo,Racismo,Novedad,999,1,1,999,999,1,2,3,1,3,3,1,2,2,3,Cuando voy a Mall Chino,3,2,1,5,1,1,2,99,4,5,1,1
21fee9ab-1c6d-4bde-8608-d72b1eb7c477,561564984,1,10-Oct-2023 23:58,11-Oct-2023 00:09,673,end,complete,P5_4#1#value|P5_3#1#value|P5_2#1#value|P5_5#1#value|P5_1#1#value,a714ac685b2961d6,3,2,26,3,8,8,143,6,8,3,5,1,Productos,Ingles,Kpop,Pan,Anime,1,1,1,1,1,1,2,3,1,1,2,2,2,1,3,"Tuve una profesora de universidad que su padre era chino, su apellido era Wong",5,2,1,4,2,2,3,3,4,3,2,3
d94bc0b6-f99d-4ca1-a39a-45a581aef4bd,561565144,1,11-Oct-2023 00:00,11-Oct-2023 00:11,697,end,complete,P5_5#1#value|P5_2#1#value|P5_1#1#value|P5_4#1#value,36ab119664739f12,1,1,47,5,5,4,26,6,6,1,5,4,guerra,guerras,tecnologia,turismo,tecnologia,1,1,999,1,1,1,4,1,3,,,1,1,2,3,"en el trabajo, a veces atiendo personas extranjeras",2,2,1,4,1,5,2,1,2,3,3,5
b179a0ef-1e42-4b54-8260-5f0031155d96,561565329,1,11-Oct-2023 00:02,11-Oct-2023 00:08,382,end,complete,P5_5#1#value|P5_3#1#value|P5_4#1#value|P5_1#1#value|P5_2#1#value,66ad7f42b11bc7cc,1,1,46,5,4,10,228,7,98,3,5,1,comunismo,globalismo,kpop,derecha,sushi,1,1,1,1,1,1,2,3,1,3,2,2,2,2,4,compras en aliexpress,2,2,2,4,2,3,1,3,1,4,1,3
51d289dd-bd68-485e-8c5e-acd8e8d7fcd6,561565552,1,11-Oct-2023 00:04,11-Oct-2023 00:15,665,end,complete,P5_1#1#value|P5_4#1#value|P5_2#1#value|P5_5#1#value,b8f80787a6203d47,3,2,30,3,5,10,238,5,98,3,7,2,Virus,Potencia mundial,No se,No se bañan,Sushi,1,1,999,1,1,1,4,3,1,5,3,1,2,2,3,Cuando voy a los mall chinos,4,2,1,3,3,4,2,1,2,2,2,3
6c08fcff-6352-49e9-9b41-1071e7563e30,561565794,1,11-Oct-2023 00:06,11-Oct-2023 00:14,451,end,complete,P5_1#1#value,51299a83b1ac1d54,3,1,23,2,5,14,331,7,9,3,5,2,Comercio,Potencia mundial,Proveedor,Pais,Autos,1,999,999,999,999,1,3,3,1,3,2,2,2,2,2,Mall chinos,3,2,1,3,3,3,2,3,3,3,1,2
40b1fda1-4423-4a8e-8175-df824000cdf8,561566113,1,11-Oct-2023 00:09,11-Oct-2023 00:16,378,end,complete,P5_3#1#value|P5_2#1#value|P5_5#1#value|P5_1#1#value|P5_4#1#value,12585bb82fc810a2,1,1,34,3,9,5,60,2,2,1,5,1,mao,imperialismo,kpop,liberte,samurai,1,1,1,1,1,1,2,1,3,,,1,1,1,3,Cursos de idioma chino y en tiendas comerciales de origen chino,2,2,1,4,1,1,3,3,3,4,2,1
415e531f-a3c3-40f3-bcd8-bc87d7f6abec,561566282,1,11-Oct-2023 00:11,11-Oct-2023 00:19,477,end,complete,P5_3#1#value|P5_2#1#value|P5_1#1#value|P5_5#1#value,153b83070250f19c,3,2,23,2,9,5,49,5,8,3,2,1,Variedad,Capitalismo,Estética,Gastronomía,Cultura,1,1,1,999,1,1,2,3,2,3,2,2,2,2,3,Mall chino y gastronomía,2,2,1,3,2,2,3,99,3,5,1,3
33a2e7ed-517a-4284-b22e-79d5a3e1eab5,561566731,1,11-Oct-2023 00:15,11-Oct-2023 00:33,1083,end,complete,P5_4#1#value,7458a7005d8f1046,1,1,64,6,7,1,7,5,98,4,1,1,pekin,washington,seúl,paris,tokyo,999,999,999,1,999,3,5,3,1,3,3,2,2,2,4,comercial,3,2,2,3,1,1,99,99,4,3,1,3
1bdb84c3-44c0-4764-bee0-bcb2731796b8,561567151,1,11-Oct-2023 00:19,11-Oct-2023 00:26,418,end,complete,P5_1#1#value|P5_5#1#value|P5_2#1#value,7f790a4ca81f0914,3,1,46,5,5,1,2,5,98,4,5,4,Tecnologia,Nba,K pop,Torre eifel,Sushi,1,1,999,999,1,1,3,3,3,,,1,1,1,2,Amigos. Jefes,1,1,1,4,1,1,2,3,4,4,3,5
c1c139d9-e038-461b-9497-db0fccefdc8d,561567163,1,11-Oct-2023 00:19,11-Oct-2023 00:29,557,end,complete,P5_1#1#value|P5_5#1#value|P5_2#1#value|P5_3#1#value|P5_4#1#value,ac7608fa6f8488c3,3,1,67,7,8,6,79,1,1,2,9,2,Invasor comercial,Líder en decadencia,Abastecedor de vehículos a Chile,País líder en turismo,Socio estratégico en tecnología,1,1,1,1,1,1,4,2,1,5,1,2,2,2,4,Ninguna,4,2,1,2,3,2,3,2,2,2,3,3
9038d54f-2e07-466a-910d-9b2085a70e3f,561567229,1,11-Oct-2023 00:20,11-Oct-2023 00:29,537,end,complete,P5_4#1#value|P5_5#1#value|P5_2#1#value|P5_1#1#value|P5_3#1#value,4016fcf3f9099b58,3,1,39,4,3,7,112,5,4,4,5,3,Tecnología,Crecimiento,Guerra,Glamur,Crecimiento,1,1,1,1,1,1,4,3,1,3,2,1,2,1,2,Amistades,2,2,1,5,2,2,1,1,2,3,2,3
ab1138b9-b023-4757-bf1f-476274f2c9db,561567364,1,11-Oct-2023 00:21,11-Oct-2023 00:37,941,end,complete,P5_1#1#value|P5_2#1#value|P5_3#1#value|P5_5#1#value|P5_4#1#value,75c17fbdc7802bb0,1,1,72,7,5,6,102,5,8,1,3,1,comercio,colonial,autos,turismo,tecnologia,1,1,1,1,1,2,2,3,1,3,1,2,2,2,1,Cuando hago algunas compras  de sus articulos,2,1,1,5,1,2,3,99,1,5,2,5
6b97a8b5-725e-487a-8c27-6c2e924f4ff7,561567781,1,11-Oct-2023 00:25,11-Oct-2023 00:36,692,end,complete,P5_3#1#value|P5_5#1#value|P5_4#1#value|P5_1#1#value|P5_2#1#value,772b108d6bc6b140,3,1,60,6,4,10,247,7,98,3,5,1,Pais inteligente,Me gustaria conocet,Pais armamentista,Una opcion para visitar,Me gusta su cultura,1,1,1,1,1,1,3,3,3,,,1,1,1,2,Ninguna los veo cuando paso fuera de los mall chino,2,2,2,4,3,4,1,3,1,4,1,4
f3f8d151-55f5-489c-9f88-adde006e89b6,561568095,1,11-Oct-2023 00:28,11-Oct-2023 00:38,611,end,complete,P5_5#1#value|P5_2#1#value|P5_1#1#value,18b49bf9064c80f3,3,2,67,7,8,10,247,4,98,3,2,1,Exportador, Nueva York,nada,Paris,Exportador,1,1,999,999,1,1,3,3,3,,,1,1,2,3,Solo para comprar,5,2,1,2,1,1,99,99,4,4,3,2
54949888-6b97-45c7-b23a-e9d43d97ccd3,561568361,1,11-Oct-2023 00:31,11-Oct-2023 00:38,413,end,complete,P5_2#1#value|P5_5#1#value|P5_1#1#value|P5_3#1#value|P5_4#1#value,5fd7223f95508644,3,1,65,7,6,8,151,5,98,2,5,1,Comercio,Modernidad,Personas,Torre Eiffel,Sismos,1,1,1,1,1,1,2,3,3,,,2,2,2,2,Comercio,3,2,1,4,2,2,3,2,2,2,3,4
e8aa9b13-f0de-4505-a03e-8e42ff7ab57d,561568393,1,11-Oct-2023 00:31,12-Oct-2023 08:23,114715,end,complete,P5_1#1#value|P5_4#1#value|P5_5#1#value|P5_3#1#value|P5_2#1#value,61261823c6c1f112,1,1,21,2,7,3,17,7,1,3,7,1,ojos,sexo,sexo,sexo,anime,1,1,1,1,1,1,5,1,1,5,1,1,1,1,1,adsadasdasdas,1,1,1,5,2,5,1,1,1,5,1,5
ae011bfe-3994-44af-91d2-5bbe6fc63af7,561568428,1,11-Oct-2023 00:31,11-Oct-2023 00:44,733,end,complete,P5_2#1#value|P5_3#1#value|P5_4#1#value|P5_5#1#value|P5_1#1#value,5ffb09781ab046a7,3,2,43,4,5,7,121,6,3,3,5,1,Naves espaciales,Trabajo,Petróleos,Dolar,Autos,1,1,1,1,1,1,5,3,1,5,4,1,2,1,4,Tengo familiares que son ascendente china,1,2,1,4,3,5,1,1,1,3,1,5
3a0baeb6-48e2-4dcc-8725-a41e41c80037,561568630,2,11-Oct-2023 00:33,11-Oct-2023 01:23,947,end,complete,P5_1#1#value|P5_5#1#value|P5_2#1#value|P5_3#1#value|P5_4#1#value,97088a2d0f77dd6d,3,1,62,6,8,14,331,2,8,1,1,1,Muchos,País muy malo,País desarrollado,País hediondo,Desarrolló,1,1,1,1,1,1,2,1,1,4,3,2,1,2,2,Tiendas chinas,3,1,1,4,2,3,1,3,4,4,1,3
406f27e7-b2d3-4a4e-bbb8-8b137c9432ea,561569310,1,11-Oct-2023 00:41,11-Oct-2023 00:49,498,end,complete,P5_1#1#value|P5_5#1#value|P5_4#1#value|P5_2#1#value|P5_3#1#value,18cb67302f0f97ca,3,1,63,6,7,13,311,3,8,3,5,4,Comercio,Monopolio,Ambicion,Idealistas,Manufactura,1,1,1,1,1,1,2,3,1,2,2,1,1,1,1,Alumnos estudiantes,2,2,1,4,2,2,3,99,3,4,2,3
61864f99-7efd-4214-8d03-3d50c4626b42,561569465,1,11-Oct-2023 00:43,11-Oct-2023 00:57,867,end,complete,P5_4#1#value,805b38f57d82c7f3,2,2,18,2,8,8,151,7,98,1,2,3,China,Capitalismo,Kim yong un,Croissant,Hiroshima,999,999,999,1,999,1,4,3,3,,,1,2,2,3,En el comercio,2,1,1,3,3,4,3,3,2,4,1,3
26cabf30-0f9d-49a9-b635-5b3dee0e1c89,561569570,1,11-Oct-2023 00:44,11-Oct-2023 00:53,557,end,complete,P5_2#1#value|P5_4#1#value|P5_5#1#value|P5_3#1#value|P5_1#1#value,717798621d619623,3,1,55,6,8,6,102,4,3,3,5,1,Tecnología,Racismo,Fuerza,Turismo,Caludad,1,1,1,1,1,1,1,4,2,3,3,1,1,2,1,Comercial,2,2,1,5,1,1,2,3,4,3,1,1
2fa5373d-f246-45c0-b6a9-6dee6ee567b3,561569746,1,11-Oct-2023 00:46,11-Oct-2023 01:02,996,end,complete,P5_3#1#value|P5_4#1#value|P5_2#1#value|P5_5#1#value|P5_1#1#value,058ad3ad573d6b19,3,2,28,3,6,9,197,6,3,1,6,3,Inventos,Potencia,Mucha gente,Vacaciones,Soledad,1,1,1,1,1,2,2,3,2,4,3,1,1,2,3,Cuando voy a las tiendas a comprar,2,2,2,4,1,2,2,2,3,3,3,4
d92633ac-8d56-4663-a7c7-b6b907480912,561569820,1,11-Oct-2023 00:46,11-Oct-2023 01:00,838,end,complete,P5_4#1#value|P5_3#1#value|P5_1#1#value|P5_5#1#value|P5_2#1#value,540d65484cf53346,3,2,55,6,7,16,175,3,98,3,5,1,Covid,País líder,Kim Joung Un,Ciudad luz,País asiático,1,1,1,1,1,1,3,2,3,,,2,1,1,3,En el ámbito gastronómico,2,2,1,2,3,2,3,3,4,3,2,2
97ce0f3b-79cc-4e22-ac4a-1a4dffb6909d,561569917,1,11-Oct-2023 00:47,11-Oct-2023 00:55,468,end,complete,P5_2#1#value,6a6828b872a79d0b,1,1,38,4,9,5,49,4,98,4,7,4,interesante,interesante,nada,muy bonito,deseos de conocer,999,1,999,999,999,3,2,3,1,1,2,1,2,2,4,en los mall chinos,3,2,2,4,2,2,2,2,4,2,3,4
3f491f28-7497-4ebc-9376-99743c0e0ea3,561570058,1,11-Oct-2023 00:49,11-Oct-2023 00:55,384,end,complete,P5_2#1#value,a29f07f8842aaf47,3,2,28,3,6,5,47,6,98,3,5,4,Maquillaje,Vida,Skincare,Belleza,Lineas,999,1,999,999,999,3,1,4,1,5,3,1,1,2,4,En el mall,2,2,1,3,2,4,2,1,2,2,2,2
377e9ae9-6602-4746-bebf-be5caab66127,561570084,1,11-Oct-2023 00:49,11-Oct-2023 01:00,643,end,complete,P5_1#1#value|P5_5#1#value|P5_4#1#value|P5_3#1#value|P5_2#1#value,3f13915093002a91,3,2,67,7,8,4,26,2,98,3,1,1,Misterio,Imperialismo,Isla,Torre,Imperio,1,1,1,1,1,3,1,3,1,3,1,1,1,1,2,Colega profesora,1,2,1,5,3,5,1,3,4,5,2,5
3f24f014-d4f5-4158-afc3-a35d7f2e22ac,561571851,1,11-Oct-2023 01:09,11-Oct-2023 01:26,1039,end,complete,P5_2#1#value|P5_4#1#value|P5_1#1#value,93c70bc589fdc075,3,2,64,6,3,2,8,7,98,4,8,4,Hay trabajo,Ahora va en picada en lo económoco,Una gran economía,País hermoso,Son muy inteligentes,1,1,999,1,999,1,2,4,3,,,1,2,1,3,"De restaurantes , tiendas mayoristas etc.",1,2,1,4,2,5,1,99,3,5,3,5
88137747-9300-479c-a7d3-734a288d7a82,561571858,1,11-Oct-2023 01:09,11-Oct-2023 01:15,380,end,complete,P5_1#1#value|P5_5#1#value|P5_2#1#value,b01f79dddc7781c2,1,2,34,3,7,1,1,6,98,3,5,2,Comercio,Potencia,Sushi,Queso,Pelea,1,1,999,999,1,3,3,3,3,,,2,1,1,4,"Conocidos, familiares, y gente d eocmecio",2,1,2,5,1,4,2,3,4,3,3,4
2578adb1-776d-4249-84b0-c297999452b5,561572303,1,11-Oct-2023 01:14,11-Oct-2023 01:27,746,end,complete,P5_4#1#value|P5_5#1#value|P5_2#1#value|P5_1#1#value,71bbb7bad7133700,1,2,59,6,5,5,48,6,98,3,5,3,Importante,Un país poderoso,Muy especial,Turismo,Importante,1,1,999,1,1,1,2,3,2,4,2,1,2,2,1,No tengo ningún contacto,2,2,1,3,1,1,2,3,3,4,1,1
39ffc39d-498d-4fb3-a06d-0b0df9b336c4,561572445,1,11-Oct-2023 01:16,11-Oct-2023 01:31,915,end,complete,P5_5#1#value,c239bc6cbf3324b4,3,1,58,6,5,8,143,5,98,1,10,4,Copia,Invasores,Copia,Perfumes,Buen producto,999,999,999,999,1,1,5,2,1,3,3,1,1,1,4,Prefiero no contestar,3,2,1,3,3,3,2,2,4,3,1,2
5e45083a-7384-4c45-9632-40d813244be8,561572495,1,11-Oct-2023 01:17,11-Oct-2023 01:23,372,end,complete,P5_2#1#value|P5_5#1#value|P5_3#1#value|P5_1#1#value|P5_4#1#value,23a4cfcad824587a,3,1,25,3,8,14,331,1,98,3,5,1,Estrellas,Guerra,Tecnologia,Perfume,Su bandera,1,1,1,1,1,1,2,3,3,,,2,2,1,2,Un amigo de un tío,1,2,2,4,2,2,2,3,4,4,2,2
2585a40e-1e57-42ac-acfd-292b09d48029,561572811,1,11-Oct-2023 01:21,11-Oct-2023 01:30,596,end,complete,P5_3#1#value|P5_1#1#value|P5_2#1#value|P5_4#1#value|P5_5#1#value,14fc984f65b1780b,3,1,46,5,5,16,190,7,98,3,1,1,Productos baratos,Traicion,Doramas,Torre eifel,Tokio,1,1,1,1,1,3,1,3,1,3,2,1,1,1,4,Como amigos y proveedor,1,1,1,5,3,4,2,99,4,5,3,5
01f2fb5a-f2da-493b-9b9b-adb8e0184ee6,561573461,1,11-Oct-2023 01:29,11-Oct-2023 01:42,784,end,complete,P5_2#1#value|P5_1#1#value|P5_3#1#value|P5_4#1#value|P5_5#1#value,1bfd45fd3d17850c,3,1,30,3,5,3,18,6,9,3,5,1,Bejim,Miami,Cotea,Paris,Honkon,1,1,1,1,1,1,1,3,1,3,2,1,1,1,2,Chateando,2,2,2,5,3,3,2,1,3,4,3,4
fd3b9ea3-c91b-487f-aa9e-6dc576e3bd52,561573465,1,11-Oct-2023 01:28,11-Oct-2023 01:46,1120,end,complete,P5_2#1#value|P5_5#1#value|P5_1#1#value|P5_3#1#value|P5_4#1#value,ad1138477749b9b7,1,1,65,7,5,15,343,6,98,1,5,2,comunista,libre,libre y trabajador,libre,libre y limpio,1,1,1,1,1,1,4,1,3,,,2,2,1,2,"dueños de almacenes,",1,2,2,2,2,2,3,3,3,3,1,2
7d4266a2-28b1-4f7f-854a-49b04cb60443,561573469,1,11-Oct-2023 01:28,11-Oct-2023 01:32,273,end,complete,P5_5#1#value|P5_2#1#value|P5_3#1#value|P5_4#1#value|P5_1#1#value,f9c94690bad9317c,3,2,29,3,5,4,26,5,4,3,5,4,Machismo,Potencial para el trabajo,Exigencia,Potencial para el trabajo,Estrictos,1,1,1,1,1,1,2,3,1,5,1,1,1,2,2,Al momento de realizar compras,1,1,1,5,1,5,1,1,2,5,2,5
042e7162-85d4-4c73-8fc1-272b60e21ffa,561573860,1,11-Oct-2023 01:33,11-Oct-2023 01:39,383,end,complete,P5_5#1#value|P5_2#1#value|P5_1#1#value|P5_4#1#value,fd1131b520a665cd,3,2,31,3,8,13,311,4,98,3,4,1,Ventas,Capitalismo,Turismo,Revolución,Anime,1,1,999,1,1,1,3,3,3,,,1,1,1,3,"En los restorantes chinos o mall chinos, en mi barrio hay residentes chinos que han vivido acá por décadas, su hijos van a los colegios cercanos",2,2,1,4,1,3,2,3,4,4,2,3
70a8b52a-cdbb-411c-b5b7-e9b4ca879ec2,561574003,2,11-Oct-2023 01:34,11-Oct-2023 01:53,1036,end,complete,P5_5#1#value|P5_2#1#value|P5_4#1#value|P5_3#1#value|P5_1#1#value,5066f7c0411031f6,3,1,48,5,5,8,172,6,98,1,5,2,Comunismo,Trump,Guerra,Nose,Tecnologia,1,1,1,1,1,1,2,1,1,3,3,2,2,2,2,Comercio,2,1,1,5,3,1,3,3,4,4,1,1
d722f405-d876-48a0-8144-caabc8fbc724,561574151,3,11-Oct-2023 01:36,11-Oct-2023 02:03,1589,end,complete,P5_2#1#value|P5_5#1#value|P5_3#1#value|P5_4#1#value|P5_1#1#value,5df0370995f314b0,3,2,70,7,7,2,8,4,98,3,5,2,Industrialización,Sueño americano,Tecnología,Museoa,Industria automotriz,1,1,1,1,1,1,2,2,1,3,1,2,2,1,4,Amistades de colegio y universidad.,2,2,1,4,2,4,3,2,4,5,2,2
f95b0ded-7e3d-48ec-9c0f-404a24510a4a,561575828,1,11-Oct-2023 01:58,11-Oct-2023 02:29,1853,end,complete,P5_1#1#value|P5_5#1#value|P5_2#1#value|P5_3#1#value|P5_4#1#value,94f66d6bb493105a,1,1,63,6,8,3,17,1,98,2,9,2,Dragon con hambre,Dollar,En Guardia,queso y vino,Orden,1,1,1,1,1,3,4,2,1,3,3,1,1,1,1,"Un representante de negocios de China para Latam al cual asesoraba en el mercado del hierro, y comerciantes chinos de mi ciudad con las que tengo una cordial y distante relación de cliente de sus negocios (restaurantes, Mall, etc)",1,2,2,4,2,4,3,3,4,2,2,4
5b113139-4fc4-4452-abdb-7eb324a3d4d2,561575840,1,11-Oct-2023 01:58,11-Oct-2023 02:15,966,end,complete,P5_5#1#value|P5_1#1#value|P5_3#1#value|P5_4#1#value|P5_2#1#value,6f28dbfb5ba806a2,3,1,75,7,5,7,116,4,98,2,4,1,Millones de chinos.,Guerras,Autos,Colonialismo.,Hiroshima,1,1,1,1,1,2,2,2,1,3,3,2,1,2,1,"En actividad comercial, como comprador.",3,2,1,4,1,4,2,99,4,4,3,3
8f1afd12-5081-4bf0-9eb7-432a2ca176c6,561576481,1,11-Oct-2023 02:07,11-Oct-2023 02:27,1190,end,complete,P5_1#1#value|P5_4#1#value|P5_5#1#value|P5_2#1#value,1afc2b3002f281cf,3,2,66,7,8,10,247,3,98,2,10,2,Su gran poblacion,Las Torres gemelas,Tradiciones,La Torre Eifel,Cultura,1,1,999,1,1,1,4,2,1,3,1,1,1,2,1,En los mall chino,1,2,2,3,2,1,3,2,4,3,2,2
72fc5878-360a-4498-a2e3-24481a0dd340,561576858,2,11-Oct-2023 02:12,11-Oct-2023 02:54,2480,end,complete,P5_1#1#value|P5_5#1#value|P5_4#1#value|P5_3#1#value|P5_2#1#value,00262c4d54666601,1,1,72,7,7,4,27,5,98,4,6,2,Venta productos más económicos,País más próspero de América,Importante por fabricas vehículos y repuestos de exelente calidad.,Europa,Vehículos Toyota,1,1,1,1,1,2,2,3,1,3,1,1,1,1,3,"Solo comercial, me gusta la comida China",2,1,1,4,3,3,3,2,4,4,3,4
c11e4eb6-8be7-4213-9823-cceb048173a5,561577256,1,11-Oct-2023 02:17,11-Oct-2023 02:21,232,end,complete,P5_3#1#value|P5_2#1#value|P5_4#1#value,1dd852b9c38d36cb,3,1,28,3,7,1,1,5,98,3,6,1,Comercio,Comida,Doramas,Torre eifel,Anime,999,1,1,1,999,2,3,3,1,3,3,2,2,1,4,Compras,3,2,1,3,3,3,3,2,3,3,3,3
8a2f0e0a-8c7b-4d86-a6fa-e08becb00f7a,561577491,1,11-Oct-2023 02:20,11-Oct-2023 02:30,602,end,complete,P5_2#1#value|P5_3#1#value|P5_5#1#value|P5_1#1#value|P5_4#1#value,2363a3fb87a11dd2,1,1,68,7,5,5,64,6,98,3,5,2,vendedor,Potencia Mundial,una joya,invadida,cultura,1,1,1,1,1,3,5,4,1,5,3,2,2,2,3,En ninguno,3,2,1,2,3,4,99,1,4,3,3,2
69abf883-ebe1-4c2e-b153-340d6ef73645,561577610,1,11-Oct-2023 02:22,11-Oct-2023 02:33,664,end,complete,P5_4#1#value|P5_5#1#value|P5_1#1#value|P5_3#1#value|P5_2#1#value,464c3c5cd945225b,3,1,47,5,6,3,17,6,1,1,5,1,Tecnologia,Invasores,Industrias,Vinos,Sobrepoblamiento,1,1,1,1,1,1,2,1,1,4,4,1,1,1,1,Club deportivo de futbol,1,2,1,5,1,2,3,3,3,2,1,2
b48e96b7-d853-4b1b-b7b8-a793fc3c3918,561577676,1,11-Oct-2023 02:23,11-Oct-2023 02:39,973,end,complete,P5_2#1#value,66050418d50d6f3b,1,1,53,5,5,16,180,5,98,1,6,2,potencia,potencia,potencia,potencia,potencia,999,1,999,999,999,1,4,1,1,3,1,1,1,2,4,solo cuando voy hacer consumo a sus respectivos locales,1,2,1,4,2,3,99,99,4,2,2,2
0bff4a03-6389-4dfa-8ed5-e903ad2d5cf3,561577888,1,11-Oct-2023 02:26,11-Oct-2023 02:37,688,end,complete,P5_4#1#value|P5_3#1#value|P5_5#1#value|P5_1#1#value|P5_2#1#value,c700a88928045ac2,1,1,37,4,8,6,111,4,9,2,8,2,Materiales,Influencia Economica,Aliado EE. UU,Aliado Chile,Asia,1,1,1,1,1,1,4,3,1,4,2,2,2,1,4,muy poca,3,2,2,4,2,3,2,2,4,4,1,3
c53a9290-8304-4515-ab79-04d39de2cb9e,561578077,1,11-Oct-2023 02:28,11-Oct-2023 02:39,673,end,complete,P5_1#1#value|P5_4#1#value|P5_2#1#value|P5_3#1#value|P5_5#1#value,bfd00cf8948d6212,1,1,18,2,5,10,247,7,98,3,5,3,tecnología,tecnología,k-pop,futbol,anime,1,1,1,1,1,1,3,1,1,5,3,2,2,2,2,cuando voya comprar al mall chino,2,2,2,3,2,2,3,3,2,3,2,3
b6f06976-ec84-412e-81e0-8f99a98cf9e2,561578217,3,11-Oct-2023 02:30,11-Oct-2023 02:44,534,end,complete,P5_2#1#value|P5_3#1#value|P5_1#1#value|P5_4#1#value|P5_5#1#value,0da24ab49b4b436a,1,2,24,2,7,8,142,4,98,3,2,1,Fábricas,Capitalismo,Kpop,Revolución francesa,Samsung,1,1,1,1,1,1,3,3,3,,,2,2,2,4,Cuando acudo a realizar compras a algún local de chinos,3,2,1,3,1,2,3,3,4,2,3,3
6bf7e3ce-424d-48a6-83f0-688668112a5d,561578345,1,11-Oct-2023 02:32,11-Oct-2023 02:58,1572,end,complete,P5_5#1#value|P5_4#1#value|P5_1#1#value|P5_3#1#value|P5_2#1#value,fc645c4919ad6a53,3,1,75,7,9,1,1,2,8,1,3,1,Producción,Diversidad,Trabajo,Perfumes,Iniciativa,1,1,1,1,1,2,2,1,1,2,2,1,2,1,3,"Mall, restaurante",3,2,1,4,3,2,3,99,3,2,1,2
b01e2208-322c-40ca-afdd-38e9612e1845,561578693,1,11-Oct-2023 02:36,11-Oct-2023 02:44,511,end,complete,P5_4#1#value|P5_1#1#value|P5_3#1#value|P5_2#1#value|P5_5#1#value,591d4a0b47ca9316,3,1,68,7,8,8,161,3,8,4,4,1,Complicación,Intromisión,Invasores,Alegría,Inteligencia,1,1,1,1,1,3,4,4,1,2,1,1,2,2,2,En ningún contexto actualmente,3,2,1,3,1,2,3,3,3,2,1,2
96214e31-3fd9-4ce2-a79c-692e4999b7e4,561579292,1,11-Oct-2023 02:43,11-Oct-2023 02:57,862,end,complete,P5_2#1#value|P5_1#1#value|P5_4#1#value|P5_3#1#value|P5_5#1#value,f45c870c9bb1392f,2,1,20,2,5,6,79,5,98,3,4,1,Mala calidad,Capitalismo,K-pop,Moda,Anime,1,1,1,1,1,1,2,3,3,,,2,1,1,2,En la Universidad donde estudio,2,2,1,4,3,4,1,2,4,4,2,3
b67f802f-a647-4b3c-ab02-70c546ee2822,561580138,1,11-Oct-2023 02:54,11-Oct-2023 03:00,327,end,complete,P5_5#1#value|P5_2#1#value|P5_3#1#value|P5_1#1#value|P5_4#1#value,3243dfd31cba0258,3,1,34,3,7,2,8,4,98,3,5,3,Covid,Intruso,Tecnología,Champagne,Disciplina,1,1,1,1,1,1,3,1,3,,,2,2,1,2,Cuando voy a comprar algo .,5,2,1,3,1,1,99,99,3,3,3,3
631e60af-d8de-41b7-ae4e-4a6512a9c18e,561580975,1,11-Oct-2023 03:07,11-Oct-2023 03:28,1275,end,complete,P5_2#1#value|P5_3#1#value|P5_5#1#value|P5_1#1#value|P5_4#1#value,7db7a6c786650299,3,2,65,7,5,5,64,6,98,1,4,1,Muchos habitantes. Mano de obra barata,Quiere tener el control de países con riqueza,País con buen progreso,País en conflicto,Buen país organizado. .limpio cuida la naturaleza,1,1,1,1,1,1,4,4,1,2,3,1,1,2,2,En los mall chinos y retoran chinos,3,1,2,4,2,2,2,3,3,4,3,4
56fcd50d-399a-4090-abce-dced8f0586d4,561581125,1,11-Oct-2023 03:09,11-Oct-2023 03:18,562,end,complete,P5_2#1#value|P5_1#1#value,fd90f557d97a96b6,3,2,20,2,6,10,247,6,3,3,5,2,Comida exótica,Ingles,Idioma,Aprender el idioma,Idioma,1,1,999,999,999,3,3,3,1,4,3,1,1,2,4,No tengo contacto,3,2,1,3,1,4,2,2,4,3,1,4
caa596f0-0065-414c-a5c7-9d96aa2df985,561581456,1,11-Oct-2023 03:15,11-Oct-2023 03:28,797,end,complete,P5_1#1#value|P5_5#1#value|P5_2#1#value|P5_4#1#value|P5_3#1#value,63ba35f9944758f8,3,2,51,5,4,9,196,6,98,3,9,2,Manufactura,Miami,Nose,Paris,Anime,1,1,1,1,1,3,3,3,3,,,1,2,2,1,Ninguna,3,2,1,3,2,3,99,99,4,3,2,3
6fc89c7e-db38-4689-b7e1-84222956d81e,561582029,1,11-Oct-2023 03:27,11-Oct-2023 03:40,778,end,complete,P5_1#1#value,8b885a7db4b57061,3,2,61,6,5,9,196,5,98,4,4,4,Muralla china,San francisco,Selva,Torre eifel,Kimono,1,999,999,999,999,1,4,4,1,4,2,2,2,2,1,Comprando en sus tiendas,3,2,1,3,3,3,3,99,3,3,1,3
9e39a381-1336-4315-bd29-e66a44fd60a5,561582739,1,11-Oct-2023 03:41,11-Oct-2023 03:53,686,end,complete,P5_2#1#value|P5_5#1#value|P5_4#1#value|P5_1#1#value|P5_3#1#value,68043b24576860c4,3,1,29,3,3,7,120,6,2,3,10,3,Desarrollo,Livertad,Opresor,Trabajo,Lujo y tendencia,1,1,1,1,1,1,5,3,2,4,3,2,2,1,1,En locales y molle chinos solamente,3,2,1,5,3,5,2,2,4,3,3,5
246c69e0-3b2c-4a65-9829-c59e86661afb,561582766,1,11-Oct-2023 03:42,11-Oct-2023 03:49,415,end,complete,P5_1#1#value|P5_3#1#value|P5_4#1#value|P5_5#1#value|P5_2#1#value,092823c546cb91ad,3,1,44,4,5,6,79,6,1,2,5,4,Autos,Potencia,Gran país,Torre infel,Tecnología,1,1,1,1,1,3,3,2,1,5,2,1,1,2,1,Solo comida,4,2,2,4,1,3,2,3,3,3,2,3
08179221-64ca-4de8-8168-6f2fdc8dbafc,561583866,1,11-Oct-2023 04:03,11-Oct-2023 04:13,621,end,complete,P4_3|P5_2#1#value|P5_5#1#value|P5_1#1#value|P5_4#1#value|P5_3#1#value,4b5402dc35c61b38,1,1,67,7,8,6,79,3,98,3,4,1,MANUFACTURA BARATA,COWBOY,TV,COGNAC,AUTOMOVIL,1,1,1,1,1,1,3,3,1,3,3,2,1,2,2,EN LOS RESTAURANTES CHINOS,2,2,1,3,2,3,3,3,4,3,1,2
837efa00-9635-4559-8611-53cc9e5d0ec7,561585652,5,11-Oct-2023 04:34,11-Oct-2023 11:29,696,end,complete,P5_1#1#value|P5_5#1#value|P5_3#1#value|P5_2#1#value|P5_4#1#value,2752c46d6537fb39,3,1,65,7,7,2,8,3,98,3,9,2,Potrencia,Riqueza,Tecnología,Nada,Calidad,1,1,1,1,1,3,5,3,1,1,3,2,1,1,3,Tengo amistad con un descendiente Chino,3,2,1,3,2,1,99,3,2,2,1,3
22a216fa-5f1c-40ab-bdf1-a3f578dc1e36,561585764,1,11-Oct-2023 04:37,11-Oct-2023 04:46,515,end,complete,P5_3#1#value,ca455a8d744620a5,3,1,45,5,3,14,331,6,98,1,5,1,No se,No se,No se,No se,No se,999,999,1,999,999,1,3,1,1,3,4,1,2,2,2,Con ningúno,3,2,1,3,3,3,99,99,3,3,3,3
7f3de090-5d19-4324-978c-b427f5918ab5,561586310,1,11-Oct-2023 04:49,11-Oct-2023 04:58,572,end,complete,P5_5#1#value|P5_3#1#value|P5_2#1#value|P5_4#1#value|P5_1#1#value,90ad41c07a508c50,3,2,65,7,5,10,228,5,98,2,10,2,Mucha inversión,Tecnología y buena vida,Horror,Muy de izquierda,Desarrollo y tecnología,1,1,1,1,1,1,3,4,1,3,2,2,2,2,3,Solo cuando visito los mall chino,2,2,1,3,1,1,3,2,2,2,2,3
41eee3d9-afa1-405e-8679-2e919de3a4fe,561588235,1,11-Oct-2023 05:17,11-Oct-2023 05:29,722,end,complete,P5_2#1#value|P5_1#1#value|P5_4#1#value|P5_5#1#value,027b18d17c0c1bdb,3,1,21,2,7,5,41,1,98,3,4,1,Muralla china,Petróleo,K-pop,Pan,Samurai,1,1,999,1,1,1,2,3,3,,,2,2,1,4,Cuando voy a comprar a un mall o voy a un restaurante chino,2,2,1,4,3,4,2,2,4,3,2,2
8b39b6a3-680d-47b7-88f9-f01fbe9add6d,561590926,1,11-Oct-2023 05:54,11-Oct-2023 06:04,582,end,complete,P5_3#1#value|P5_5#1#value|P5_2#1#value|P5_4#1#value|P5_1#1#value,c285d4636882ab4c,3,2,24,2,6,5,41,4,98,2,5,1,Cultura historica y gastronómica,Nada,Música y cultura gastronómica,Cultura gastronómica,"Anime, cultura historica y gastronómica",1,1,1,1,1,3,3,2,1,3,3,1,2,2,2,Compras en mall chino,3,2,1,2,2,1,3,3,3,4,3,3
dd941ff0-e31f-4ba2-85d3-fc5e9318629e,561604150,1,11-Oct-2023 08:15,11-Oct-2023 08:23,513,end,complete,P5_2#1#value,ab161290a6d127a8,3,1,20,2,5,3,17,5,98,3,4,1,Ropa,Burguesía,Guerra,Zidane,Kim Jong Umn,999,1,999,999,999,1,3,3,1,1,3,1,1,2,4,Al entrar en sus locales,3,2,1,4,1,4,3,99,4,3,1,4
d94b435d-c90d-48f3-898b-a8d27bb9908c,561608772,1,11-Oct-2023 08:47,11-Oct-2023 08:56,502,end,complete,P5_4#1#value|P5_2#1#value|P5_5#1#value|P5_3#1#value|P5_1#1#value,10420f5971fbac84,3,2,37,4,7,5,60,4,6,1,3,1,Tecnología,Drogas,Espectaculos,Turismo,Cultura,1,1,1,1,1,1,1,1,1,3,3,2,2,2,2,"No, no tengo ni contacto ni conocidos",2,1,1,4,3,5,1,99,4,5,3,5
c3f28f5a-839d-4eea-8018-ac5bff7f47ff,561610312,1,11-Oct-2023 08:58,11-Oct-2023 09:13,871,end,complete,P5_2#1#value|P5_1#1#value|P5_5#1#value|P5_4#1#value,c408d7ad7d9b5b1a,3,1,56,6,5,4,27,5,98,3,8,2,Tecnología,Oportunidad,Nada,Turismo,Orden,1,1,999,1,1,1,2,3,1,3,3,2,1,1,3,Personas amigas,1,2,1,3,1,2,3,3,2,4,2,2
131d504e-9097-4375-a774-7d78536a5a73,561619002,1,11-Oct-2023 10:00,11-Oct-2023 10:09,547,end,complete,P5_4#1#value|P5_2#1#value|P5_1#1#value|P5_5#1#value|P5_3#1#value,cd739cb7d62d7dfc,3,1,24,2,5,7,128,5,98,4,5,1,Chino,Gringo,Chino,Torre,Chino,1,1,1,1,1,3,2,3,1,3,3,1,2,2,1,Ninguna na,3,2,1,4,2,2,1,1,4,4,1,3
a93d1174-fa07-45fb-b3fd-9f0c7e3593a4,561624667,3,11-Oct-2023 10:42,11-Oct-2023 10:50,479,end,complete,P5_5#1#value|P5_4#1#value|P5_1#1#value|P5_3#1#value|P5_2#1#value,1345d440d574969a,3,1,69,7,8,16,185,2,3,3,3,1,Comunista,Imperio,Asiaticos,Lindo país,Autos,1,1,1,1,1,1,2,3,1,4,2,2,2,1,4,Amistad por motivos conerciales,2,1,1,4,2,4,2,3,1,5,3,5
0c15529b-5a82-40e4-a5a4-c096ab266894,561624952,1,11-Oct-2023 10:44,11-Oct-2023 10:52,483,end,complete,P5_4#1#value|P5_2#1#value,723072a5178b3c84,1,2,63,6,8,14,331,2,98,3,4,4,mucha población,Potencia mundial,No sé,Turismo,muy desarrollado,999,1,999,1,999,1,3,3,1,3,3,1,1,1,3,En un mall chino cercano,2,2,1,3,3,3,2,2,4,3,1,3
e6d0bda4-c470-41e3-ae7c-8aa96e27f2bf,561627636,1,11-Oct-2023 11:05,11-Oct-2023 11:16,638,end,complete,P5_5#1#value|P5_1#1#value|P5_2#1#value|P5_3#1#value|P5_4#1#value,8db73466f11d1ada,1,1,68,7,8,7,116,5,5,2,2,1,trabajadores,gran nacion,industria energente,buenas comidas,esforzados,1,1,1,1,1,3,4,3,1,5,2,1,1,1,1,en una tienda converso bastante con el dueño,1,2,1,4,1,2,3,2,4,4,2,3
c60e9265-ec84-4c69-97ac-9e5a456de9f5,561628367,1,11-Oct-2023 11:10,11-Oct-2023 11:20,614,end,complete,P5_5#1#value|P5_2#1#value|P5_3#1#value|P5_4#1#value|P5_1#1#value,89da49cda99836a1,3,2,64,6,7,14,331,3,4,3,5,1,Sobrepoblado y cultura,Poder,Ansia de poder,Antigüedad,Orden y cultura,1,1,1,1,1,1,3,3,3,,,2,2,2,4,En ningún contexto,2,2,1,4,1,4,2,2,2,4,3,5
95c343f5-afef-4b48-b8af-7d77b681e4e7,561630457,1,11-Oct-2023 11:25,11-Oct-2023 11:46,1264,end,complete,P5_3#1#value|P5_4#1#value|P5_2#1#value|P5_1#1#value|P5_5#1#value,f4f24d513255740d,3,1,42,4,5,5,41,6,98,1,4,1,Cultura milenaria,Bieden,K pop,Macron,Anime,1,1,1,1,1,1,2,2,2,3,3,2,2,1,1,Ninguna solo los veo de paso cuando voy al mall chino,2,2,1,4,2,2,2,3,4,3,3,3
4402840f-9e00-434e-b9c2-a0a69aa2729d,561631389,1,11-Oct-2023 11:32,11-Oct-2023 11:45,730,end,complete,P5_2#1#value|P5_4#1#value|P5_5#1#value|P5_1#1#value,91998b87af46acf5,1,2,58,6,9,8,142,2,8,3,6,3,Productos variados,Instituciones educativas,Tecnología,Vinos,Tecnología,1,1,999,1,1,1,3,3,2,4,2,2,2,1,2,Amiga casada con una persona de Chima,2,2,1,2,3,3,3,2,4,3,1,2
e7812e9a-f2ad-4bcc-af46-dad4363ec7c6,561631798,1,11-Oct-2023 11:35,11-Oct-2023 11:47,688,end,complete,P5_4#1#value|P5_1#1#value|P5_2#1#value|P5_5#1#value,dca50f225ca12ab9,3,2,64,6,5,6,79,7,98,2,5,3,Principal importador de fruta,Gran potencia mundial,No lo se,País turístico,Tegnologia,1,1,999,1,1,1,2,2,2,3,2,1,2,2,2,Cuando compro en los mall solamente,2,2,1,4,2,2,3,2,4,4,2,3
dda3e4d6-b539-453c-b079-8448cfa2c2d1,561634213,1,11-Oct-2023 11:52,11-Oct-2023 12:00,464,end,complete,P5_5#1#value|P5_1#1#value|P5_4#1#value|P5_3#1#value|P5_2#1#value,c71d57153c0813d1,3,1,42,4,9,7,134,4,2,2,7,2,Dueños del mundo,Potencia mundial,Trabajo,Potencia europea,Resilencia,1,1,1,1,1,1,2,2,3,,,1,2,1,3,Solo relación de amistad,2,1,1,4,1,1,2,2,4,4,1,2
4ef607e0-dc2d-4feb-8514-bbd79977fa3e,561634809,1,11-Oct-2023 11:56,11-Oct-2023 12:04,509,end,complete,P5_5#1#value|P5_2#1#value|P5_1#1#value|P5_3#1#value|P5_4#1#value,bda838baa3c88572,3,2,56,6,7,5,49,4,98,3,4,1,Tenis,Capitalismo,Series,Glamour,Bomba,1,1,1,1,1,3,3,3,2,5,3,2,2,2,2,En tiendas,3,2,2,3,1,5,2,3,4,4,2,3
87ed737d-ce30-411d-989e-1cc97f23e88b,561636629,1,11-Oct-2023 12:09,11-Oct-2023 12:26,998,end,complete,P5_4#1#value|P5_2#1#value|P5_1#1#value|P5_3#1#value|P5_5#1#value,40fcb78ba5f06aaa,1,1,53,5,7,1,1,4,98,2,4,1,Gigante,Poderoso,Tecnologico,Multicultura,Trabajadores,1,1,1,1,1,2,2,3,2,4,2,2,1,1,1,Compras de alimentación y artículos varios.,2,2,1,5,3,5,2,2,4,3,3,4
63dcd24c-ce82-485a-b4cb-e3761467e3e4,561639120,1,11-Oct-2023 12:25,11-Oct-2023 12:31,342,end,complete,P5_5#1#value|P5_3#1#value|P5_4#1#value|P5_2#1#value|P5_1#1#value,28550f7967690042,1,1,49,5,8,1,1,4,98,3,7,2,potencia,libertad,desarrollo,desarrollo,respeto,1,1,1,1,1,1,2,1,3,,,2,1,1,1,apoderado colegio,1,2,2,5,2,1,3,3,4,3,2,3
08022e9e-21f2-4fa0-8df9-1dd29f49094e,561641876,1,11-Oct-2023 12:39,11-Oct-2023 12:51,727,end,complete,P5_3#1#value|P5_1#1#value|P5_2#1#value|P5_4#1#value|P5_5#1#value,9076c2d0124b40b9,3,1,73,7,8,5,41,2,98,3,2,1,un gigante despertando,despojo,una colonia,colonialismo,otra colonia,1,1,1,1,1,1,3,4,1,3,2,1,2,1,2,vecinos y comerciantes,2,1,1,5,1,4,2,99,4,4,1,4
763742a4-8021-4a50-9894-c54a38ff519a,561642684,1,11-Oct-2023 12:43,11-Oct-2023 12:51,430,end,complete,P5_2#1#value,269d9957bfb6d2b1,1,2,32,3,8,4,26,2,1,4,5,2,aliexpress,Miami,seul,turismo,comida,999,1,999,999,999,2,4,4,3,,,1,1,2,2,no tengo,3,2,1,3,3,3,2,2,2,3,3,4
44f2ad33-cbbd-44ff-b111-760c710d96f0,561642944,1,11-Oct-2023 12:45,11-Oct-2023 13:07,1356,end,complete,P5_5#1#value|P5_1#1#value|P5_2#1#value|P5_3#1#value|P5_4#1#value,56906216960f6a96,1,1,25,3,8,2,8,5,98,1,3,1,Inversores,Capitalismo,Famosos,Nada,Anime/Mangas,1,1,1,1,1,3,3,2,1,3,2,1,1,2,3,cuando compro en algun mall chino o compro comida china,2,2,1,3,1,1,2,3,3,4,1,4
07486869-eed9-46b8-834e-f93a2010b81f,561642995,1,11-Oct-2023 12:45,11-Oct-2023 13:19,2055,end,complete,P5_5#1#value|P5_1#1#value|P5_3#1#value|P5_2#1#value|P5_4#1#value,ffcd32c6690b57f4,1,1,66,7,8,8,142,3,3,3,10,2,fuerza  bruta,empeño,disciplina,delicadeza,inteligencia,1,1,1,1,1,1,5,4,1,3,1,1,1,1,3,en el comercio,2,2,1,2,3,1,99,2,4,4,2,2
efbd7d5b-2b34-4a15-83b8-c60d8718d0f6,561643280,1,11-Oct-2023 12:46,11-Oct-2023 12:57,647,end,complete,P5_4#1#value,d4ccd1252d6b73a9,1,1,63,6,5,5,48,5,98,2,8,2,dictadura,hamburguesas,guerra,torre eifel,tecnologia,999,999,999,1,999,2,2,2,1,3,2,2,2,1,3,en el  trabajo,2,2,1,4,3,4,2,2,4,3,2,2
80fa8a07-21b1-4b45-8230-def33cc6386e,561643545,1,11-Oct-2023 12:48,11-Oct-2023 13:00,691,end,complete,P5_3#1#value|P5_1#1#value|P5_2#1#value|P5_5#1#value|P5_4#1#value,d65cb512ddb3a57c,1,1,52,5,5,7,116,4,4,4,6,4,mala calidad,potencia,orden,mugre,buena calidad,1,1,1,1,1,1,4,3,1,3,3,2,2,2,2,cuando compro en algun mall o tienda,3,2,1,2,2,3,3,2,3,3,3,3
bd39fc1d-2ba3-4ecd-9aca-d4877473da4e,561646890,1,11-Oct-2023 13:04,11-Oct-2023 13:13,547,end,complete,P5_2#1#value,299676fa12aa2905,1,1,64,6,7,13,279,4,98,4,8,3,DESASTRE,DEMOCRACIA,DISCIPLINA,CULTURA,DISCIPLINA,999,1,999,999,999,1,5,4,2,5,3,2,2,2,4,NO tengo contacto,3,2,1,2,1,2,99,2,2,2,3,3
04a0935e-65b4-4531-88b8-4142b176cf79,561647719,1,11-Oct-2023 13:08,11-Oct-2023 13:24,921,end,complete,P5_2#1#value,dc13d98b5f34491a,3,1,31,3,5,10,228,6,98,3,3,1,País avanzado,Máxima potencial,Guerra con corea del norte,Lugar de gran turismo,Samurai,999,1,999,999,999,1,2,3,3,,,2,2,2,1,Cuando accedo a comprar en tiendas chinas,2,2,1,5,2,2,2,2,4,4,1,2
abada5ae-b1e3-4727-bd0b-0641c8e72d00,561647756,1,11-Oct-2023 13:08,11-Oct-2023 13:17,522,end,complete,P5_2#1#value|P5_3#1#value|P5_4#1#value|P5_5#1#value|P5_1#1#value,9f6b419a7dd9bf63,1,2,34,3,8,3,17,4,98,4,6,2,potencia,libertinaje,regimen totalitario,xenofobia,estabilidad,1,1,1,1,1,1,4,4,1,4,2,1,1,2,2,cuando voy a un mall chino o restaurante,2,2,1,4,3,3,2,2,4,4,2,3
48cc862c-00f1-4c50-a6a2-860c4976622e,561648078,1,11-Oct-2023 13:11,11-Oct-2023 13:17,376,end,complete,P5_2#1#value|P5_3#1#value,f69bc582400a049b,3,1,34,3,6,1,2,6,8,3,1,1,Mall,Mr danger,Extraño,Amor,Anime,999,1,1,999,999,1,1,3,1,1,3,1,1,1,4,Comidas y compras,2,2,2,4,3,5,2,99,3,3,1,1
9575a6ce-24eb-4c65-addd-ef0797985e8e,561648296,1,11-Oct-2023 13:12,11-Oct-2023 13:20,465,end,complete,P5_1#1#value|P5_3#1#value|P5_5#1#value|P5_2#1#value|P5_4#1#value,753a28508c75a5c4,1,1,35,4,7,9,207,3,98,1,5,2,pais de tecnologia,pais de oportunidades,dictadura,elegancia,orden,1,1,1,1,1,1,1,1,2,5,2,1,2,1,1,conozco al esposo de una prima de mi esposa,1,2,2,5,2,1,3,3,4,4,2,2
3b2a12d8-dbfa-482f-b1e8-f6ce85452619,561648720,1,11-Oct-2023 13:15,11-Oct-2023 13:29,876,end,complete,P5_5#1#value|P5_1#1#value|P5_2#1#value|P5_3#1#value|P5_4#1#value,096b0874006a330b,1,1,26,3,8,9,203,6,9,4,7,2,Posible lider,Lider,conflicto,Europa,productor,1,1,1,1,1,1,3,3,1,3,2,1,2,2,2,cuando voy a los mall chinos,3,2,1,3,1,4,2,2,4,3,3,3
5d56ef6f-ef78-4443-87ef-32347127724e,561648763,1,11-Oct-2023 13:15,11-Oct-2023 13:20,313,end,complete,P5_4#1#value,f9219b35b23c94c0,3,2,21,2,8,5,41,3,8,1,5,1,Buena comida,Precios económicos,Buena comida,Elegancia,Buena comida,999,999,999,1,999,1,3,1,2,3,2,2,2,2,4,Disciplina,2,1,1,4,1,3,2,2,2,4,3,3
0eaf2b34-bf41-4dbe-8d76-f11dba03e1fd,561649910,1,11-Oct-2023 13:22,11-Oct-2023 13:32,572,end,complete,P5_5#1#value|P5_2#1#value|P5_1#1#value|P5_3#1#value|P5_4#1#value,91d174abf1f28558,1,2,72,7,8,6,79,2,98,3,4,1,Gigante,Invasor,Progreso,Cultura,Orden,1,1,1,1,1,1,2,2,1,3,3,1,1,2,3,En las tiendas chinas,2,2,2,4,2,3,2,2,4,4,1,2
9b250c48-b341-46bc-9959-1d0db4f0900f,561651312,1,11-Oct-2023 13:30,11-Oct-2023 13:40,554,end,complete,P5_3#1#value|P5_2#1#value|P5_5#1#value|P5_1#1#value,71c52a52f0a7c6d4,3,2,39,4,4,13,286,7,98,4,5,3,Tecnologia,Potencia mundial,Innovación,Pais de luz,Tecnologia,1,1,1,999,1,1,2,4,1,3,2,1,2,2,2,No tengo,3,2,1,3,2,4,3,2,2,4,3,4
2452ceff-080a-4076-8836-377af4ab7afb,561651327,2,11-Oct-2023 13:30,11-Oct-2023 13:44,760,end,complete,P5_1#1#value|P5_4#1#value|P5_2#1#value|P5_5#1#value|P5_3#1#value,836c14a3a66267a1,1,2,41,4,5,16,175,6,98,3,5,2,Cultura,Caos,Nose,Paz,Bello pais,1,1,1,1,1,2,2,3,3,,,1,2,2,2,Al comprar,2,2,1,4,3,2,2,2,1,4,1,4
9418b955-f335-477d-b9e0-2f085037ff01,561651345,1,11-Oct-2023 13:30,11-Oct-2023 13:40,596,end,complete,P5_1#1#value|P5_4#1#value,a1ca6fd2df2fa0a8,3,2,44,4,5,4,26,6,3,3,5,3,Aliexpress,Ingles,Comidas,La torre,Nada,1,999,999,1,999,3,4,1,1,3,3,2,1,1,4,Solo la ubicó por los negoció que tienen en la ciudad,4,2,1,4,3,3,2,2,3,4,2,3
9a721ef4-7d53-45f1-ab28-3012d32bfa28,561651369,2,11-Oct-2023 13:31,12-Oct-2023 02:10,691,end,complete,P5_1#1#value|P5_2#1#value|P5_3#1#value|P5_5#1#value,022309f0d4201819,3,1,47,5,4,10,228,6,98,3,8,3,Importación,Poder,Tecnología,Amor,Guerra,1,1,1,999,1,1,3,3,3,,,1,2,2,2,Compro en sus tiendas,3,2,1,4,3,3,2,2,3,3,2,2
d5cfea68-83a2-48f3-b066-0b8a4c9552c0,561651563,1,11-Oct-2023 13:32,11-Oct-2023 13:46,840,end,complete,P5_2#1#value|P5_4#1#value|P5_5#1#value|P5_3#1#value|P5_1#1#value,aac6907bf1dfa017,3,1,61,6,7,4,26,6,98,4,10,2,Copiadores,Primera potencia,Automóviles de calidad,Torre Eifel,Gran país,1,1,1,1,1,1,5,4,2,3,3,1,1,1,2,"Mall, restaurantes, amistades con ancestros chinos",2,1,1,3,2,1,99,99,4,1,3,3
49b9bf61-7e41-4505-a8ed-cd20747f2f42,561651769,1,11-Oct-2023 13:33,11-Oct-2023 13:59,1584,end,complete,P5_4#1#value|P5_2#1#value|P5_5#1#value|P5_1#1#value|P5_3#1#value,775b987af8dbda97,3,2,27,3,7,7,125,6,3,2,10,2,Turismo,Empleo,Turismo,Turismo,Turismo,1,1,1,1,1,1,5,4,1,3,2,1,1,2,2,En ningún contexto solo cuando voy a un establecimiento a comprar y les pregunto algo,3,2,2,4,2,2,3,3,3,3,1,2
fe9542a5-86f5-42d0-88c3-26db6d3f9f8c,561652195,1,11-Oct-2023 13:35,11-Oct-2023 13:48,822,end,complete,P5_1#1#value,451615587b9f9dc5,3,2,50,5,6,4,27,6,3,3,5,4,Comercio,Sueño,Película,Europa,Juegos,1,999,999,999,999,2,3,3,1,5,3,1,1,2,3,Solo en comercio,2,2,1,4,1,3,2,2,4,4,2,3
4f9e3d06-7ae0-48d7-81d3-4a4627349a0a,561652245,1,11-Oct-2023 13:35,11-Oct-2023 13:42,414,end,complete,P5_3#1#value|P5_1#1#value|P5_4#1#value|P5_5#1#value|P5_2#1#value,0b6151d2a32213f2,3,1,32,3,5,5,41,6,9,3,5,3,Nose,Disney,Nose,Nose,Anime,1,1,1,1,1,2,3,3,3,,,2,2,2,1,Cuando voy al mall chino,2,2,2,4,1,4,2,2,2,3,1,3
e780b78a-804f-443c-aa8d-c7f4406b401d,561652924,1,11-Oct-2023 13:39,11-Oct-2023 14:09,1842,end,complete,P5_1#1#value|P5_5#1#value|P5_4#1#value|P5_3#1#value|P5_2#1#value,af5aa4682db3cabd,1,2,46,5,5,2,8,6,98,2,5,1,juguetes,trump,economia,san patrick,pelea,1,1,1,1,1,1,2,2,1,3,3,1,1,2,2,EN RESTAURANT Y NEGOCIOS CHINOS CERCANOS,2,2,1,4,1,4,3,2,3,4,1,2
76c8f3ef-bc91-4f5b-a5dc-23a329749572,561653028,1,11-Oct-2023 13:39,11-Oct-2023 13:46,434,end,complete,P5_2#1#value,d69668a67bd18c87,3,2,26,3,8,5,64,7,5,3,5,1,Comercio,Oportunidad,Guerra,Cultura,Cultura,999,1,999,999,999,1,3,3,2,3,3,1,2,2,1,Mall chinos,3,2,1,3,2,2,99,99,3,4,2,3
29d8c602-3f25-4c44-a359-32e4f045de72,561653059,1,11-Oct-2023 13:39,11-Oct-2023 13:50,652,end,complete,P5_1#1#value|P5_5#1#value|P5_2#1#value|P5_4#1#value|P5_3#1#value,3d195f026a7db523,3,1,28,3,3,13,326,7,98,4,10,2,Esclavos,Aliado,Libertad,Degeneración,Tecnología,1,1,1,1,1,1,5,4,3,,,2,2,2,2,No tengo contacto,3,2,2,5,1,5,2,99,2,3,1,5
7f28440d-9799-48b6-a576-48b78c1fe62b,561653732,4,11-Oct-2023 13:43,11-Oct-2023 21:31,1969,end,complete,P5_5#1#value|P5_3#1#value|P5_4#1#value|P5_2#1#value|P5_1#1#value,141ac5b7c20661f5,3,2,53,5,7,9,209,7,98,4,5,1,Cultura,Arrogante,Tradicional,Romance,Enojo,1,1,1,1,1,1,2,3,1,2,2,2,2,2,1,En sus tiendas solamente,3,2,1,4,1,2,3,99,3,4,3,5
dca9b7a9-a8ea-4304-82d0-8643cb6c3273,561654127,1,11-Oct-2023 13:44,11-Oct-2023 14:13,1712,end,complete,P5_4#1#value|P5_2#1#value|P5_5#1#value|P5_3#1#value|P5_1#1#value,1173c94c9c0c924c,3,2,55,6,8,16,180,4,98,2,4,1,Exportaciones,Exportaciones,Exportaciones,Turismo,Exportaciones,1,1,1,1,1,1,4,3,1,5,3,1,2,1,4,Comercial,1,1,1,5,2,2,1,99,4,4,1,2
980a5d39-92a0-437c-9913-523c6d30681e,561654130,1,11-Oct-2023 13:44,11-Oct-2023 13:56,696,end,complete,P5_5#1#value|P5_4#1#value|P5_1#1#value|P5_2#1#value|P5_3#1#value,4505bd43dd219084,1,1,62,6,5,1,1,2,3,2,8,2,xi yin pi,tramp,kim jong un,trudue,no se,1,1,1,1,1,1,5,2,1,3,2,2,1,1,3,amigo conocido por trabajo,2,2,2,4,1,5,1,1,4,5,3,4
c8a2009f-0521-4c20-812d-b060d60e156f,561654135,1,11-Oct-2023 13:44,11-Oct-2023 13:52,474,end,complete,P5_2#1#value|P5_3#1#value|P5_1#1#value|P5_5#1#value,f2d484b4c77f03da,3,1,32,3,5,16,175,4,98,3,2,1,Variedad de productos,Monopolio,Tecnologia,Toree eifel,Comida mala,1,1,1,999,1,1,2,3,1,3,2,1,2,2,2,Cuando voy a comprar al mall chino,2,1,2,4,3,4,2,3,1,4,1,2
2758ccbb-8942-40d0-bfcc-3f06585bc3c6,561654196,1,11-Oct-2023 13:45,11-Oct-2023 13:59,845,end,complete,P5_1#1#value|P5_5#1#value|P5_3#1#value|P5_2#1#value,209b302c3a849927,3,1,47,5,7,3,17,4,6,3,6,3,Comunista,Potencia,Neutral,Nada,Tecnología,1,1,1,999,1,1,5,2,2,5,3,2,2,2,4,Ningunos,3,2,1,3,2,4,3,2,2,3,1,5
112750ec-adf7-4a7d-a908-1e514307c87f,561654262,1,11-Oct-2023 13:45,11-Oct-2023 13:53,456,end,complete,P5_3#1#value|P5_1#1#value|P5_2#1#value|P5_5#1#value|P5_4#1#value,b570a9302cfa93d8,3,1,38,4,7,16,175,4,98,1,10,2,Comunistas,Gringos,Kpop,Mal olor,Goku,1,1,1,1,1,1,4,1,1,3,2,1,1,2,2,Por compras en restaurantes chinos y malls chinos,3,2,1,4,3,1,3,2,4,2,1,1
9df9597e-d97b-46b4-ad34-d956870d0f25,561654295,1,11-Oct-2023 13:45,11-Oct-2023 13:53,498,end,complete,P5_1#1#value|P5_3#1#value|P5_5#1#value|P5_4#1#value|P5_2#1#value,191b3a8ba4bbd239,3,2,41,4,8,1,1,5,98,3,7,3,Industria,Progreso,Manufacturera,Turismo,Industria,1,1,1,1,1,1,4,3,2,4,2,2,2,1,3,Ninguna,2,2,1,4,2,2,2,2,2,4,2,3
eac1ce4d-c753-4bf1-a140-cc7179a2937b,561654350,1,11-Oct-2023 13:45,11-Oct-2023 13:57,686,end,complete,P5_3#1#value|P5_1#1#value|P5_2#1#value|P5_4#1#value|P5_5#1#value,f3d64aa889bdc6d6,3,2,20,2,7,10,228,6,98,1,5,4,Exportador principal,Potencia mundial,Estetica,Revolucion francesa,Tecnologia,1,1,1,1,1,1,3,3,2,3,3,2,2,2,2,Al momento de ir a un mall chino,3,2,1,4,1,2,3,2,4,4,2,3
0b0ae655-d302-4b5c-ac8a-45dee194e141,561654393,1,11-Oct-2023 13:46,11-Oct-2023 14:02,1001,end,complete,P5_3#1#value|P5_2#1#value|P5_4#1#value|P5_5#1#value|P5_1#1#value,b789b9d7320223bf,1,1,57,6,9,15,343,3,98,3,6,1,potencia,decadente,peligroso,progresivo,tradiciones,1,1,1,1,1,1,2,3,3,,,2,1,1,4,conocido,3,2,2,5,3,4,2,2,1,5,3,4
b5f8cfd2-6be9-4054-a2a7-794ffb64f389,561654399,1,11-Oct-2023 13:46,11-Oct-2023 13:51,353,end,complete,P5_3#1#value|P5_5#1#value|P5_2#1#value|P5_1#1#value|P5_4#1#value,4431c684a3bb3047,3,2,30,3,7,3,25,5,3,3,5,3,Ropa,Armas,Guerra,Turismo,Calidad,1,1,1,1,1,3,4,3,3,,,2,2,1,3,Varios negocios y atienden ellos mismos,2,2,2,4,3,4,1,1,4,5,3,5
f5d63b3e-f6a3-446a-9ccc-f6d9cb46b0dd,561654459,1,11-Oct-2023 13:46,11-Oct-2023 13:53,418,end,complete,P5_3#1#value|P5_1#1#value|P5_2#1#value|P5_4#1#value|P5_5#1#value,ca4bd8939768a11a,3,1,38,4,5,1,1,5,1,1,4,3,Inventos,Estabilidad,Autos,Progreso,Tecnología,1,1,1,1,1,2,2,1,2,5,2,2,1,1,3,Restaurantes,2,2,2,5,3,5,1,2,4,4,3,5
5d4d6139-3faf-405c-84f5-438f53e47264,561654483,1,11-Oct-2023 13:46,11-Oct-2023 13:59,756,end,complete,P5_1#1#value|P5_2#1#value|P5_5#1#value|P5_3#1#value|P5_4#1#value,18b7ad8167c2c2d7,1,1,74,7,9,15,343,3,8,4,2,3,Tecnología,Líder,Empresarial,Turístico,Tradición,1,1,1,1,1,3,2,3,1,5,1,1,1,1,2,"Colegas de trabajo, compañeros de estudios, dueños de restaurantes.",1,2,1,5,1,4,1,3,4,5,1,5
9f9d4fb1-b1ff-4365-a551-8a9452a36234,561654563,1,11-Oct-2023 13:46,11-Oct-2023 13:59,759,end,complete,P5_4#1#value|P5_5#1#value|P5_1#1#value|P5_2#1#value|P5_3#1#value,d1155702a921aa3d,1,1,55,6,5,13,285,4,98,4,6,1,industria,armas,tecnologia,cultura,orden,1,1,1,1,1,1,4,1,1,4,3,1,1,2,4,"cuando hago compra en el sector de San Alfonso, Bascuñan, etc",3,2,1,3,2,2,3,99,4,3,1,4
071586ad-c000-407b-8bfe-1f06e9b41aa5,561654626,1,11-Oct-2023 13:47,11-Oct-2023 13:59,708,end,complete,P5_5#1#value|P5_4#1#value|P5_2#1#value|P5_1#1#value|P5_3#1#value,d0bbb585c6b9dab5,3,1,64,6,5,16,188,5,98,4,4,1,Esclavitud,Un país que nos mira en menos,Progreso,Un lugar para vivir,Futuro,1,1,1,1,1,1,5,4,1,5,3,1,2,2,4,"Solo de vista, son muy cerrados y no se relacionan mucho con sus vecinos chilenos.Saludan muy amables, atienden muy amables, pero de ahí, nada más.",2,2,1,2,2,2,99,99,4,3,1,1
d977e03a-5e28-4ffe-bf0e-f1b6d04bbe8b,561654673,1,11-Oct-2023 13:47,11-Oct-2023 13:57,616,end,complete,P5_3#1#value|P5_2#1#value|P5_5#1#value|P5_1#1#value,3f2c28563b67f10d,3,2,35,4,8,15,343,5,98,3,9,2,Gran potencia,Barack Obama,Música,Torre Eifel,Arquitectura,1,1,1,999,1,1,2,3,1,3,3,2,2,2,3,Solo cuando compro en el Mall Chino,2,2,1,4,1,2,2,3,4,4,3,4
5bda8252-b594-4bf5-b4f6-6f3b7bce3844,561654730,1,11-Oct-2023 13:47,11-Oct-2023 14:02,864,end,complete,P5_2#1#value|P5_5#1#value|P5_1#1#value|P5_4#1#value|P5_3#1#value,10f2366562ba1c1f,1,2,59,6,8,15,343,5,98,2,2,1,Comercio,Dólar,Kdrama,Museos,Tranquilidad,1,1,1,1,1,1,2,1,3,,,1,1,1,2,En la comida china.,2,2,1,4,2,1,99,3,4,3,3,4
a03eccbe-3920-445c-a6f0-0ebab89e71c9,561654845,1,11-Oct-2023 13:48,11-Oct-2023 14:05,1017,end,complete,P5_1#1#value|P5_5#1#value|P5_2#1#value|P5_4#1#value,25525b7647f4244f,3,2,61,6,3,10,228,6,98,2,3,1,Comprador de materia prima,Economía,Bélicos,Protesta,Cultura,1,1,999,1,1,1,2,2,3,,,2,1,2,1,En sus molls,3,2,1,4,3,4,2,2,4,4,1,4
83f37451-353e-428f-900a-9e5cc74c18ec,561655122,1,11-Oct-2023 13:49,11-Oct-2023 14:01,688,end,complete,P5_5#1#value|P5_1#1#value|P5_2#1#value|P5_3#1#value|P5_4#1#value,82d02d60fd404202,3,2,24,2,5,9,206,7,98,3,5,1,Mulan,trump,k-drama,Torre Eiffel,anime,1,1,1,1,1,2,3,3,2,3,3,2,2,2,3,"en tiendas, mall",2,2,1,3,3,3,2,2,4,3,2,3
9cd5da68-9454-49b5-8071-08dfb63ed758,561655129,1,11-Oct-2023 13:49,11-Oct-2023 13:57,453,end,complete,P5_2#1#value|P5_5#1#value,d13d5df66ad3adf9,3,2,21,2,3,5,45,7,3,4,10,4,Chinos,Gringos,Coreanos,Francés,Sushi,999,1,999,999,1,1,3,3,2,3,3,1,1,1,2,No sé que decir al respecto,3,2,1,5,1,5,2,2,3,3,2,1
ea03cc22-b956-4b4c-a0e5-18ec90215afd,561655197,1,11-Oct-2023 13:49,11-Oct-2023 14:01,681,end,complete,P5_1#1#value|P5_5#1#value|P5_2#1#value|P5_4#1#value|P5_3#1#value,9b507286bf017439,3,1,19,2,5,6,99,6,98,2,2,1,Inversion y negocio,Imperialismo y consumismo,Modelo estadounidense asiatico,Colonialismo,Respeto y buenas costumbres,1,1,1,1,1,2,2,1,3,,,1,2,1,1,Vendedor y cliente,1,2,1,4,2,4,2,99,1,5,2,5
81475cdc-e229-4415-8f61-e7eca4f1ad07,561655200,1,11-Oct-2023 13:49,11-Oct-2023 13:57,463,end,complete,P5_2#1#value,1c9ffa74d7395551,3,2,34,3,7,1,3,5,9,3,5,2,Nada,El futuro,Nada,Nada,Exportación,999,1,999,999,999,2,2,3,1,5,3,1,1,1,3,Mall chino,1,2,2,4,1,3,3,1,2,2,3,3
c9d8e0e9-95c0-47ed-8e4f-2d7caaa7c176,561655216,1,11-Oct-2023 13:49,11-Oct-2023 14:11,1300,end,complete,P5_2#1#value|P5_4#1#value,36a586866f3dfa86,1,2,30,3,8,1,2,4,9,3,5,1,productividad,gran manzana,kpop,torre eifel,trabajo,999,1,999,1,999,2,3,3,1,5,2,2,1,2,4,cuando voy a restaurantes chinos,2,2,1,4,3,3,2,2,3,3,2,3
db487b88-8fc8-4a89-9382-35655f0d777c,561655241,1,11-Oct-2023 13:50,11-Oct-2023 13:57,439,end,complete,P5_3#1#value|P5_4#1#value|P5_5#1#value|P5_1#1#value|P5_2#1#value,716945107b09c2ff,3,2,31,3,6,7,125,7,3,1,5,1,Doramas,Disney,Actores hermosos,Torre eisfel,Hirochima,1,1,1,1,1,3,5,1,1,3,3,1,1,1,4,Internet,3,2,2,3,1,1,99,1,4,3,2,3
0e86dbea-ecc1-49c8-81b6-8fc2ac3e72de,561655396,1,11-Oct-2023 13:51,11-Oct-2023 14:00,519,end,complete,P5_2#1#value|P5_1#1#value|P5_5#1#value|P5_4#1#value|P5_3#1#value,82a09993919445a0,3,1,40,4,7,5,49,4,3,3,10,2,Plastico,Iphone,Kia,Perfume,Autos,1,1,1,1,1,3,5,3,1,5,5,1,2,1,4,Mall chino comercio,2,1,2,5,2,5,99,99,1,5,3,5
9c036880-cef3-465b-a2ff-942c91c27006,561655488,1,11-Oct-2023 13:51,11-Oct-2023 14:13,1371,end,complete,P5_4#1#value|P5_3#1#value|P5_2#1#value|P5_5#1#value|P5_1#1#value,accddca740413a2b,3,2,53,5,7,2,8,6,98,3,5,4,Muralla china,Estatua libertad,Parques,Torre eiffel,Parques,1,1,1,1,1,1,4,3,2,4,2,2,2,2,4,No tengo,3,2,1,4,2,3,1,2,4,3,3,4
567d88df-cf9c-47f2-abe7-36db2316cd3c,561655891,1,11-Oct-2023 13:53,11-Oct-2023 14:00,475,end,complete,P5_5#1#value|P5_1#1#value|P5_2#1#value|P5_3#1#value|P5_4#1#value,4f535ca018aa10f8,3,2,38,4,5,4,26,6,6,4,5,2,Tecnología,Turismo,Tecnología,Turismo,Tecnología,1,1,1,1,1,1,2,1,1,5,2,2,2,1,2,Conocido familiar,2,2,2,4,2,2,2,2,4,4,2,4
c85e3814-def6-44f7-a3cf-82054a471ee8,561656086,1,11-Oct-2023 13:53,11-Oct-2023 14:05,673,end,complete,P5_1#1#value|P5_5#1#value|P5_3#1#value|P5_2#1#value|P5_4#1#value,30d7317357468b6f,3,2,27,3,8,16,194,6,98,2,5,1,Biodiversidad,Dólar,Agricultura,Turismo,Educación,1,1,1,1,1,1,2,2,1,4,3,2,2,2,2,Compras en alguna ciudad aledaña al pueblo en donde vivo.,2,2,1,4,3,5,3,3,4,4,1,2
d52f033c-f3af-407e-8a89-11643bc27dba,561656274,1,11-Oct-2023 13:54,11-Oct-2023 14:03,499,end,complete,P5_2#1#value,d73cd28803cc047f,3,2,47,5,7,4,37,6,2,2,7,2,Importaciones,Exportaciones,Nada,Descanso,Guerra,999,1,999,999,999,1,4,3,2,5,2,1,2,2,3,Si al comprar en tiendas chinas,3,2,2,2,3,3,2,2,4,2,3,3
5fca64be-c5d3-4cdd-b3e4-3072c337284b,561656284,1,11-Oct-2023 13:54,11-Oct-2023 14:05,660,end,complete,P5_3#1#value|P5_1#1#value|P5_4#1#value|P5_2#1#value|P5_5#1#value,b8887a0a754c92cf,3,2,33,3,9,3,17,3,98,3,5,1,compras,potencia,kpop,museos,pokemon,1,1,1,1,1,1,3,3,3,,,1,1,2,2,cuando voy a sus comercios,2,1,1,3,3,4,3,3,4,3,3,4
c1a2857b-2e1a-438a-8444-38b378ff5de3,561656391,1,11-Oct-2023 13:55,11-Oct-2023 14:04,561,end,complete,P5_2#1#value,f2671ad032bdbc0d,1,2,25,3,3,6,99,5,98,4,5,4,pais,pais,pais,pais,pais,999,1,999,999,999,3,3,3,1,3,2,2,2,1,2,grupos de creencias,1,2,2,4,3,3,99,99,3,3,2,3
54886e3e-5047-48c7-9875-ccbb59180d0d,561656392,1,11-Oct-2023 13:55,11-Oct-2023 14:05,613,end,complete,P5_4#1#value|P5_1#1#value|P5_5#1#value|P5_2#1#value|P5_3#1#value,a97c38b2b0805fa0,3,2,22,2,7,3,17,6,6,1,5,4,Un pais grande en cambios tecnológicos,El competidor mundial de china,"Un pais que se influencia mucho por las redes sociales y su amigo, estados unidos","Un pais sin muchas vueltas o cambios radicales, se mantiene dentro de las categorías",Gente que trabaja en exceso sin descansó,1,1,1,1,1,1,2,3,3,,,2,1,2,3,En los moll chinos o en restaurantes chinos,2,2,1,4,3,4,2,3,1,4,2,2
cef9b01f-019d-4c5f-a2d3-ebc69bc713d5,561656598,1,11-Oct-2023 13:56,11-Oct-2023 14:14,1073,end,complete,P5_5#1#value|P5_1#1#value|P16,6c0754db2749f448,3,2,70,7,5,4,26,6,98,3,7,2,Comercial,Un país grande,No se,Bonito,Tecnología,1,999,999,999,1,1,3,4,1,5,2,1,2,2,3,No se que responder no entiendo la pregunta,3,2,1,4,2,4,2,2,4,3,2,2
c4b0852c-c30a-48a9-b4ea-c6028f3e0a26,561656749,1,11-Oct-2023 13:57,11-Oct-2023 14:07,617,end,complete,P5_2#1#value,1d1a88a3cad379db,3,2,71,7,7,5,46,4,98,4,5,4,Totalirismo,Superioridad,Inquitud,Turismo,Disciplina,999,1,999,999,999,1,3,4,2,5,3,1,2,2,2,A veces voy a sus tiendas,2,2,2,3,1,2,3,3,4,4,2,2
8ec6996f-6f4b-4dd2-8198-27c32bf64cb2,561656752,2,11-Oct-2023 13:57,11-Oct-2023 16:05,2346,end,complete,P5_3#1#value|P5_2#1#value|P5_1#1#value|P5_5#1#value|P5_4#1#value,b3792a6d5a17181b,3,2,43,4,9,1,1,2,98,3,5,4,Cultura ancestral,Cosmopolita,K-pop,Torre Eiffel,Gastronomía y cultura,1,1,1,1,1,1,2,3,3,,,2,2,2,3,Por ahora ninguno,2,2,1,4,3,3,3,3,4,4,3,4
fa0361ba-d889-47de-95a0-88ea981edd1d,561657138,1,11-Oct-2023 13:59,11-Oct-2023 14:14,940,end,complete,P5_2#1#value,98f9cd970952a8f8,3,1,48,5,5,4,26,7,98,4,5,1,Autos,Herramientas autos tecnología dolar,Guerra,Perfume,Autos,999,1,999,999,999,2,5,3,1,5,2,1,1,2,2,Comercial,2,2,1,2,2,1,3,1,2,2,2,2
97dd328e-f570-43a1-8e32-5c1fa9643204,561657408,1,11-Oct-2023 14:00,11-Oct-2023 14:08,483,end,complete,P5_2#1#value,439ad6c8faa3c848,3,2,25,3,5,8,161,6,98,3,4,1,Trabajo,Disney,Turismo,Torre Eiffel,Kawai,999,1,999,999,999,3,2,3,1,5,4,2,2,2,4,Cuando voy a comprar a algún mall,2,2,2,4,1,1,3,3,4,4,1,2
368f5f74-b30b-428d-9318-16bd64741754,561657609,1,11-Oct-2023 14:02,11-Oct-2023 14:15,811,end,complete,P5_3#1#value|P5_2#1#value|P5_4#1#value|P5_5#1#value|P5_1#1#value,388abfdd5afc9a1d,2,1,59,6,5,9,196,6,3,3,5,2,Importaciones,Poder militar,Corea del norte,Cultura,Tecnología,1,1,1,1,1,2,2,3,2,3,2,1,2,2,3,En locales de propiedad chino,1,2,2,5,1,2,3,3,4,4,3,5
826336cb-dd6b-4ec8-9995-58f6c14c522c,561657766,1,11-Oct-2023 14:02,11-Oct-2023 14:08,364,end,complete,P5_3#1#value,4567d9823a4a3a23,3,2,18,2,5,9,196,6,98,1,5,3,Ropa,Cocina,Musica,Tostadas,Anime,999,999,1,999,999,1,4,3,3,,,2,2,2,3,solo en restaurantes y en tiendas,3,2,1,3,1,1,99,99,3,1,3,2
5ea1671c-5b25-4b0b-b8b1-7639931c2fd1,561657848,1,11-Oct-2023 14:03,11-Oct-2023 14:14,693,end,complete,P5_1#1#value|P5_5#1#value|P5_2#1#value,53c2b9cf22b4b22d,1,2,58,6,7,15,343,4,9,4,5,3,bombas,Intromición,Fuerte,Aliado,Potencia,1,1,999,999,1,1,3,4,1,5,4,2,2,2,3,No tengo contacto ni interacción con ninguno,3,1,1,2,2,1,99,99,3,1,2,3
f63891b7-e400-4e8b-b908-5bd0ac61b4b3,561657909,1,11-Oct-2023 14:03,11-Oct-2023 14:17,806,end,complete,P4_4|P5_5#1#value|P5_4#1#value|P5_3#1#value|P5_2#1#value|P5_1#1#value,5dfcfac8dc60d02f,3,2,46,5,3,8,163,6,98,3,5,1,Un pais muy avanzado,Un pais muy interesante,No se mucho de ese pais,??,Muy lindo,1,1,1,1,1,1,2,1,1,4,2,1,1,1,3,En un moll,1,1,2,4,1,5,1,1,1,4,1,5
7443e331-7742-4f5e-b2c7-d1577de59736,561657911,1,11-Oct-2023 14:03,11-Oct-2023 14:12,545,end,complete,P5_3#1#value|P5_4#1#value|P5_1#1#value|P5_5#1#value|P5_2#1#value,77a4a31392549d23,3,2,39,4,6,10,237,6,98,3,7,2,Producto barato,Inversión,Conflicto,Turismo,Tecnología,1,1,1,1,1,1,2,3,2,4,3,1,2,2,3,Negocios,3,2,1,4,2,2,3,3,4,3,1,3
af08e2ec-0e5d-4bdd-aa3e-6a4ebe978458,561658012,1,11-Oct-2023 14:04,11-Oct-2023 14:17,809,end,complete,P5_3#1#value|P5_1#1#value|P5_5#1#value|P5_2#1#value|P5_4#1#value,05c67a9584cdf75a,1,2,24,2,8,1,1,3,98,1,6,1,fabricas,obesidad,dictadura,paris,anime,1,1,1,1,1,1,3,2,1,4,2,2,1,1,4,"compañeros de colegio, luego compañeros de universidad y amigos que he conocido",2,1,2,4,2,2,2,3,4,4,1,2
30f705c1-4043-4055-8750-268038ffe2f8,561658164,1,11-Oct-2023 14:04,11-Oct-2023 14:13,530,end,complete,P5_5#1#value|P5_1#1#value|P5_3#1#value|P5_2#1#value|P5_4#1#value,a997f9f1b019313f,1,1,54,5,7,10,228,5,3,2,10,2,comunista,progresista,libertad,libertinaje,aplicados,1,1,1,1,1,3,5,4,3,,,1,1,2,3,las veces que fui al barrio Meiggs,3,2,1,1,2,1,99,1,2,1,3,1
7921163e-f353-4e84-8297-d79b2fa09e82,561658285,1,11-Oct-2023 14:05,11-Oct-2023 14:09,256,end,complete,P5_3#1#value|P5_2#1#value|P5_1#1#value|P5_5#1#value|P5_4#1#value,73d557df2d06cb78,1,2,28,3,8,14,331,4,98,3,6,4,productos,capitalismo,kpop,torre eiffel,anime,1,1,1,1,1,3,4,3,2,5,2,1,1,1,4,les compro productos en el mall chino,2,2,1,4,2,1,3,3,4,3,3,3
30c447ad-a8fd-4be5-b217-5eb5c74be28e,561658359,1,11-Oct-2023 14:06,11-Oct-2023 14:14,530,end,complete,P5_4#1#value|P5_1#1#value|P5_3#1#value|P5_2#1#value|P5_5#1#value,cd285f5a05ab94b0,3,1,49,5,5,9,207,6,98,3,5,1,Comunista,Democracia,Diciplinado,Revoluciones,Extrema comunista,1,1,1,1,1,1,2,1,1,5,3,2,2,2,3,En venta,1,2,1,5,2,5,1,1,3,5,2,3
82a5f742-321e-4c5b-a30d-34b3546fb230,561658433,1,11-Oct-2023 14:06,11-Oct-2023 14:17,661,end,complete,P5_4#1#value,8f7f2396cc9c4629,3,2,59,6,4,16,195,7,98,4,5,1,Muralla china,Capitolio,No se,La torre Eiffel,No se,999,999,999,1,999,3,3,3,2,5,2,1,2,2,2,Ninguna,2,2,1,3,1,3,3,3,4,3,1,3
ce4574eb-6169-49a9-8473-c94d5eee5477,561659597,1,11-Oct-2023 14:12,11-Oct-2023 14:19,447,end,complete,P5_5#1#value|P5_4#1#value|P5_1#1#value|P5_3#1#value|P5_2#1#value,c75cd35402878188,3,2,27,3,4,8,142,6,98,3,5,1,Trabajo,Lider,Innovacion,Perfume,Inteligencia,1,1,1,1,1,1,2,3,2,3,2,2,2,2,4,Cuando voy a comprar a los mall chinos,2,2,1,3,3,3,3,3,3,4,3,4
32becdc2-3da3-40ed-9f32-55b89dbf5a71,561659673,1,11-Oct-2023 14:12,11-Oct-2023 14:23,635,end,complete,P5_2#1#value|P5_5#1#value|P5_4#1#value,1b76f87acc4f4dff,1,2,56,6,7,5,49,4,98,3,5,1,Muro,Gringos,nada,torre Eifel,peliculas,999,1,999,1,1,1,3,3,3,,,1,1,2,4,solo con el mall chino,3,2,1,4,1,1,3,3,4,4,2,2
42c992bc-ace2-47e2-acec-800433ffb912,561659803,1,11-Oct-2023 14:13,11-Oct-2023 14:19,405,end,complete,P5_3#1#value,c713338161aa7cc9,3,2,27,3,7,8,142,7,98,1,5,2,Aliexpress,Pro,Nose,Sufios,Kpop,999,999,1,999,999,2,3,3,1,3,2,2,2,2,1,Cuando quiero ir a buscar algo económico en las tiendas chinas,3,2,2,4,3,3,2,2,2,4,3,3
c30f65c3-d6ff-4fa2-8f31-7a8cf2783872,561660402,1,11-Oct-2023 14:15,11-Oct-2023 14:21,363,end,complete,P5_2#1#value|P5_5#1#value|P5_3#1#value|P5_4#1#value|P5_1#1#value,af901fc8c5a20725,3,2,45,5,8,9,196,4,9,3,7,3,Plastico,Biden,Kpop,Paris,Manga,1,1,1,1,1,1,2,3,3,,,2,1,1,3,"En centros comerciales, colegios",3,2,1,4,3,4,2,3,4,4,2,2
93dc34d1-0ae6-43a5-b0a0-7c33b559d80c,561661060,1,11-Oct-2023 14:18,11-Oct-2023 15:33,4497,end,complete,P5_2#1#value|P5_1#1#value,a26bf2c68524272b,3,2,38,4,5,4,27,6,3,3,5,1,Mall chino,Bill clinton,Dramas coreanos,Torre eiffel,Sushi,1,1,999,999,999,1,2,3,1,4,2,2,2,2,2,Cuando voy a un mall chino o un restaurante chino,2,2,2,4,1,2,2,2,3,4,1,2
7a33d587-ba83-4bcf-a63e-1cb994c01a87,561661174,1,11-Oct-2023 14:18,11-Oct-2023 14:22,245,end,complete,P5_5#1#value|P5_4#1#value|P5_1#1#value|P5_2#1#value|P5_3#1#value,5b5812502da9912c,3,1,38,4,5,16,181,6,98,3,8,4,Poder,Poder,Poder,Roma,Calidad,1,1,1,1,1,2,4,2,1,4,2,1,1,1,4,Muchos en todos lados,2,1,1,3,1,4,2,2,4,4,1,4
b9f9fb22-9a3b-4877-8140-085e092ad7c2,561661586,1,11-Oct-2023 14:20,11-Oct-2023 14:28,515,end,complete,P5_1#1#value,8019f67f84d458a7,3,2,35,4,5,5,48,7,98,3,5,3,Anime,Pais,Pais,Pais,Anime,1,999,999,999,999,3,3,3,1,3,2,2,1,2,2,En los mall chinos,2,2,1,3,3,4,2,2,3,3,3,4
272680d5-2c1b-44ca-93bd-865fe3f43574,561661654,1,11-Oct-2023 14:20,11-Oct-2023 14:26,378,end,complete,P5_4#1#value|P5_1#1#value|P5_2#1#value|P5_5#1#value|P5_3#1#value,1599b012a61cb1d9,3,1,37,4,5,16,180,5,98,3,5,4,Electrodoméstico,Guerra,Guerra,Perfumes,Repuestos,1,1,1,1,1,1,3,3,3,,,2,2,1,4,No interactivo con minguno,3,2,1,4,3,3,2,3,4,4,3,4
bec26867-c395-4492-83ce-c4b90ec5758e,561661691,1,11-Oct-2023 14:20,11-Oct-2023 14:35,884,end,complete,P5_5#1#value,9ca50bfcad8c31d3,3,1,25,3,4,13,300,6,98,3,7,4,Recursos,Comida,Politica,Turismo,Cultura,999,999,999,999,1,2,4,3,3,,,2,2,2,3,Solo en comercio,2,2,1,5,1,3,2,2,4,3,2,3
c1e8ebcc-06cb-4c3c-a745-5548416ef54c,561662265,1,11-Oct-2023 14:23,11-Oct-2023 14:29,349,end,complete,P5_2#1#value|P5_4#1#value,568ddc44b86f0a89,3,1,21,2,6,3,17,7,1,3,8,4,Comida,Torres gemelas,Guerra,Torre,Series,999,1,999,1,999,1,4,3,1,5,2,2,2,1,3,Amistad,1,2,2,5,3,4,2,2,4,2,2,3
1cd85473-3ff9-4cde-a1b5-c9e251fa78df,561662505,1,11-Oct-2023 14:24,11-Oct-2023 14:37,792,end,complete,P5_2#1#value|P5_1#1#value,dd9c1fa9598dc228,3,2,49,5,6,7,122,6,98,3,5,1,Inversionista,Inversión,No tengo opinión,No tengo opinión,Potencia,1,1,999,999,999,1,4,3,3,,,2,2,2,1,Con ninguna,2,2,1,4,1,3,2,2,3,3,1,3
2a2f7ddb-8f21-460b-9f96-c7450f5c67d2,561663009,1,11-Oct-2023 14:27,11-Oct-2023 14:47,1195,end,complete,P5_1#1#value|P5_2#1#value|P5_3#1#value|P5_5#1#value|P5_4#1#value,00971a1770697fda,3,1,32,3,7,16,175,5,5,1,5,1,Dictadura,Capitalismo,Dictadura,Cultura,Produccion,1,1,1,1,1,1,3,1,1,3,5,2,2,2,4,Ningun contexto,3,2,1,3,3,1,99,99,3,3,2,4
0be63ceb-498e-45d5-86ab-dd32a64eaeb2,561663333,1,11-Oct-2023 14:28,11-Oct-2023 14:32,201,end,complete,P5_5#1#value|P5_4#1#value|P5_2#1#value|P5_3#1#value|P5_1#1#value,f627a8c7ddf599ad,1,2,31,3,7,15,343,4,98,4,5,1,POTENCIA,DINERO,TECNOLOGIA,BAGETTE,TECNOLOGIA,1,1,1,1,1,3,3,3,1,5,2,1,2,2,2,MALL CHINO,3,1,1,3,1,5,3,3,3,3,1,5
91ff1cb7-9bc3-4d01-b330-032ebcee1afc,561663647,1,11-Oct-2023 14:30,11-Oct-2023 14:38,461,end,complete,P5_1#1#value|P5_3#1#value|P5_2#1#value|P5_5#1#value|P5_4#1#value,0ad5a624af632c9f,3,2,26,3,3,8,149,6,98,3,6,3,Plástico,Nueva York,K pop,Paris,Sushi,1,1,1,1,1,3,3,3,1,1,5,1,2,2,2,Locales comerciales,2,2,1,2,1,1,3,3,4,2,3,2
6078eb9e-5e58-48f4-bc5a-7f5ba46a3f0a,561663773,1,11-Oct-2023 14:31,11-Oct-2023 14:39,500,end,complete,P5_2#1#value|P5_4#1#value|P5_3#1#value|P5_1#1#value|P5_5#1#value,61932cb143a593b3,1,1,52,5,5,15,343,5,98,3,6,1,ROPA,ropa,deporte,torre eifel,arroz,1,1,1,1,1,2,3,3,1,3,3,1,1,1,3,SOLO COMPRAS,3,2,1,3,3,3,3,3,2,2,3,3
bc94510f-42f3-4856-9a65-5081f4173f94,561663939,1,11-Oct-2023 14:32,11-Oct-2023 14:38,372,end,complete,P5_1#1#value|P5_2#1#value|P5_5#1#value|P5_4#1#value|P5_3#1#value,b5b995675d972182,1,1,31,3,1,6,88,6,98,1,6,2,autos baratos,dolar,ANIME,torre enffiel,aniem,1,1,1,1,1,2,5,1,1,3,1,1,1,2,4,"al comprar comida en restaurante, en los mall chinos",2,2,1,5,3,4,1,1,4,4,1,1
3dd5515b-8abb-4b29-9b08-120e5c7df4f0,561664260,1,11-Oct-2023 14:34,11-Oct-2023 14:45,686,end,complete,P5_3#1#value|P5_5#1#value|P5_2#1#value|P5_4#1#value|P5_1#1#value,f3dfb9a49c38b046,1,1,55,6,8,1,2,2,98,3,5,1,socio,Petroleo,Tecnologia,Vinos,Autos,1,1,1,1,1,2,2,1,3,,,1,1,2,2,"Dueños de negocios, mall chino, restaurant de comida china etc",2,2,1,4,2,2,2,2,4,4,3,4
eb4c8d5f-ba96-4708-a9bb-d006e0438271,561664566,1,11-Oct-2023 14:35,11-Oct-2023 14:44,560,end,complete,P4_4|P5_5#1#value|P5_1#1#value|P5_2#1#value|P5_4#1#value,84a4c2fa1a3b5409,3,2,40,4,5,5,48,6,3,3,5,2,Comunismo,Desarrollo,Nada,.jhhg,Desarrollo y disciplina,1,1,999,1,1,1,2,3,1,3,3,1,2,2,2,Solo al comprar en alguna tienda,3,2,2,4,2,2,3,3,2,2,2,2
c2a815be-b480-4a2b-8f27-5da975ac44e2,561664944,1,11-Oct-2023 14:37,11-Oct-2023 14:57,1179,end,complete,P5_5#1#value|P5_2#1#value|P5_4#1#value|P5_1#1#value|P5_3#1#value,157cb9af338d0a21,3,2,47,5,6,8,151,6,6,3,7,2,Flora y Fauna,Torres gemelas,Arquitectura futurista,Producción de vinos,Alta densidad de población,1,1,1,1,1,2,2,3,1,2,1,1,1,2,4,Locales donde vivo y sobre todo restaurante,2,2,1,4,1,3,2,2,4,4,1,3
9d2fa227-454e-4242-9732-16e9b5faa8ee,561665552,1,11-Oct-2023 14:40,11-Oct-2023 14:51,626,end,complete,P5_5#1#value|P5_3#1#value|P5_4#1#value|P5_1#1#value|P5_2#1#value,ab9aab04492b4b99,1,1,55,6,8,15,343,2,9,2,4,1,crecimiento,mal vecino,dictadura,república,imperio,1,1,1,1,1,1,3,3,1,5,2,2,2,1,1,Tengo una sobrina con ascendiente china en segunda generación,1,2,1,5,1,1,2,99,4,5,1,4
d9f92e05-58ba-4edf-8668-c672ca89bffd,561665757,1,11-Oct-2023 14:41,11-Oct-2023 14:56,864,end,complete,P5_5#1#value|P5_3#1#value|P5_4#1#value|P5_2#1#value|P5_1#1#value,0574818890ad433b,3,1,35,4,5,9,214,6,98,3,5,3,Trabajo,Guerra,Nada,Nada,Cultura,1,1,1,1,1,1,4,4,1,3,3,2,2,2,2,Cuando necesito comprar,3,2,1,3,3,4,2,99,3,5,2,5
25ecf032-1275-4e56-987b-f7c06f58e79e,561667314,1,11-Oct-2023 14:48,11-Oct-2023 14:55,414,end,complete,P5_5#1#value|P5_1#1#value|P5_3#1#value|P5_2#1#value|P5_4#1#value,9b83f3491fccd783,3,1,59,6,4,9,227,5,98,1,4,1,Chinos,Guerras,Coreanos,Vino,Industria,1,1,1,1,1,1,2,3,1,5,3,2,2,2,2,Solo en compras online y presencial,2,2,2,3,2,2,2,1,2,4,2,3
31df0569-d943-459d-91fb-a2a15fbdce1d,561667549,1,11-Oct-2023 14:49,11-Oct-2023 14:59,578,end,complete,P5_5#1#value|P5_4#1#value|P5_3#1#value|P5_2#1#value|P5_1#1#value,3556605c63b986d3,1,1,67,7,5,8,151,5,98,4,2,1,Comunismo,Capitalismo,Asia,Derecha,Tecnología,1,1,1,1,1,1,4,4,2,4,2,2,2,2,2,No tengo contacto,3,2,1,3,2,2,3,2,3,3,3,3
b18de843-c977-4016-b176-780ff749aee6,561668982,1,11-Oct-2023 14:55,11-Oct-2023 15:03,439,end,complete,P5_5#1#value|P5_2#1#value|P5_1#1#value|P5_3#1#value|P5_4#1#value,63ba17a39a55c151,3,1,53,5,9,15,343,3,8,2,4,1,Gigante,Racismo,Gringo,Caos,Tecnología,1,1,1,1,1,1,2,2,1,4,3,2,1,1,3,Amistad,2,1,1,4,1,2,3,99,3,4,1,2
e353d627-c102-4412-b60f-69b1b37ce5d7,561669007,1,11-Oct-2023 14:56,11-Oct-2023 15:05,584,end,complete,P5_4#1#value,844425f9b125d8a3,3,2,49,5,7,1,2,4,98,1,6,2,Mercaderia,Potencia,Arquitectura,Hermoso,Lider,999,999,999,1,999,1,1,3,3,,,2,1,2,4,Solo los que atienden en restaurantes,1,2,1,5,3,5,1,2,3,4,3,5
2b6b1e6c-c904-4c0e-a862-e229429707b4,561669289,1,11-Oct-2023 14:57,11-Oct-2023 15:06,547,end,complete,P5_3#1#value|P5_2#1#value|P5_4#1#value|P5_1#1#value|P5_5#1#value,73c714f3359ff02b,3,1,75,7,6,3,17,5,98,1,10,2,Comercio,Libertad,Comercio,Ciudades bellas,Comidas,1,1,1,1,1,1,5,1,1,4,3,2,2,2,2,Ninguno,3,2,2,2,3,3,3,1,2,2,2,3
24c61b68-e942-4199-ae53-7fcbbbb113e0,561669614,1,11-Oct-2023 14:59,11-Oct-2023 15:32,1982,end,complete,P5_3#1#value|P5_5#1#value|P5_4#1#value|P5_2#1#value|P5_1#1#value,d6c3d06664c861c6,1,1,63,6,8,15,343,4,6,1,5,1,cheap,nba,Samsung,queso y vino,Sony,1,1,1,1,1,1,1,3,1,3,2,2,2,1,1,No 0 contacto,2,2,1,4,2,3,1,99,4,3,2,2
41d7ff74-c4e5-43c5-af0f-48e639777bce,561669798,1,11-Oct-2023 15:00,11-Oct-2023 15:10,599,end,complete,P5_1#1#value|P5_3#1#value|P5_5#1#value|P5_4#1#value|P5_2#1#value,2cbfdb3ac91af79b,3,1,64,6,7,1,1,5,98,4,10,2,Futuro,Potencia,Lejos,Belleza,Grande,1,1,1,1,1,1,4,4,1,3,3,2,1,2,2,Videos de la cultura china,3,2,1,3,1,2,99,1,2,2,1,3
ef412674-1edd-4b6a-8940-c376c00648ec,561670185,1,11-Oct-2023 15:02,11-Oct-2023 15:10,498,end,complete,P5_5#1#value,bdd0c9b7bc84631d,3,2,35,4,4,4,36,7,98,3,5,4,Guerra,No se,Guerra,No se,Virus,999,999,999,999,1,1,2,3,1,5,1,2,2,2,4,No lo se,2,2,2,5,1,3,3,3,4,4,3,4
a65fb027-81b3-4162-91d5-03a5416ba1d9,561670237,1,11-Oct-2023 15:02,11-Oct-2023 15:19,1007,end,complete,P5_2#1#value,11d0d266ab1620b1,3,2,55,6,6,10,229,6,98,3,10,2,Comercio,Sueño americano,Miedo,Turistico,Turistico,999,1,999,999,999,1,3,3,1,4,3,2,2,1,2,Al comprar en locales chinos.,2,2,1,3,3,3,99,2,3,3,3,3
ae0396c3-24d0-44ea-8071-bb4ee4a511d9,561670254,3,11-Oct-2023 15:02,11-Oct-2023 15:25,1405,end,complete,P5_5#1#value|P5_1#1#value|P5_2#1#value|P5_4#1#value,6b198cdaa92db5a8,3,2,43,4,8,3,17,3,1,3,5,3,Orden,Avance,Dicatdor,Elegancia,Tecnologia,1,1,999,1,1,1,3,3,3,,,1,1,1,2,Ninguno,2,1,1,4,3,4,2,2,4,4,2,3
87cd33b2-0db5-46d2-9ca1-215d7cd40b33,561670921,1,11-Oct-2023 15:05,11-Oct-2023 15:16,648,end,complete,P5_1#1#value|P5_2#1#value,20790f7589521cd7,3,2,34,3,7,16,180,5,98,1,5,1,Potencia mundial,Potencia mundial,Complicado,Torre einffel,Nada,1,1,999,999,999,2,3,1,2,4,3,1,2,2,3,Solo cuando compro en sus tiendad,2,2,1,5,2,2,2,2,3,3,1,3
ecdb3336-21cd-45ca-b263-bb3023d6f1aa,561670974,1,11-Oct-2023 15:05,11-Oct-2023 15:14,539,end,complete,P5_3#1#value|P5_5#1#value|P5_1#1#value|P5_4#1#value|P5_2#1#value,d767b87113f03322,1,2,39,4,9,16,175,3,98,3,5,1,variedad,capitalismo,restricciones,alegria,normas,1,1,1,1,1,1,3,3,1,2,1,1,1,2,4,negocios,3,1,1,2,2,1,99,99,4,3,2,2
8e3434e1-bc68-4678-a32c-04f586442377,561671186,1,11-Oct-2023 15:06,11-Oct-2023 15:24,1042,end,complete,P5_5#1#value|P5_2#1#value|P5_4#1#value|P5_3#1#value|P5_1#1#value,239ad1f343221270,3,2,43,4,6,5,49,7,98,3,5,1,Cultura ancestral,Gran potencia mundial,Militarismo,"París,  torre eiffel",Sushi,1,1,1,1,1,1,3,4,3,,,1,2,2,4,Solamente cuando voy a comprar a algún mall chino,4,2,1,3,2,1,99,3,3,3,2,2
a6b4b5c8-c66b-4b76-94f7-f42ac06d0523,561672111,1,11-Oct-2023 15:11,11-Oct-2023 15:23,724,end,complete,P5_4#1#value|P5_3#1#value|P5_1#1#value|P5_2#1#value|P5_5#1#value,2148ac7f156663a1,3,1,61,6,9,1,1,2,1,2,4,1,Gigante economico,Potencia económica,Economía emergente,Turismo,Lider en Tecnologia,1,1,1,1,1,1,3,2,1,4,3,2,1,1,3,Comercialmente,2,1,1,4,1,3,2,2,4,4,2,3
a252ca1b-425a-48d9-8540-cdea3b40f259,561672474,1,11-Oct-2023 15:12,11-Oct-2023 15:22,572,end,complete,P5_2#1#value|P5_3#1#value|P5_1#1#value|P5_5#1#value|P5_4#1#value,b53a8d31fda12acf,1,1,72,7,9,1,2,3,8,1,2,1,Desarrollo,Imperialismo,Tecnología,Revolución,Tecnología,1,1,1,1,1,1,1,3,1,3,1,2,2,1,4,Comercio,1,1,1,5,2,2,1,99,1,5,1,1
4dc19183-9218-42ae-8606-5a2f6e3793a8,561673441,1,11-Oct-2023 15:16,11-Oct-2023 15:30,800,end,complete,P5_3#1#value|P5_4#1#value|P5_5#1#value|P5_2#1#value|P5_1#1#value,afad35a921a8a2c8,3,2,52,5,6,10,239,6,98,2,5,1,Cultura,Sueño,Invasivo,Hermoso,Gran potencia,1,1,1,1,1,1,5,2,1,4,4,1,2,2,2,Ninguno no conozco a nadie,2,2,1,2,1,2,3,2,2,2,3,4
8b0b344d-badc-4fde-a2e5-69a6111ea349,561673652,1,11-Oct-2023 15:17,11-Oct-2023 15:28,626,end,complete,P5_4#1#value|P5_3#1#value|P5_2#1#value|P5_1#1#value|P5_5#1#value,45797808c1d6d592,3,2,29,3,8,4,27,6,3,3,4,1,Manufactura,Media/tv,Avanzado/alta calidad,Cosmética,Tecnología,1,1,1,1,1,1,1,3,3,,,2,1,2,3,"Comprando en inportadoras o restaurantes chinos, en internet/rr.ss. hablando sobre música, maquillaje, comida, moda, etc",2,1,1,4,1,2,2,3,4,4,1,3
006ef4eb-54f0-4b5f-94fe-9dcece4532a2,561674144,1,11-Oct-2023 15:19,11-Oct-2023 15:31,683,end,complete,P5_1#1#value,af45ca26fcd65fbd,1,2,28,3,8,16,175,4,98,3,10,1,importación,potencia,armas,paris,deporte,1,999,999,999,999,1,3,3,1,3,3,2,2,1,4,en el comenrcio,3,2,1,3,1,3,3,3,4,2,3,3
f61cd6f0-f4bc-48e0-a048-370819679b69,561674747,1,11-Oct-2023 15:22,11-Oct-2023 15:44,1288,end,complete,P5_1#1#value|P5_3#1#value|P5_4#1#value|P5_2#1#value|P5_5#1#value,08b16f6ba8ac1dbf,3,2,28,3,6,5,49,6,3,3,5,3,Artes marciales,País turístico,Doramas,Elegancia,Doramas,1,1,1,1,1,3,3,3,1,5,3,2,2,2,3,No conozco a nadie,3,2,1,3,3,3,2,1,4,3,3,3
eb3a42a8-68e0-4273-ad13-7bfcf14d91c4,561675044,1,11-Oct-2023 15:24,11-Oct-2023 15:39,905,end,complete,P5_3#1#value|P5_5#1#value|P5_4#1#value|P5_2#1#value|P5_1#1#value,647bdd0b68dcc38c,3,2,61,6,5,1,1,5,98,1,3,1,Potencia,Potencia,Economia,Estabilidad,Economía,1,1,1,1,1,1,3,1,1,5,2,1,1,1,2,En mall y restauran,2,2,1,4,2,3,2,2,4,4,2,2
a79e4a6a-e38d-4f02-918d-3814a3de1a24,561675314,1,11-Oct-2023 15:25,11-Oct-2023 15:35,592,end,complete,P5_4#1#value|P5_2#1#value,1da451a28a9b64b2,3,2,56,6,9,16,175,2,98,4,6,4,Invasores en Chile,Disney,Guerra,Clásisismo arquitectura,Cultura,999,1,999,1,999,3,4,3,2,5,5,1,1,2,4,Ninguna interacción,3,2,1,2,3,2,99,3,4,4,3,4
f0c7da87-546c-4959-86fd-b48d35a3a28e,561675664,1,11-Oct-2023 15:27,11-Oct-2023 15:37,621,end,complete,P5_5#1#value|P5_4#1#value|P5_3#1#value|P5_1#1#value|P5_2#1#value,2a23a1396f5f4fd1,3,2,35,4,8,16,181,6,98,4,4,1,Muchos productos de todo tipo,Dominio mundial,Armas nucleares,Torre Eiffel,Anime,1,1,1,1,1,1,2,4,3,,,2,2,2,4,"A pesar de no vivir cerca de un mall chino, de igual manera los visito frecuentemente. Por lo menos 1 vez al mes.",2,2,2,3,2,3,2,2,4,3,1,3
fb8e1bae-6889-4bcf-8bda-d1c6d08f3613,561675894,1,11-Oct-2023 15:28,11-Oct-2023 15:35,410,end,complete,P5_5#1#value,1f8480bb4586416d,3,1,44,4,6,14,339,6,3,1,5,4,Nads,Nads,Nada,Nada,Nada,999,999,999,999,1,3,3,3,3,,,2,2,2,4,Compras,3,2,2,3,3,3,3,3,4,3,3,3
a0822415-0bb3-4d38-867a-e8722a4f0c82,561676283,1,11-Oct-2023 15:30,11-Oct-2023 15:43,782,end,complete,P5_5#1#value|P5_2#1#value|P5_4#1#value|P5_1#1#value|P5_3#1#value,13f97d77167b751b,3,1,20,2,7,2,8,4,3,2,5,4,Cobre,Boxeo,Comida coreana,Amor,Maravilla,1,1,1,1,1,3,3,2,3,,,2,1,2,3,Restaurante o mall chino,3,1,1,4,1,2,3,99,3,1,2,2
d4ac48bc-536b-492e-af28-af099169a9ce,561676958,1,11-Oct-2023 15:33,11-Oct-2023 15:41,475,end,complete,P5_2#1#value|P5_1#1#value,0b687aa41c457fa1,3,2,26,3,8,10,241,6,98,3,5,1,Productos de todo tipo,Educación,K-pop,Pan,Autos,1,1,999,999,999,1,4,3,2,4,3,1,2,2,2,Negocios en mi comunda,3,2,1,2,3,3,3,3,2,4,1,2
bb20d101-a25e-4d40-93a7-d48b7835fa5a,561677098,1,11-Oct-2023 15:33,11-Oct-2023 15:39,374,end,complete,P4_1|P4_5|P4_4|P4_2|P4_3|P5_3#1#value,05721d4982006ba9,3,2,22,2,7,5,49,5,7,3,5,1,Jbg,Vjn,Jdkd,Vb,Jhjhjbb,999,999,1,999,999,3,1,4,3,,,2,2,1,3,Solo de vista,3,2,2,2,2,3,2,1,2,3,1,4
952724f2-1064-4126-80b3-bead9a160cc2,561677120,1,11-Oct-2023 15:33,11-Oct-2023 15:48,882,end,complete,P5_1#1#value|P5_2#1#value|P5_4#1#value|P5_3#1#value|P5_5#1#value,f4d09d0c6690db01,3,2,46,5,6,1,1,6,2,3,6,1,Fabricas,Multonacional,Comunismo,Pequeño,Gueisa,1,1,1,1,1,1,2,3,1,3,4,2,2,2,4,Ninguna  solo cuando voy a sus restaurantes o moll,2,2,1,4,2,1,2,1,2,3,2,2
76efbd18-dd3d-4162-afcf-a43f74be8af2,561679328,1,11-Oct-2023 15:42,11-Oct-2023 16:03,1257,end,complete,P5_5#1#value|P5_3#1#value|P5_4#1#value|P5_2#1#value|P5_1#1#value,8232877294c7d001,3,2,27,3,7,11,258,5,98,3,9,2,Muralla china,Comida rápida,Tecnología,Vino,Tecnología,1,1,1,1,1,1,2,3,3,,,2,2,2,3,Cuando compro en tiendas o cuando compro e tiendas online.,3,2,2,4,3,4,2,2,2,4,1,2
5099d116-32a9-4d66-88bc-fbda9173495d,561679601,1,11-Oct-2023 15:44,11-Oct-2023 15:52,523,end,complete,P5_1#1#value|P5_3#1#value,c512dc005b0381cb,2,2,50,5,5,3,17,6,98,3,5,4,Proveedor,Problemas,No se,No se,No se,1,999,1,999,999,2,4,3,1,3,2,2,1,1,2,Muy poca,2,2,1,4,3,3,3,3,4,3,3,3
55982434-4ca1-4b81-8b22-9a7fc040fc0e,561679875,1,11-Oct-2023 15:45,11-Oct-2023 15:58,780,end,complete,P5_3#1#value|P5_5#1#value|P5_4#1#value|P5_2#1#value|P5_1#1#value,716a94dd32378094,1,1,57,6,7,4,36,6,9,4,5,1,exportador,peliculas,kpop,turismo,automoviles,1,1,1,1,1,2,2,3,2,3,3,1,2,1,1,en la ciudad donde residia hace 3 años habia personas de ascendencia china,2,2,2,4,1,4,2,3,4,4,1,3
321c3056-f7c9-4f1c-a376-3cbb214b7e48,561680593,1,11-Oct-2023 15:48,11-Oct-2023 15:55,449,end,complete,P5_5#1#value|P5_3#1#value|P5_4#1#value|P5_1#1#value|P5_2#1#value,5a6839df991aff5d,3,2,21,2,6,3,17,5,98,3,2,1,rojo,gringo,baile,París,tecnología,1,1,1,1,1,2,3,3,1,3,2,1,1,2,2,"mall chino, restaurantes, comida rápida",2,1,2,3,1,4,2,3,3,3,1,3
e4d1b19e-7c58-47cd-9ba2-2302ee29e519,561680640,1,11-Oct-2023 15:48,11-Oct-2023 15:57,554,end,complete,P5_3#1#value|P5_1#1#value|P5_5#1#value|P5_4#1#value|P5_2#1#value,b019938d83a414d1,3,1,70,7,9,13,279,3,8,3,5,4,Muralla,Estudios,Ingeniería,Turismo,Tecnología,1,1,1,1,1,3,3,3,1,5,2,1,1,1,1,Solo compras.,3,2,1,3,3,3,3,3,3,3,3,3
3dbf8dbc-0ee3-4d75-930c-529122a5a460,561680749,1,11-Oct-2023 15:49,11-Oct-2023 16:15,1567,end,complete,P5_2#1#value|P5_5#1#value|P5_4#1#value|P5_1#1#value|P5_3#1#value,5f608a1954d9c49c,3,2,23,2,6,3,18,4,5,1,4,1,"Comunismo, confucionismo",Imperialismo y capitalismo,"Bts, cultura coreana","París, revolucion","Anime y manga, estrictos",1,1,1,1,1,1,2,1,3,,,2,2,2,2,Por Internet en redes sociales y youtube,2,1,2,3,1,3,3,99,4,4,1,4
e5e9bc56-26e0-4bc9-92ed-5b6256f2c44c,561680991,1,11-Oct-2023 15:49,11-Oct-2023 16:00,632,end,complete,P5_4#1#value|P5_3#1#value|P5_1#1#value|P5_2#1#value|P5_5#1#value,64975c361aa94468,3,2,43,4,4,10,247,6,98,2,6,3,Avance,Un país grande,Tecnologia,Arquitectura,Orden,1,1,1,1,1,3,3,4,2,3,2,2,2,2,3,No tengo contacto,3,2,1,3,2,1,3,2,3,3,2,1
566b7cad-c15b-4337-a468-b68949d092ff,561681035,1,11-Oct-2023 15:49,11-Oct-2023 16:08,1090,end,complete,P5_2#1#value,096c697089dc9777,1,1,81,7,3,2,12,6,98,1,5,2,conflictos,Gran Pais,conflictos,nada,conflictos,999,1,999,999,999,1,3,3,2,3,2,1,1,2,2,ningun contexto,2,2,2,3,1,4,2,1,4,4,2,2
f1ed7584-01ff-42e0-b46a-5303ec7e066d,561681074,2,11-Oct-2023 15:50,11-Oct-2023 20:38,567,end,complete,P5_2#1#value|P5_4#1#value|P5_1#1#value|P5_3#1#value|P5_5#1#value,2a312da132270524,1,1,51,5,9,1,1,3,98,1,2,1,comercio,capitalismo,comercio,cultura,tecnologia,1,1,1,1,1,1,2,1,3,,,1,1,1,2,familiares,2,2,2,4,3,4,2,99,1,4,1,3
45a08e10-ab84-406d-8315-c65cdc55d351,561682357,1,11-Oct-2023 15:55,11-Oct-2023 16:00,299,end,complete,P5_3#1#value|P5_1#1#value|P5_5#1#value|P5_2#1#value|P5_4#1#value,55f5d51140df8f93,3,1,46,5,8,1,1,3,4,3,5,3,Provedor,Merchandicing,Teledramas,Perfumes,Comprador,1,1,1,1,1,1,4,3,1,3,2,2,1,1,4,Compañeros de trabajo,2,1,2,4,2,4,1,3,1,4,2,2
7a17ebf0-37b9-4466-913a-c6d0e6bca857,561683346,1,11-Oct-2023 15:59,11-Oct-2023 16:09,623,end,complete,P5_3#1#value|P5_5#1#value|P5_4#1#value|P5_2#1#value|P5_1#1#value,77cc2cfa395d4036,3,1,66,7,5,7,112,5,98,2,10,2,Orden,Libertad,Milicia,Arte,Respeto,1,1,1,1,1,3,2,3,2,3,2,1,1,2,3,En sus negocios como comprador,2,2,1,4,1,2,2,2,4,3,3,4
24a8d2d4-97c0-4df0-8dfa-112cae722558,561684073,1,11-Oct-2023 16:01,11-Oct-2023 16:16,864,end,complete,P5_3#1#value,58bba1a071afcf2b,1,1,64,6,8,13,288,3,98,3,5,4,huawei,ford,samsung,citroen,sony,999,999,1,999,999,1,4,3,1,4,2,1,1,1,4,cita medica,1,2,1,4,2,1,2,2,4,3,3,4
799ecb3e-c7d6-4846-9032-6d11c9c4454a,561684797,1,11-Oct-2023 16:04,11-Oct-2023 16:20,964,end,complete,P5_2#1#value,6c1b95d08775b579,3,2,55,6,3,16,175,5,98,3,5,4,Pais,Pais,Pais,Pais,Pais,999,1,999,999,999,3,3,4,3,,,2,2,2,3,Ninguna,3,2,1,3,2,3,99,99,4,3,1,3
771c98ca-f9a4-4cc3-a605-89fe2ae5c411,561685352,1,11-Oct-2023 16:07,11-Oct-2023 16:20,816,end,complete,P5_4#1#value|P5_5#1#value|P5_1#1#value|P5_3#1#value|P5_2#1#value,c030961c29d31a61,3,1,68,7,5,1,1,5,3,2,5,2,Derechos Humanos infringidos,Guerra,Turismo,Sentarse en los huevos,"Educación, Orden",1,1,1,1,1,2,2,1,1,4,3,2,1,1,4,"Principalmente comercial, pues, en la empresa donde trabajo, proveemos de mercaderías e insumos para funcionamiento de sus restaurantes...",2,2,2,5,3,4,2,2,4,4,2,3
ba379e32-5739-45b7-9402-1fd0054195bf,561688047,2,11-Oct-2023 16:19,11-Oct-2023 18:25,886,end,complete,P5_2#1#value,c0ba2ddd6c7c50ba,3,2,45,5,5,1,1,5,3,1,5,2,Ropa,Disney,Dulces,La torre eifeel,No se,999,1,999,999,999,1,2,1,2,3,3,2,2,1,2,"Cuando voy acomprar al mall  zofri,hay muchos locales que son atendidos por ellos",2,2,2,4,3,3,99,99,4,3,3,5
96e9d2f0-8753-4be2-83d7-8c5a41e9ba15,561688305,1,11-Oct-2023 16:20,11-Oct-2023 16:28,468,end,complete,P5_2#1#value|P5_4#1#value|P5_3#1#value|P5_5#1#value|P5_1#1#value,c98a0061963b0af6,3,1,26,3,3,2,8,5,98,1,6,4,Automóviles,Automóviles,Automóviles,Comida y indumentaria,Robots y automóviles,1,1,1,1,1,2,2,2,3,,,2,1,1,2,Restaurantes,1,2,1,5,3,5,1,1,4,4,3,5
7c6fdf00-3caa-4cc7-b455-131710f0a25c,561690351,1,11-Oct-2023 16:30,11-Oct-2023 16:42,741,end,complete,P5_4#1#value|P5_3#1#value|P5_5#1#value|P5_2#1#value|P5_1#1#value,3c62145048bdaa83,3,1,50,5,8,3,17,5,98,2,8,2,Potencial,Potencia,K pop,Turismo,Moderno,1,1,1,1,1,1,3,3,1,3,2,1,1,1,3,Comercial,2,2,1,4,1,4,2,3,3,4,2,3
d7e5835b-684c-4b6d-91a8-0b92f211cd36,561690382,1,11-Oct-2023 16:30,11-Oct-2023 16:42,725,end,complete,P5_1#1#value,22ca3c34b81a3c7a,3,2,38,4,3,16,175,6,98,1,5,4,Suchi,Hamburguesas,Nada,Amor,Electrónico,1,999,999,999,999,1,3,3,1,3,1,1,2,2,3, En Ninguna contedto,2,2,2,3,2,3,99,99,3,3,1,3
7e7c4da9-36bc-4275-8502-5355441e722b,561690766,1,11-Oct-2023 16:32,11-Oct-2023 17:14,2549,end,complete,P5_4#1#value|P5_2#1#value|P5_1#1#value|P5_3#1#value|P5_5#1#value,4ba7cac766109c78,3,2,68,7,5,3,22,6,7,4,3,1,La Muralla,Miami,Seúl,Torre Eiffel,Hiroshima,1,1,1,1,1,1,4,1,1,3,2,2,2,2,2,Locales comerciales,3,2,1,4,2,2,2,3,4,4,1,1
dbb3ee87-b756-4039-9fb9-533fc414c031,561690837,1,11-Oct-2023 16:32,11-Oct-2023 16:42,591,end,complete,P5_2#1#value|P5_3#1#value|P5_4#1#value|P5_5#1#value|P5_1#1#value,5adb47ba0dadcd66,3,1,72,7,5,16,180,5,98,3,6,3,Comunismo,Democracia,Dictadura,Torre Eifel,Flor de cerezo,1,1,1,1,1,1,5,2,3,,,1,2,2,3,Ninguna,3,2,1,1,2,1,99,1,2,2,1,5
02da8da9-6555-4588-a11a-57e39e75cc44,561691057,1,11-Oct-2023 16:33,11-Oct-2023 16:48,919,end,complete,P5_4#1#value|P5_2#1#value|P5_3#1#value|P5_5#1#value|P5_1#1#value,fa05bdf93fdfb62b,3,2,50,5,4,1,2,4,3,1,5,3,Inversor,Inversor,Inversor/Comprador,Comprador,Inversor,1,1,1,1,1,1,2,1,2,3,3,2,1,1,2,Por amistad,1,2,1,4,1,2,3,3,3,3,2,2
9b546bd1-4468-4c76-a256-bf47bfcd434f,561692142,1,11-Oct-2023 16:38,11-Oct-2023 16:47,592,end,complete,P5_4#1#value|P5_2#1#value|P5_5#1#value|P5_1#1#value,102ff86f83a23a78,3,1,60,6,3,10,247,7,98,3,5,3,Ingenio,Potencia opresora a países Chicos.,Nada,Elegancia,Samurai,1,1,999,1,1,3,2,1,3,,,2,2,2,1,No tengo contacto.,3,2,1,5,1,2,2,99,1,5,3,5
8d587cf1-bb95-4c9e-ae67-ba41560cd62e,561692787,1,11-Oct-2023 16:40,11-Oct-2023 16:53,781,end,complete,P5_4#1#value|P5_2#1#value|P5_1#1#value|P5_5#1#value,6224ad7841676513,3,1,51,5,5,3,17,5,4,2,5,1,Potencia,Potencia,Gran conprador,Lindo pais,Potencia,1,1,999,1,1,1,2,2,2,4,2,1,1,1,3,De amistad,2,2,1,2,3,2,3,1,2,2,3,5
ca68829a-9366-4ad9-8951-ecd885b1e360,561693317,1,11-Oct-2023 16:43,11-Oct-2023 16:55,737,end,complete,P5_4#1#value,d1d0dbacac8c2160,1,2,19,2,5,10,228,6,98,1,5,3,chinos,ingles,coreanos,torre,banderas,999,999,999,1,999,3,3,3,1,3,3,2,2,2,2,en los mall chinos,2,2,1,4,3,4,2,3,4,3,2,2
157188c7-4b5f-4d37-bd6f-f4e5d0ffe626,561693664,1,11-Oct-2023 16:44,11-Oct-2023 16:54,599,end,complete,P5_5#1#value|P5_1#1#value|P5_4#1#value|P5_2#1#value|P5_3#1#value,39dab40b35d86da4,1,1,78,7,9,16,175,2,98,3,7,2,dictadura,conflictos raciales,desafío,migración desbordada,tecnología,1,1,1,1,1,1,4,3,2,4,2,2,2,2,1,no tengo,3,2,1,2,3,2,3,2,3,4,1,4
107f3cdb-1dd2-42dc-b42d-648841a5b0cb,561696311,1,11-Oct-2023 16:57,11-Oct-2023 17:09,748,end,complete,P5_4#1#value,86923f924c75add4,3,2,30,3,6,2,12,6,98,4,5,4,Cultura,Viajes,Paisajes,Torre eifel,Animes,999,999,999,1,999,1,3,3,2,3,3,1,1,2,2,Solo en videos de Youtube,2,2,2,4,2,1,99,3,4,3,2,3
7d88fc42-41a9-4462-b387-55d0639ce63d,561698371,1,11-Oct-2023 17:06,11-Oct-2023 17:13,406,end,complete,P5_2#1#value|P5_1#1#value|P5_4#1#value|P5_3#1#value|P5_5#1#value,944bdda56149a6a7,3,1,21,2,5,16,190,6,2,2,6,1,Exportador,Dolar,Pais,Torre eiffel,Anime,1,1,1,1,1,1,3,2,3,,,1,2,2,3,Cuando compramos en las tiendas y estanbde trabajadores los saludo,1,2,1,5,1,2,2,3,4,4,1,1
1577aa6e-a213-4126-9392-e12debd112f0,561699104,1,11-Oct-2023 17:10,11-Oct-2023 17:26,963,end,complete,P5_2#1#value,5337ccc1566d5355,3,2,55,6,2,4,26,7,98,1,5,3,Hermoso,Nose,Nose,No sé,No sé,999,1,999,999,999,1,2,3,1,4,3,1,2,2,2,No tengo contacto sólo cuando compro algo,2,1,1,2,1,2,3,1,3,4,3,3
f3dc64d7-6af9-4c2b-adac-6c3ea5245461,561699365,1,11-Oct-2023 17:11,11-Oct-2023 17:24,767,end,complete,P5_5#1#value|P5_1#1#value|P5_2#1#value|P5_4#1#value|P5_3#1#value,b694316cddf18c55,3,1,27,3,5,1,1,5,7,2,6,1,piratería,guerra,doctrina,queso,sushi,1,1,1,1,1,1,3,1,1,4,2,1,2,1,3,trabajo y convivencia,1,1,1,5,1,5,2,1,4,4,3,5
67a9a931-8cd2-4179-90c7-0f0117126527,561700395,1,11-Oct-2023 17:17,11-Oct-2023 17:31,875,end,complete,P5_2#1#value,a72168d3a9170f94,3,2,41,4,5,3,17,5,3,4,4,3,Arroz,Dolares,Nada,Lugar que quiero.conocer,Comida,999,1,999,999,999,3,3,4,3,,,2,2,1,3,Conozco por motivos laborales,3,2,1,3,2,3,99,2,3,3,2,3
4197cf14-0167-44db-9087-04675e866c8c,561702053,1,11-Oct-2023 17:25,11-Oct-2023 17:32,414,end,complete,P5_5#1#value|P5_1#1#value|P5_2#1#value|P5_3#1#value|P5_4#1#value,277fd58b0548ab75,3,2,25,3,6,13,287,7,2,3,4,1,chinos,gringos,chinos,Torre,Chinos,1,1,1,1,1,2,3,3,1,3,1,1,1,2,2,no ninguna relación,2,2,2,4,3,2,2,2,3,4,2,4
ff05d814-27aa-4fec-ba1d-98cc034af495,561702534,1,11-Oct-2023 17:27,11-Oct-2023 17:36,519,end,complete,P5_3#1#value|P5_4#1#value|P5_5#1#value|P5_1#1#value|P5_2#1#value,f4d92d120024f45d,3,2,67,7,9,1,1,5,8,4,5,3,Terror,Sueños,Miedo,Torre,Conocer,1,1,1,1,1,1,5,4,1,3,3,1,2,2,4,Ningua no conozco a nadie con esa nacionalidad,3,1,2,1,2,1,99,1,2,3,3,1
46d9bd28-94df-48a9-8da7-ed9383490bfb,561703287,1,11-Oct-2023 17:31,11-Oct-2023 17:41,613,end,complete,P5_2#1#value|P5_5#1#value|P5_3#1#value|P5_1#1#value|P5_4#1#value,829df57534f4536d,1,1,48,5,4,4,26,6,1,1,8,2,comercio,altaneros,guerra,vacaciones,comercio,1,1,1,1,1,1,4,1,3,,,2,1,2,3,no tengo ninguna persona que conozca,2,2,1,5,3,5,2,3,1,4,1,3
ffc6c072-b7de-406d-8c52-24179655d7b2,561707262,1,11-Oct-2023 17:51,11-Oct-2023 18:01,616,end,complete,P5_2#1#value|P5_1#1#value|P5_4#1#value,7120830c439f4dd5,1,2,61,6,8,10,238,2,98,3,3,1,economia pujante,para olvidar,nada,conflictos raciales,caro,1,1,999,1,999,3,2,3,1,2,2,2,2,2,3,En negocios de comidas y productos varios,4,2,1,4,2,2,3,99,1,4,3,5
5deaca2a-34e5-45d5-b7de-4c4035b6238c,561708725,1,11-Oct-2023 17:58,11-Oct-2023 18:06,457,end,complete,P4_3|P5_5#1#value|P5_3#1#value|P5_4#1#value|P5_2#1#value,c0c589056a19905a,3,2,25,3,3,5,48,7,98,3,5,1,Tecnologia,Racismo,Bts,Torre eiffel,Nintendo,999,1,1,1,1,1,3,3,3,,,1,2,1,1,Vendedores,2,1,2,4,3,3,3,99,4,3,1,3
f144b128-0c36-4119-bfcf-28f50bbef8fd,561709390,1,11-Oct-2023 18:02,11-Oct-2023 18:10,505,end,complete,P5_2#1#value,cbf82650ab589cd3,3,1,57,6,9,3,22,1,98,2,6,4,Crecimiento,Poder,Tecnologia,Ciñtura,Tecnologia,999,1,999,999,999,1,2,3,1,3,2,1,1,2,1,Ninguno a nivel personal,2,2,1,4,1,2,3,3,4,3,2,2
48bc81a6-2757-4733-98f9-c76affad6c82,561709439,1,11-Oct-2023 18:02,11-Oct-2023 18:16,845,end,complete,P5_4#1#value|P5_1#1#value|P5_2#1#value|P5_5#1#value,d4dbf3aa1d561627,3,2,50,5,3,10,244,6,98,2,5,4,Comidas,Joan baiden,Dictaduras,Las campiñas,Tecnología,1,1,999,1,1,3,3,2,3,,,1,1,1,2,Por sus moll,2,2,1,5,2,1,2,2,4,3,1,3
28b36bed-d6e2-4a7e-8385-597f0c4a4f63,561713955,1,11-Oct-2023 18:25,11-Oct-2023 18:33,524,end,complete,P5_3#1#value|P5_4#1#value|P5_5#1#value|P5_1#1#value|P5_2#1#value,a0a2b329349adf29,3,1,37,4,6,13,295,4,98,3,10,3,Inteligencia,Bello,Guerra,Lindo país,Inteligencia,1,1,1,1,1,1,4,3,1,3,1,1,1,1,4,Ningun contacto,2,1,1,4,1,3,2,1,2,5,2,1
567456e0-4902-4a81-9326-d951fecb1858,561714122,1,11-Oct-2023 18:26,11-Oct-2023 18:40,861,end,complete,P5_5#1#value|P5_3#1#value|P5_4#1#value|P5_2#1#value|P5_1#1#value,3aa59c14f723d57a,1,1,70,7,7,6,79,5,98,1,2,1,5000 años de cultura.,Imperialismo abusivo.,Satélite de USA.,Sordos a lo que les predijo De Gaulle.,Donde se inició el terrorismo por parte de USA,1,1,1,1,1,1,1,1,1,3,1,1,1,1,1,Trabajo y recreación.,2,1,1,5,3,5,1,99,1,5,1,1
13b38e2c-2321-4858-b9dd-a98ce03ba919,561716865,1,11-Oct-2023 18:39,11-Oct-2023 18:47,460,end,complete,P5_3#1#value|P5_5#1#value|P5_1#1#value|P5_2#1#value|P5_4#1#value,512222c73930d39b,1,1,70,7,9,4,27,2,98,3,3,1,Oriente,Bronca,Oriente,Derechos Civiles,Oriente,1,1,1,1,1,2,2,1,1,2,1,2,1,2,2,Ninguna.,3,2,1,4,1,2,1,99,3,4,3,4
1779c55d-1f01-49a9-b914-0320a00de466,561720606,1,11-Oct-2023 19:02,11-Oct-2023 19:11,526,end,complete,P5_4#1#value|P5_2#1#value|P5_1#1#value|P5_3#1#value|P5_5#1#value,6bf597b17a289310,2,1,60,6,6,3,17,5,3,3,5,1,Gigante,Figurones,País hermoso,Torre Eiffel,País ordenado,1,1,1,1,1,1,2,3,2,3,2,1,2,2,2,Cuando voy a un mall chino,3,2,1,4,2,2,2,99,3,4,1,4
390d7f71-0ebe-42c4-a5f0-ebd0386b30d8,561721204,1,11-Oct-2023 19:06,11-Oct-2023 19:15,514,end,complete,P5_2#1#value|P5_3#1#value|P5_5#1#value|P5_1#1#value|P5_4#1#value,1d5da23068fa962b,1,1,55,6,8,16,175,3,9,2,5,1,Aliexpress,miami,KPOP,torre eiffel,bomba atomica,1,1,1,1,1,3,2,2,1,3,3,1,2,2,2,cuando voy al restaurant o mall chino,2,2,1,5,3,4,3,3,4,3,3,5
e9dfbe4f-5a06-45bf-844d-f9e3c1902d56,561726962,1,11-Oct-2023 19:41,11-Oct-2023 19:49,476,end,complete,P5_1#1#value|P5_3#1#value|P5_2#1#value|P5_5#1#value|P5_4#1#value,19211b9b3fdfb8bc,3,1,54,5,5,13,295,7,98,4,5,2,Guerra,Guerra,Guerra,Kilian mbape,Guerra,1,1,1,1,1,3,5,4,2,5,2,2,1,2,2,Ninguno,3,2,1,3,1,2,99,2,3,3,2,3
31313f25-8098-4cf5-84e5-79b0b14a73df,561726984,1,11-Oct-2023 19:41,11-Oct-2023 19:49,506,end,complete,P5_1#1#value|P5_2#1#value|P5_4#1#value|P5_5#1#value|P5_3#1#value|QA_EVAL#1#value,55f16f07d8f0f9f8,1,1,42,4,7,13,317,6,98,1,6,1,negocios,negocios,futuro,placer,tecnologia,1,1,1,1,1,1,1,3,1,3,2,1,1,1,4,universidad y viajes,1,2,2,5,1,1,2,3,1,5,2,5
b4623dae-8091-4314-b681-3d1cb781960a,561727108,1,11-Oct-2023 19:42,11-Oct-2023 19:49,451,end,complete,P5_3#1#value|P5_1#1#value|P5_5#1#value|P5_4#1#value|P5_2#1#value,c7f6440077a17317,3,1,55,6,5,4,27,6,3,1,7,2,Inversión,Potencia,Comunismo,Elegancia,Cultura,1,1,1,1,1,1,2,1,1,3,3,2,2,2,2,Ninguna,3,2,1,5,1,1,2,2,4,4,2,2
a5d4fcd2-30d9-4527-89a0-bdd54f57cce0,561727247,1,11-Oct-2023 19:43,11-Oct-2023 19:52,574,end,complete,P5_1#1#value|P5_2#1#value|P5_4#1#value|P5_5#1#value|P5_3#1#value,7996d8dd4a5861a6,3,1,28,3,2,13,288,7,3,3,5,3,Covid,Miedo,Nada,Torre infel,Sushi,1,1,1,1,1,1,3,3,1,3,1,1,1,2,4,Comprando en el mall chino,3,2,1,5,2,1,3,3,3,5,1,4
d0d2fd55-65e4-446d-98d4-8f286c62e093,561727264,1,11-Oct-2023 19:43,11-Oct-2023 20:00,1017,end,complete,P5_5#1#value|P5_1#1#value|P5_4#1#value,34dd07946563a234,3,2,24,2,7,7,125,7,98,3,5,4,Mayor inventor,Potencia mundial,No lo se,Comprador,Inversionista,1,999,999,1,1,2,3,2,2,3,3,2,2,2,1,Cuando voy a comer algun restoran chino,2,2,2,4,3,2,2,2,3,4,1,3
9733d444-664b-4c3f-9845-69411357ad12,561727282,1,11-Oct-2023 19:43,11-Oct-2023 19:52,569,end,complete,P5_2#1#value|P5_4#1#value|P5_1#1#value|P5_3#1#value|P5_5#1#value,38b1c499b1d3dc34,3,1,31,3,7,2,8,6,9,3,8,1,XI jing ping,Joe biden,E.d,Emanuel Macron,Primer ministro huh,1,1,1,1,1,1,2,3,3,,,1,1,1,4,Diplomacia,2,2,1,5,3,4,2,2,4,4,1,3
93f6e5eb-25fa-4c85-889f-c16a2885ba8d,561727420,1,11-Oct-2023 19:44,11-Oct-2023 19:52,490,end,complete,P5_4#1#value|P5_2#1#value|P5_3#1#value|P5_1#1#value|P5_5#1#value,4a9714994f1f9f0d,3,2,31,3,5,10,244,7,3,3,5,4,Nada,Nada,Nada,Nada,Nada,1,1,1,1,1,3,3,3,1,3,3,2,2,2,4,Solo cuando compro en sus tiendas,2,2,2,4,3,4,2,2,3,4,3,4
e872b37b-88ab-42c1-bb97-c4d81bed5afa,561727460,1,11-Oct-2023 19:44,11-Oct-2023 19:58,825,end,complete,P5_1#1#value|P5_4#1#value|P5_3#1#value|P5_2#1#value|P5_5#1#value,bac61d9b035c3fa1,3,1,63,6,5,6,79,7,3,3,5,3,Aliexpress,Montañas,Comunista,Torre,Autos,1,1,1,1,1,1,3,3,1,3,2,1,1,2,2,Restorant,2,2,1,4,1,5,2,2,4,4,1,5
e6bdc039-a859-4bd5-978a-7f06f9ddbbc9,561727477,1,11-Oct-2023 19:44,11-Oct-2023 20:08,1455,end,complete,P5_3#1#value|P5_5#1#value|P5_4#1#value|P5_1#1#value|P5_2#1#value,20fc4b8a544b7cb1,3,2,38,4,5,2,12,7,98,2,6,2,Proveedor,En crisis,Lider,Alto mando,Potencia mundial,1,1,1,1,1,1,4,2,1,3,3,1,1,2,1,Solo al ir a sus comercios o comptas internet,2,2,1,4,1,2,3,3,3,5,1,3
f33060b3-f753-4b4d-aa8f-0038f068b46e,561727528,1,11-Oct-2023 19:44,11-Oct-2023 20:19,2057,end,complete,P5_2#1#value,3a95286110436000,3,2,30,3,8,4,27,6,98,3,5,4,Pais futurista,Pais subdesarrollado,Pais mundialista,No lo se,No lo se,999,1,999,999,999,3,3,2,1,3,3,2,2,2,4,Ninguno,3,2,2,3,3,3,2,2,3,3,3,3
a69e0e9e-6859-478d-89b3-e635d646a273,561727549,1,11-Oct-2023 19:44,11-Oct-2023 19:51,385,end,complete,P5_4#1#value,01c576cd0bb24ca5,3,1,52,5,5,5,55,6,3,1,5,4,Nada,Nada,Nada,Nada,Nada,999,999,999,1,999,3,3,1,1,3,3,2,2,2,3,Nada de nada,3,2,2,3,2,3,99,99,3,3,1,3
095d6779-418c-4357-afda-b7bcab0d548a,561727583,1,11-Oct-2023 19:45,11-Oct-2023 19:53,500,end,complete,P4_3|P4_2|P4_5|P4_1|P5_5#1#value,30703a3d2c7b332b,3,1,45,5,7,4,26,6,98,3,5,1,Nn,Nn,Nn,Louvre,Nn,999,999,999,999,1,3,3,3,3,,,1,1,2,3,Ningúna,3,2,1,4,3,2,99,99,3,4,2,3
824c9df5-42b5-490a-8dc3-9c68a30f54a4,561727659,1,11-Oct-2023 19:45,11-Oct-2023 20:08,1402,end,complete,P5_3#1#value,7820087d28c3cd7c,3,2,57,6,4,10,241,6,5,2,9,1, Sucursales en chile, Proveedor de compras en fábrica chilenas, Compras de salmones chilenos, Compras de productos chiles,Proveedor de productos   chilenos,999,999,1,999,999,2,2,3,1,4,1,2,2,2,2,Solamente cuando uno va al mool,2,2,1,4,2,4,3,99,3,4,1,4
11a34e6c-aa05-4823-8b3b-e0801ffa9925,561727833,1,11-Oct-2023 19:46,11-Oct-2023 19:57,675,end,complete,P5_3#1#value|P5_5#1#value|P5_1#1#value|P5_4#1#value|P5_2#1#value,63da3aa57101b08a,3,2,32,3,7,13,318,7,98,3,5,1,Productos,Disney,Series,Torre Eiffel,Terremoto,1,1,1,1,1,1,3,3,2,5,3,1,1,2,4,En restaurante o mall,2,2,1,4,2,1,3,2,3,3,3,3
2cf931a3-9ae7-4651-834d-809ca2a07c7d,561727837,1,11-Oct-2023 19:46,11-Oct-2023 19:52,327,end,complete,P5_3#1#value|P5_4#1#value|P5_1#1#value|P5_2#1#value|P5_5#1#value,001b06f76452929d,3,2,40,4,6,13,326,6,98,3,10,2,Barato,Promesas,Locos,Elegancia,Orden,1,1,1,1,1,3,3,1,1,3,3,1,2,2,3,Ninguna,3,2,1,3,3,3,99,99,4,3,3,3
b8ac3611-1c5c-4f8c-9058-dd171ab79f3d,561727869,1,11-Oct-2023 19:46,11-Oct-2023 19:53,376,end,complete,P5_1#1#value|P5_5#1#value|P5_3#1#value|P5_4#1#value|P5_2#1#value,5f26a91166b76015,3,2,21,2,5,13,304,7,98,3,8,1,Un país muy importante en el tema del comercio,Un país donde cualquier persona tiene una oportunidad de crecer,Un país donde es muy estricto con su gente,Un país hermoso,No conozco japon,1,1,1,1,1,2,4,3,3,,,1,1,2,1,En realidad no tengo ningún tipo de contacto o interacción con personas de china o de su ascendencia,2,2,1,2,2,2,3,2,2,3,3,3
e98d26bf-6180-42c5-9fe1-68b7658d2e4f,561728018,1,11-Oct-2023 19:47,11-Oct-2023 20:30,2579,end,complete,P5_5#1#value|P5_1#1#value|P5_4#1#value|P5_2#1#value|P5_3#1#value,01b513a085c15b3c,1,1,43,4,8,16,175,3,98,3,5,1,Mueve el mundo,Potencia mundial,Tecnología,Cultura,Resiliencia,1,1,1,1,1,3,2,3,2,3,3,1,1,2,2,En locales comerciales.,2,2,2,4,2,1,3,1,4,3,2,1
cc6da501-5fef-4bd9-a238-5aeb53a917c5,561728055,1,11-Oct-2023 19:47,11-Oct-2023 19:56,518,end,complete,P5_2#1#value|P5_1#1#value,da481f17919d9cd8,3,1,42,4,4,4,27,7,1,2,5,1,Cables,Estatua de la libertad,Kim yang gun,Torre Eiffel,Geisha,1,1,999,999,999,2,3,2,1,4,2,1,1,1,2,Si en tiendas,2,2,1,3,1,3,3,2,4,3,2,3
39e3b240-e158-40af-975a-6885eddab8ae,561728266,1,11-Oct-2023 19:48,11-Oct-2023 19:59,645,end,complete,P5_5#1#value|P5_4#1#value|P5_2#1#value|P5_1#1#value,8af15ddbb977b3d5,3,2,47,5,6,13,302,6,98,3,2,1,Gastronomía,Potencia,Sobrepoblación,Turísmo,Anime,1,1,999,1,1,1,3,3,1,3,2,1,1,1,2,La compañera de curso de mi hija,3,2,1,5,1,3,3,2,1,2,1,4
cc4a7241-8731-4e56-abdc-e18f5be22270,561728593,1,11-Oct-2023 19:50,11-Oct-2023 20:00,549,end,complete,P5_2#1#value|P5_4#1#value,45206dc5dd05bdc3,3,1,26,3,7,2,8,6,98,3,5,3,Importaciones,Sueño americano,Kpop,Torre eifel,Tokyo,999,1,999,1,999,1,2,4,3,,,2,2,2,3,Malls chinos,2,2,1,3,1,4,2,2,4,4,3,4
9390761c-f4b1-43f6-a365-1ea78c8a0fca,561728686,1,11-Oct-2023 19:51,11-Oct-2023 20:17,1565,end,complete,P5_5#1#value|P5_1#1#value|P5_4#1#value|P5_3#1#value|P5_2#1#value,f48bb70f03b8a244,3,1,46,5,7,7,122,6,98,4,5,2,Pais comunista,Potencia mundial,Pais con muchos avances,Revolucion francesa,Anime,1,999,1,1,1,1,5,1,1,3,3,1,1,2,4,No tengo contacto,3,2,2,1,1,3,99,99,4,5,2,3
5a501d1d-8e63-4678-b2cb-b5420d31d90a,561728731,2,11-Oct-2023 19:51,11-Oct-2023 20:54,706,end,complete,P5_1#1#value|P5_2#1#value|P5_4#1#value|P5_3#1#value|P5_5#1#value,35fb712887c39fa1,3,1,60,6,7,16,175,6,98,3,8,3,Inversión,Trabajo,Creación,Turismo,Desarrollo,1,1,1,1,1,3,3,3,1,3,3,2,1,1,1,Interacción comercial,2,1,1,4,1,2,2,2,2,3,3,4
f241bb70-b32e-49f3-9d55-208ec4664817,561728806,2,11-Oct-2023 19:52,11-Oct-2023 19:58,365,end,complete,P5_2#1#value|P5_3#1#value|P5_5#1#value|P5_1#1#value|P5_4#1#value,9a77dd32b9ab93fc,3,1,32,3,2,6,106,6,98,4,5,4,Cultura diferente,Lindo pais pero muy poco segueo,Rica comida,Torre eifel,Kpop,1,1,1,1,1,3,5,4,1,5,1,1,1,2,3,Cuando voy al mall chino,3,1,2,5,2,5,2,1,4,2,2,1
8469c4fc-7102-4570-9c98-58834825f669,561729128,4,11-Oct-2023 19:54,12-Oct-2023 13:11,446,end,complete,P5_1#1#value|P5_3#1#value|P5_5#1#value|P5_2#1#value|P5_4#1#value,3a130aa19097f062,3,1,38,4,5,2,8,6,98,3,7,3,Producción,Progreso,Avance,Clase,Tecnología,1,1,1,1,1,1,4,3,2,4,3,2,1,2,3,Cuando voy a comprar,3,2,1,3,3,3,3,2,4,2,1,2
3d82d867-4e3e-4875-9573-45169b6ff2e1,561729367,1,11-Oct-2023 19:55,11-Oct-2023 20:01,377,end,complete,P5_4#1#value|P5_5#1#value|P5_2#1#value|P5_3#1#value|P5_1#1#value,80adc07ac5a98b90,3,1,40,4,8,7,134,6,6,2,6,3,Fragil,Raros,De el usa,Conquistadores,Nissan,1,1,1,1,1,1,4,2,2,5,5,1,1,2,2,Clientes de donde trabajo de,1,2,1,3,2,3,2,2,3,4,3,1
3ed5208c-3f48-4fbe-810a-61753f8a4148,561729386,1,11-Oct-2023 19:55,11-Oct-2023 22:27,9081,end,complete,P4_1|P5_5#1#value|P5_3#1#value|P5_1#1#value|P5_4#1#value|P5_2#1#value,1301b6f6b062102f,3,1,26,3,7,16,193,6,98,2,10,3,Mg,Ford,Kia,Peugeot,Toyota,1,1,1,1,1,1,5,2,1,5,2,2,2,2,3,No tengo ningún contacto,2,1,2,5,2,2,1,1,2,3,3,3
cd9ddf88-d30e-4c78-b219-03eaf6052060,561729563,1,11-Oct-2023 19:56,11-Oct-2023 20:09,744,end,complete,P5_1#1#value|P5_4#1#value|P5_3#1#value|P5_2#1#value|P5_5#1#value,31052ad7dfa9232a,3,1,64,6,5,13,279,6,98,3,6,3,Innovación,Potencia,Moderados,Eiffel,Productor,1,1,1,1,1,1,3,3,1,3,2,2,1,1,2,Restaurante de comida china,2,2,2,4,2,3,2,1,3,4,1,2
31f62079-4894-4c6f-be46-49007f40e753,561729590,1,11-Oct-2023 19:56,11-Oct-2023 20:05,492,end,complete,P5_1#1#value|P5_2#1#value|P5_3#1#value|P5_5#1#value|P5_4#1#value,820189abbb015d17,3,2,30,3,5,13,307,6,4,3,7,2,Bueno,Bueno,Genial,Nose,Nose,1,1,1,1,1,2,3,3,1,3,3,1,1,1,2,Tengo un amigo,2,2,1,4,3,4,2,2,4,4,3,4
78c50cff-0c76-4691-8b5f-1f4accb5add6,561729781,1,11-Oct-2023 19:57,11-Oct-2023 20:03,355,end,complete,P5_2#1#value,a993bda696687553,3,2,21,2,1,7,112,7,98,3,5,3,Comida china,Hamburguesería,Intensos,Pan,Sushi,999,1,999,999,999,3,3,3,1,4,3,2,2,2,3,En locales,3,2,1,3,3,4,3,3,4,4,2,3
8ff843b2-df9a-4017-a33a-e54d716cc9ce,561729811,1,11-Oct-2023 19:58,11-Oct-2023 20:09,655,end,complete,P5_5#1#value|P5_2#1#value,f1b920b7436450f3,3,2,33,3,5,4,28,6,98,3,5,4,Proveedor,Turismo,Turismo,Turismo,Comida,999,1,999,999,1,1,3,3,1,3,3,2,2,2,1,Ninguna relación,4,2,1,3,2,3,2,3,4,3,1,3
1bd100ea-9baf-4b64-90f0-43b2b1bbf652,561729929,1,11-Oct-2023 19:58,11-Oct-2023 20:13,842,end,complete,P5_1#1#value|P5_2#1#value,10d81534040778ab,3,2,43,4,4,3,20,7,98,3,5,4,Comprar,Comercio,Nada,Torre fiel,Tecnología,1,1,999,999,999,1,2,3,1,3,3,2,2,1,1,En el Moll,2,1,1,4,3,4,2,2,4,4,2,1
e50f0a70-c15c-449c-b0b4-b9bb4f31d077,561729978,1,11-Oct-2023 19:59,11-Oct-2023 20:12,824,end,complete,P5_3#1#value|P5_2#1#value|P5_4#1#value|P5_1#1#value|P5_5#1#value,8a92f4a7db78b64c,3,1,35,4,8,16,190,4,98,2,6,2,Multitud,Capitalismo,Mente cerrada,Fragancia,Tecnología,1,1,1,1,1,1,5,1,1,5,5,2,2,2,4,A mí hija le encanta ir de compras al mall chino,1,2,2,5,2,1,1,1,4,5,2,5
50348b38-4ad8-4dd4-9be9-b2346ad95727,561730080,1,11-Oct-2023 19:59,11-Oct-2023 20:14,871,end,complete,P5_3#1#value,bca7d875c7874dfd,1,2,30,3,8,2,8,3,1,1,7,3,pais grande,potencia mundial,dictadura,amor,moderno,999,999,1,999,999,1,4,1,1,1,5,2,2,1,2,en trabajo,2,2,2,5,3,3,2,3,1,4,3,4
84001cfa-c726-4bec-aa8f-3759405496e6,561730167,1,11-Oct-2023 20:00,11-Oct-2023 20:08,483,end,complete,P5_2#1#value|P5_5#1#value|P5_1#1#value|P5_3#1#value|P5_4#1#value,4bd2935d8f96c395,3,2,33,3,5,2,8,6,1,3,5,2,Poca información,Emprender,Rico,Glamour,Futuro,1,1,1,1,1,1,2,1,3,,,1,1,2,3,Cuando voy a los mall chinos y a restaurantes,2,2,1,4,1,2,3,3,4,3,2,3
0d0ce381-e251-4c4f-a7ca-52ab240e6071,561730295,1,11-Oct-2023 20:01,11-Oct-2023 20:08,476,end,complete,P5_4#1#value|P5_2#1#value|P5_5#1#value|P5_1#1#value|P5_3#1#value,5825cf0d37430c91,1,1,50,5,8,6,93,7,9,3,2,1,economia,derecha,misterio,democracia,tecnologia,1,1,1,1,1,1,3,3,2,4,3,2,2,2,2,ninguna interaccion,3,2,2,3,1,3,2,2,1,3,1,2
93938498-f95a-4026-a3dd-ecf14c5dbc10,561730394,1,11-Oct-2023 20:01,11-Oct-2023 21:28,5208,end,complete,P5_2#1#value|P5_3#1#value|P5_4#1#value|P5_1#1#value|P5_5#1#value,621b472fcb5b3a61,3,2,33,3,5,11,258,4,98,3,8,2,Sobre población,Oportunidad laboral,Opresión,Torre Eiffel,Comida,1,1,1,1,1,1,2,3,1,4,2,1,2,2,2,Mall chino,2,2,1,5,1,1,2,1,2,4,3,5
c7a45606-2f91-4337-a6db-afe90ac0bc72,561730474,1,11-Oct-2023 20:02,11-Oct-2023 20:13,695,end,complete,P5_1#1#value|P5_4#1#value|P5_5#1#value|P5_2#1#value,8d840c8d35918881,3,1,24,2,5,2,15,6,98,3,6,2,Regimen,Militar,Kinyon hum,Tallarines,Anime,1,1,999,1,1,3,4,4,1,3,3,2,2,1,4,Conocidos en tiendas de compra,2,2,1,5,3,5,1,2,1,4,3,3
7b364e7d-08b1-4d3f-a29d-c86ef1dbffc6,561731072,1,11-Oct-2023 20:05,11-Oct-2023 20:13,483,end,complete,P5_5#1#value,030ff8cf3ffd8698,3,1,19,2,5,13,330,6,3,4,5,3,Productos copiados,Comida rapida,Teleseries coreanas,Pan frances,Anime,999,999,999,999,1,3,3,3,1,3,3,1,1,1,3,Cuando viajo a estación central y llego al barrio meiggs,3,2,1,2,3,4,3,99,4,3,3,4
e71963e9-b7d4-4715-9afc-4e2399f1b6c5,561731164,1,11-Oct-2023 20:06,11-Oct-2023 20:12,384,end,complete,P5_3#1#value|P5_2#1#value|P5_5#1#value|P5_1#1#value,1bb16938ca08f6b4,3,2,20,2,5,7,113,6,98,1,6,1,Inversión,Poder,Dinero,Política,Estrés,1,1,1,999,1,1,3,1,2,5,3,1,1,2,2,En Mall Chino,4,2,1,3,3,4,3,3,3,3,2,2
ec989ffe-9543-450d-8969-6ef68b95874b,561731526,1,11-Oct-2023 20:08,11-Oct-2023 20:23,926,end,complete,P5_5#1#value|P5_4#1#value|P5_3#1#value|P5_2#1#value|P5_1#1#value,4708499a24fdfd92,3,2,62,6,7,2,8,4,98,2,5,1,Potencia mundial,Potencia mundial,Idem,País tranquilo,Rivalidad con China,1,1,1,1,1,2,3,1,1,2,2,2,2,2,2,Solamente cuando visito alguna tienda o restaurante,2,2,1,3,2,2,2,2,4,4,3,4
2b8b9a01-c0f6-4784-830c-36631069608b,561731763,1,11-Oct-2023 20:09,11-Oct-2023 20:19,602,end,complete,P5_1#1#value|P5_3#1#value|P5_2#1#value|P5_4#1#value,79f52adbbd588dcf,3,1,22,2,7,2,8,7,3,3,5,3,Pais,Pais,Nose,Pais,Pais,1,1,1,1,999,1,3,3,3,,,1,2,2,3,Comprando en un mall chino o comiendo en un restaurante chino,3,2,1,4,1,1,3,2,2,4,1,1
3ac72e91-62e2-4384-bd35-e9b31f9213a7,561732349,1,11-Oct-2023 20:13,11-Oct-2023 20:22,534,end,complete,P5_1#1#value|P5_3#1#value|P5_4#1#value|P5_2#1#value|P5_5#1#value,0dfb37a638329dac,3,1,44,4,8,13,302,6,98,2,5,1,Ropa barata,Hollywood,K pop,Vacaciones,Videos juegos,1,1,1,1,1,1,1,1,2,3,3,2,1,2,1,Cuando voy a comprar a Meiggs,3,2,1,5,2,5,1,99,4,5,2,5
a553c512-8408-4070-b1ff-fa064cd1c16e,561732351,1,11-Oct-2023 20:13,11-Oct-2023 20:29,949,end,complete,P5_5#1#value|P5_4#1#value|P5_3#1#value|P5_1#1#value|P5_2#1#value,366d73c5f7c06a0d,3,1,62,6,7,5,56,6,98,1,5,1,Quelel alo ?,Sueño,K Pop,Quesos,Sushi,1,1,1,1,1,1,4,2,2,5,3,1,1,2,4,"Cuando compro en sus tiendas, fideos de arroz y otras cosas",3,2,1,3,2,2,3,3,4,3,1,1
3df37e54-8001-4f3c-893c-f14450a513aa,561732638,1,11-Oct-2023 20:15,11-Oct-2023 20:32,1024,end,complete,P5_1#1#value|P5_3#1#value|P5_5#1#value|P5_2#1#value|P5_4#1#value,66129fb81939b7cd,1,1,70,7,3,4,36,6,98,2,2,1,invasor,invasor,Salir del subdesarrollo,"Protesta, Torre",Muchos viejos,1,1,1,1,1,1,2,2,2,3,3,1,2,1,3,Vecinos y comercio,2,2,1,4,2,2,2,99,3,5,2,5
6c2478da-4702-4f57-bda4-7623be7df232,561733111,1,11-Oct-2023 20:18,11-Oct-2023 20:28,639,end,complete,P5_5#1#value|P5_1#1#value,2203fa2fa5c67647,1,1,55,6,4,4,26,7,98,1,2,1,moll,lo mejor,nada,pais caro,mercaderia,1,999,999,999,1,3,4,2,1,4,3,1,1,2,2,ninguno me es indiferente,3,2,1,3,1,4,2,2,3,3,3,3
20451f21-4564-4a31-ba93-e5ade0770da8,561733151,1,11-Oct-2023 20:18,11-Oct-2023 20:27,543,end,complete,P5_2#1#value|P5_5#1#value|P5_1#1#value|P5_3#1#value|P5_4#1#value,5dd8b8368b613af1,3,1,25,3,4,4,36,7,2,1,6,1,Exportartacion de frutas,Importacion de petroleo,Exportacion de frutas,Exportacion de vinos,Exportacion de frutas,1,1,1,1,1,1,1,1,1,4,2,2,2,2,2,Cuando compro en algun mall chino,1,1,1,5,1,5,1,1,4,5,3,5
17d8f5cb-eef2-4f7d-8747-9c56221c2ff7,561733212,1,11-Oct-2023 20:18,11-Oct-2023 20:27,508,end,complete,P5_2#1#value|P5_1#1#value|P5_4#1#value|P5_3#1#value|P5_5#1#value,4f23a70a7b8b5f27,3,2,29,3,6,6,83,6,8,2,5,1,Evolución,Poder,Nada,Inteligencia,Tecnología,1,1,1,1,1,1,2,1,1,5,4,2,2,2,2,No tengo interacción,2,2,1,5,1,1,3,3,2,5,1,2
2b14b0a7-251a-49de-885c-79d0551df0db,561733245,1,11-Oct-2023 20:19,11-Oct-2023 20:27,510,end,complete,P5_2#1#value|P5_5#1#value|P5_1#1#value,2c32bc4c8c73b40b,3,1,46,5,5,4,26,6,7,1,10,2,Inversion,Proveedor,Pais,Turismo,Inversion,1,1,999,999,1,1,2,1,1,3,3,1,1,2,3,Importaciones,1,2,2,4,1,2,3,3,4,4,2,3
a4c6c7ef-2ba4-4612-9ca8-5d59b5e0b86a,561734092,1,11-Oct-2023 20:23,11-Oct-2023 20:41,1088,end,complete,P5_2#1#value|P5_4#1#value|P5_3#1#value|P5_1#1#value|P5_5#1#value,8974a29147600f51,3,2,66,7,4,5,73,6,98,3,5,1,Gran exportador,Oportunidad laboral,"Montsñas, playa y comida callejera",Economía mundial,La ciudad mas poblada del mundo,1,1,1,1,1,3,4,4,2,5,3,2,2,2,2,En ninguna,4,2,1,2,1,3,3,3,3,3,3,3
44772dd0-69be-4183-b9d5-76f863ed45b2,561734650,1,11-Oct-2023 20:26,11-Oct-2023 20:39,756,end,complete,P5_1#1#value|P5_5#1#value|P5_3#1#value|P5_4#1#value|P5_2#1#value,358723d0bd3fdda2,3,1,26,3,3,16,175,6,98,3,1,1,Fábricas,Invasión,Cirugías,Colonialismo,Tecnología,1,1,1,1,1,2,5,2,1,3,3,2,2,1,4,En los malo chinos o también en los cacinos,1,1,1,5,3,3,2,99,1,5,1,2
0906d295-d9f8-411d-aa59-d484550d724f,561734994,1,11-Oct-2023 20:28,11-Oct-2023 20:51,1370,end,complete,P5_2#1#value|P5_3#1#value|P5_4#1#value|P5_1#1#value|P5_5#1#value,08105a73ab53a391,3,1,41,4,5,6,96,6,3,2,4,1,Tecnologia,Gran potencia,Guerra,Paris,Artes marciales,1,1,1,1,1,1,5,2,2,4,1,1,2,2,2,Al comprar en un mall chino,2,2,1,5,3,5,2,2,4,4,3,4
f7537c30-cc62-49e8-ba54-a9c68b77c56e,561735197,1,11-Oct-2023 20:30,11-Oct-2023 20:38,506,end,complete,P5_1#1#value|P5_2#1#value|P5_5#1#value|P5_4#1#value|P5_3#1#value,50305b293a06f401,3,1,42,4,2,6,102,6,98,1,4,1,Economía,Imperialismo,Tecnología,Macron, Comida,1,1,1,1,1,1,3,2,1,3,1,2,2,2,2,Ninguno,3,2,1,5,3,5,1,99,4,3,1,1
773bfab6-e627-4a99-b61c-66dd0a5a6fb2,561736174,1,11-Oct-2023 20:35,11-Oct-2023 20:57,1306,end,complete,P5_3#1#value|P5_5#1#value|P5_2#1#value|P5_1#1#value|P5_4#1#value,ad253abbf77a4fa0,3,1,30,3,7,10,228,6,5,1,5,1,Jackie chan,Drogas,Kpop,Louvre,Anime,1,1,1,1,1,1,3,1,2,5,3,1,2,1,4,Tienda y otros lugares . . . . . . .,4,2,1,3,2,3,2,1,1,4,2,5
da4586e9-fe06-464b-9836-cc3aa7953284,561736456,1,11-Oct-2023 20:37,11-Oct-2023 21:06,1777,end,complete,P5_2#1#value|P5_3#1#value|P5_4#1#value|P5_1#1#value|P5_5#1#value,9a17009b1f26a772,3,2,60,6,3,13,282,6,98,3,4,1,Bombas,Racismo,Poder,Perfume,Poder,1,1,1,1,1,2,3,3,2,4,2,1,1,2,2,Cuando compro en mall o comida china o tiendas.,3,2,1,4,2,3,2,2,3,3,1,3
adbbb83e-7755-4863-94ef-e53814b6e0d4,561736795,1,11-Oct-2023 20:39,11-Oct-2023 20:49,595,end,complete,P5_2#1#value|P5_5#1#value|P5_4#1#value|P5_3#1#value|P5_1#1#value,aaaf5681004d4675,3,2,68,7,8,16,175,4,98,3,5,1,Comercio,Capitalismo,Mercado,Cultura,Cultura,1,1,1,1,1,1,2,3,1,3,4,1,2,2,2,En los comercios,3,2,1,4,2,3,2,99,4,3,2,5
526a5c8c-938c-4921-b1de-74583201c432,561737271,1,11-Oct-2023 20:42,11-Oct-2023 20:48,376,end,complete,P5_2#1#value|P5_5#1#value|P5_1#1#value|P5_3#1#value|P5_4#1#value,21513735cfbbc878,3,2,45,5,5,16,190,6,98,1,1,1,Mercadería y tecnólogia,El traicionero mas grande,Doramas,La ciudad del amor,Tokio,1,1,1,1,1,2,1,3,3,,,1,1,1,4,Cuando voyt a comprar a sus tiendas,1,1,1,5,2,1,3,99,1,5,3,4
68412ab9-0b76-4577-9711-18b06d3dfe0f,561737373,1,11-Oct-2023 20:42,11-Oct-2023 20:55,748,end,complete,P5_5#1#value|P5_2#1#value|P5_3#1#value|P5_4#1#value|P5_1#1#value,b300c3b037f82b13,3,2,47,5,3,13,311,7,98,3,5,4,Ropa,Dinero,Dictador,Amor,Ciudad,1,1,1,1,1,3,4,2,3,,,1,1,1,3,Cuando compro,2,2,2,4,1,3,2,2,3,4,1,3
23b013df-f209-4b72-baf7-fe2237c3dd75,561737481,1,11-Oct-2023 20:43,11-Oct-2023 21:01,1114,end,complete,P5_2#1#value|P5_5#1#value|P5_4#1#value|P5_1#1#value|P5_3#1#value,d3695035b8867a42,3,2,29,3,5,13,300,7,3,3,10,2,Mall chino,Ingles,Kdramas,Nose,Kdramas,1,1,1,1,1,1,4,3,2,5,1,1,1,1,2,Solo cuando voy a comprar comida China o voy al Mall Chino,1,2,1,5,1,5,2,3,2,2,3,3
5cf70a84-68fc-445b-8705-417baa0ff733,561737648,1,11-Oct-2023 20:44,11-Oct-2023 20:51,450,end,complete,P5_3#1#value|P5_1#1#value|P5_5#1#value|P5_2#1#value|P5_4#1#value,29b643f9151cc36d,3,1,57,6,7,5,46,5,7,3,3,1,Producción,Imperialista,Robot,Moda,Tecnología,1,1,1,1,1,3,3,3,3,,,1,2,2,3,Compras y juegos electrónicos,3,2,1,3,3,2,3,99,4,3,2,3
901f5637-50f6-43d7-a118-ec42d707124f,561738508,1,11-Oct-2023 20:49,11-Oct-2023 21:10,1273,end,complete,P5_3#1#value|P5_2#1#value|P5_5#1#value|P5_1#1#value|P5_4#1#value,42cd3cd9d60f299d,1,2,33,3,9,5,51,4,98,3,3,1,inventos,Biden,K-pop,Croissant,Pokémon,1,1,1,1,1,1,2,3,3,,,1,1,2,4,Cuando voy a comprar a algún mall chino o a comer a un restaurant chino,2,1,1,5,3,4,2,3,4,4,2,2
bf5ce91e-a20c-4d9e-b018-14ed6b694e74,561739313,1,11-Oct-2023 20:54,11-Oct-2023 21:07,775,end,complete,P5_4#1#value|P5_1#1#value|P5_3#1#value|P5_2#1#value|P5_5#1#value,cbd18bfd0acb5102,3,2,53,5,5,2,8,7,98,1,5,2,"Inversionistas, tegnologia","Inversiones, calidad de vida, trabajo","Cultura, tegnologia, inversiones,etc","País multicultural,arte,moda,etc","Tegnologia,respeto de los ciudadanos, ordenado, cultura maravillosa, grandes creadores",1,1,1,1,1,3,2,1,2,5,2,1,1,1,3,"Tengo contacto en los mall,en restaurantes, colegio y vida diaria de interacción",1,1,1,4,3,4,2,2,4,3,3,4
b333f788-53f9-40b5-9e7d-4c4ecf5f4d56,561739410,1,11-Oct-2023 20:54,11-Oct-2023 21:05,610,end,complete,P5_4#1#value|P5_5#1#value|P5_1#1#value,43931b3355755f7c,3,2,61,6,9,16,175,3,8,3,5,3,De todo,Capitalismo,Arroz,Chocolate,Tecnologia,1,999,999,1,1,1,4,3,1,5,3,1,2,1,3,Ninguna,3,2,2,3,2,1,3,3,4,3,1,2
d37ff10d-607f-4f53-b77c-344b9c4d08d4,561739545,1,11-Oct-2023 20:55,11-Oct-2023 21:02,391,end,complete,P5_1#1#value|P5_4#1#value|P5_5#1#value|P5_3#1#value|P5_2#1#value,b4c442212ffc3498,1,1,62,6,8,10,239,4,98,3,3,1,cultura,capitalismo,poderoso,elegancia,honor,1,1,1,1,1,1,2,3,1,5,4,1,2,1,3,"comercio, amistad",2,2,1,4,1,2,3,3,4,3,2,3
02ae16dc-d2ee-4c0c-979e-6fac0e532caf,561740228,1,11-Oct-2023 21:00,11-Oct-2023 21:33,1977,end,complete,P5_4#1#value|P5_5#1#value|P5_3#1#value|P5_2#1#value|P5_1#1#value,00695320b8843269,3,1,35,4,4,2,8,7,6,3,1,1,Tecnología,Disney,Kpop,París,Anime,999,999,999,1,1,1,3,3,1,2,1,1,1,1,2,Ninguna,3,2,1,5,1,5,1,1,2,5,1,5
42d3de14-7a31-4382-9425-f7d15b19a764,561740645,1,11-Oct-2023 21:02,11-Oct-2023 21:10,450,end,complete,P5_2#1#value|P5_1#1#value|P5_3#1#value|P5_5#1#value|P5_4#1#value,9156cb652504c1c2,3,2,44,4,5,13,289,6,98,3,5,3,Negocio,Baden,Guerra,Torre Eiffel,Tokio,1,1,1,1,1,1,3,3,1,5,3,1,2,2,4,Compras y alguna estudiando,2,2,1,4,3,5,1,2,4,3,2,3
de8d2559-b476-43de-b5c9-54feb726cf0c,561740851,1,11-Oct-2023 21:04,11-Oct-2023 21:19,953,end,complete,P5_4#1#value|P5_2#1#value,dd9f0abb61686462,1,1,66,7,5,16,175,4,3,3,5,1,TRABAJO,POLICIA,GUERRA,ARTE,PERFECCION,999,1,999,1,999,1,4,4,2,5,2,1,1,2,3,EN RESTAURANTES Y MALL CHINO,2,1,2,4,1,2,3,2,2,2,3,4
373ea2c7-e0dc-443a-bf3c-8025d97e30c1,561741190,1,11-Oct-2023 21:06,11-Oct-2023 21:21,921,end,complete,P5_2#1#value|P5_4#1#value|P5_1#1#value,83cff6f5b00f6753,3,2,49,5,5,13,297,6,98,3,7,3,Comida,Potencia,Guerra,Torre Eiffel,Comida,1,1,999,1,999,3,3,3,1,3,2,1,1,1,2,"Una vecina ,que tiene un local de comida china",3,2,1,3,2,3,99,99,4,3,1,3
b155d9b9-aa1f-4231-85d9-9977e7ae4db4,561743025,1,11-Oct-2023 21:17,11-Oct-2023 21:33,937,end,complete,P5_4#1#value,196b8973d05d7df2,3,2,43,4,4,13,282,7,98,3,5,1,Comida,Universidad,Dictadura,Perfumes,Tecnologia,999,999,999,1,999,1,2,3,1,2,2,2,2,2,3,En restaurantes o comida para llevar,1,2,1,4,2,1,2,2,4,2,3,3
7830b7c2-1e43-4999-a027-50d88194bde6,561743477,1,11-Oct-2023 21:20,11-Oct-2023 21:31,667,end,complete,P5_5#1#value|P5_2#1#value|P5_3#1#value|P5_4#1#value|P5_1#1#value,5234fd4cc598227a,3,2,51,5,5,13,311,6,98,4,5,2,Tecnologia,Ropa,Musica,Moda,Comida,1,1,1,1,1,1,1,3,1,4,2,1,1,1,3,"Tengo cerva mall y restorant de comida rapida ,pero no hay mas interaccion que esa",2,1,1,4,3,4,2,2,4,4,2,4
07a17917-b673-47fc-b6ee-e8e4713adccb,561743500,1,11-Oct-2023 21:20,11-Oct-2023 21:26,327,end,complete,P5_2#1#value|P5_4#1#value,281908904bf3293f,1,1,38,4,5,5,41,7,4,4,3,3,wantan,gordos,Twice,Alizée,Sailor Moon,999,1,999,1,999,1,2,1,1,3,1,1,1,2,3,cuando voy a comprar a algun negocio,2,2,1,4,3,4,2,99,3,3,2,3
71fbd6c3-d36d-4578-8af8-2c482f6694eb,561743636,1,11-Oct-2023 21:22,11-Oct-2023 21:36,860,end,complete,P5_5#1#value|P5_3#1#value|P5_1#1#value|P5_4#1#value|P5_2#1#value,0ff9f6dc7032955c,2,1,33,3,7,2,8,7,1,1,5,4,Quisiera acquir ir telas y especias,Inversiones en el wol stri center,Compro electrónico en partes de autos,Relaciones del medio ambiente,Inversiones en relaciones tenedores,1,1,1,1,1,3,3,1,1,4,3,1,1,1,4,Personal privado,2,2,2,3,3,3,2,1,1,4,2,3
22b0b1b5-553e-47e1-8690-c30b6f469a09,561743860,1,11-Oct-2023 21:23,11-Oct-2023 21:30,411,end,complete,P5_4#1#value|P5_3#1#value|P5_2#1#value|P5_5#1#value|P5_1#1#value,3306161a86b86d08,3,1,40,4,5,6,100,7,6,1,5,1,Barato,Dinero,Guerra,Potencia,Cultura,1,1,1,1,1,2,3,1,1,3,2,2,2,1,3,Facebook,2,2,1,4,2,2,1,2,4,4,1,2
67a80f15-0156-4f7b-b6bc-15510fad2f2f,561743928,1,11-Oct-2023 21:24,11-Oct-2023 21:42,1085,end,complete,P5_4#1#value|P5_2#1#value,04c6d6b799329b9d,1,1,71,7,7,5,51,5,98,4,1,4,COMERCIO MALA CALIDAD,GUERRA,GUERRA,TURISMO,MACHISMO,999,1,999,1,999,1,4,1,1,3,3,1,1,2,2,SOLO EN LOS MOLL Y RESTAURANT.,3,2,1,3,2,4,2,99,4,3,1,3
efeafa2d-0722-48fc-871b-a564aa5b794f,561744609,1,11-Oct-2023 21:29,11-Oct-2023 21:48,1151,end,complete,P5_4#1#value|P5_2#1#value|P5_3#1#value|P5_1#1#value|P5_5#1#value,1a2872c7d134d7a8,3,2,52,5,6,10,248,6,98,1,4,3,Creatividad,Modernismo,Desarrollo,Avance,Tecnología,1,1,1,1,1,1,3,3,1,2,1,2,2,1,3,Mi hija es de ascendencia china,1,2,2,4,1,3,3,2,4,4,2,3
699e256e-44e8-4f72-aa16-3ce1c25583fc,561744723,1,11-Oct-2023 21:29,11-Oct-2023 22:09,2414,end,complete,P5_2#1#value|P5_4#1#value|P5_5#1#value|P5_1#1#value,96f277622068d09f,1,2,42,4,7,5,77,6,98,3,5,1,AliExpress's,Viajes,Guerra,Perfumes,Autos,1,1,999,1,1,1,4,3,1,3,3,2,2,2,3,En comercios cuando compro en locales de comida o artículos de china,2,2,1,3,1,2,3,3,3,4,2,2
9665e7b2-654d-4f9c-afc3-bb02c179c159,561744775,1,11-Oct-2023 21:29,11-Oct-2023 21:40,628,end,complete,P5_1#1#value|P5_2#1#value|P5_3#1#value|P5_4#1#value|P5_5#1#value,089a9642c6490705,3,2,58,6,6,10,247,5,98,1,6,4,Productos especiales,País grande,Guerra,Torre Eiffel,Kimono,1,1,1,1,1,3,1,3,1,3,2,2,2,2,3,"Mall, cuando voy a comprar",2,2,1,4,2,3,3,3,4,3,1,3
e1ec2c4a-f30e-4b37-abf8-19a706a8f017,561745584,1,11-Oct-2023 21:35,11-Oct-2023 21:45,621,end,complete,P5_3#1#value|P5_4#1#value|P5_2#1#value|P5_1#1#value|P5_5#1#value,f6d150418584972a,3,1,41,4,7,2,8,7,98,3,7,3,No me gusta,Posibilidad de futuro para mi familia,Paraíso para mi familia,Posibilidad de futuro para mi familia,Paraíso para mi familia,1,1,1,1,1,1,5,4,2,3,3,2,2,1,4,Enemistad,4,1,1,2,3,2,99,2,2,2,3,2
84349f09-8a13-42b0-a03d-5fcf0554ca3f,561745766,1,11-Oct-2023 21:36,11-Oct-2023 21:45,535,end,complete,P5_2#1#value,a0c20222a0dfd9cc,3,1,33,3,2,10,249,6,2,4,6,4,Naxa,Algo lindo,Nada,Loco,Nada,999,1,999,999,999,1,3,3,3,,,2,2,2,3,Cuando  compro en un comercio chino,2,2,2,3,3,4,3,3,3,3,3,3
3896f17b-b66e-4bd9-91df-81c856a32c50,561746146,1,11-Oct-2023 21:39,11-Oct-2023 21:57,1133,end,complete,P5_4#1#value|P5_3#1#value|P5_1#1#value|P5_2#1#value|P5_5#1#value,d5c827d362a40149,3,1,31,3,6,10,252,6,98,3,8,2,Potencia económica,Potencia mundial,Tecnología de punta,Cultura,Anime,1,1,1,1,1,1,2,3,3,,,2,2,2,4,Contexto comercial.,2,2,2,4,2,5,2,2,4,3,2,3
f8eb7e3d-4f7e-4ecb-aceb-2b7aab87b87b,561746313,1,11-Oct-2023 21:40,11-Oct-2023 21:50,620,end,complete,P5_3#1#value|P5_5#1#value|P5_4#1#value|P5_2#1#value|P5_1#1#value,7727c7724cd41f9f,3,2,58,6,3,11,258,5,98,3,5,4,Comerció,La puerta al futuro,No se,Armonía,Potencia mundial,1,1,1,1,1,1,4,3,1,3,2,1,1,2,4,Cuando voy a comprar algo,3,2,1,3,1,3,2,1,3,3,2,4
515bb3e6-3da8-4044-9df8-24da6082479b,561746426,1,11-Oct-2023 21:41,11-Oct-2023 21:53,720,end,complete,P5_3#1#value|P5_4#1#value|P5_5#1#value|P5_2#1#value|P5_1#1#value,3d7a6399c7d14ca8,3,1,49,5,3,6,85,7,98,2,5,4,Exportación,Economía,Armas,Perfume,Animé,1,1,1,1,1,1,2,3,1,5,3,1,1,1,3,Cliente,2,2,1,5,2,1,2,3,4,4,1,2
2a2fde39-965c-44ef-83be-64db1f6186eb,561746452,1,11-Oct-2023 21:41,11-Oct-2023 21:57,964,end,complete,P5_5#1#value,c9bca86c867dc710,1,1,33,3,6,16,175,6,98,1,5,4,Nada,Nada,Nada,Nada,Nada,999,999,999,999,1,3,3,1,3,,,1,1,2,4,Cuando compro,3,2,2,3,2,2,2,2,3,4,2,3
600c30f0-c6f0-49b1-9084-62dca3fdd8d1,561746520,1,11-Oct-2023 21:41,11-Oct-2023 21:52,620,end,complete,P5_3#1#value|P5_5#1#value|P5_2#1#value|P5_1#1#value|P5_4#1#value,75560c50d4179168,3,1,42,4,5,10,228,7,98,3,10,2,País desarrollado,Principal exportador,País muy inteligente,País desarrollado,Muy desarrollado,1,1,1,1,1,3,3,3,1,4,2,2,2,2,2,Ninguna,3,2,2,3,1,2,3,3,4,3,1,2
40bcdffa-dd38-4cf2-97c0-fa3a879d887a,561747229,1,11-Oct-2023 21:46,11-Oct-2023 21:55,520,end,complete,P5_5#1#value|P5_3#1#value|P5_1#1#value|P5_2#1#value|P5_4#1#value,45518df03f89007b,3,1,48,5,8,3,17,3,9,3,7,2,Cultura ancestral,Libertad,Progreso,Europa,Modernidad,1,1,1,1,1,1,2,3,1,2,3,2,2,2,4,Compras.,3,2,1,4,3,3,3,2,4,1,3,4
a36f292d-2deb-4158-834b-e34b33993bd3,561747440,1,11-Oct-2023 21:48,11-Oct-2023 21:54,388,end,complete,P5_2#1#value|P5_1#1#value|P5_5#1#value|P5_4#1#value,7d78009d68353121,3,1,59,6,8,5,41,3,98,2,7,4,Aliexpress,Armas,Key pop,Vino,Tsunami,1,1,999,1,1,1,3,3,3,,,1,2,2,2,Mall chino,2,2,2,4,2,2,2,3,4,4,2,4
582906fc-cd41-4494-a036-80ed96c87bfd,561747585,1,11-Oct-2023 21:49,11-Oct-2023 21:57,494,end,complete,P5_3#1#value|P5_4#1#value|P5_5#1#value|P5_2#1#value|P5_1#1#value,17a4604472508946,3,1,47,5,5,3,22,5,1,2,1,1,El país más Grande del mundo,Potencia mundial,País capitalista,La marsellese,Sol naciente,1,1,1,1,1,1,2,3,1,5,3,2,2,2,2,En los mall chinos,2,2,1,4,1,2,2,99,4,5,1,4
1af14e5e-efc3-46e9-aa22-c1f3580c8485,561747788,1,11-Oct-2023 21:50,11-Oct-2023 22:03,768,end,complete,P5_1#1#value|P5_2#1#value|P5_3#1#value|P5_4#1#value|P5_5#1#value,1f33d79908c04bb0,3,2,48,5,7,5,49,6,3,3,3,1,comercio,neoliberales,nada,Perfumes y paisajes,miedo,1,1,1,1,1,3,2,4,3,,,1,2,1,4,Laboral,3,2,1,3,3,3,99,99,3,3,3,3
356bc2c7-2714-4621-a67e-718199f346a8,561747867,1,11-Oct-2023 21:50,11-Oct-2023 22:02,705,end,complete,P5_5#1#value|P5_4#1#value,7b44d69446bdb85c,3,2,49,5,4,6,88,6,2,2,10,4,Guerra,Mercado internacional,País lindo,País del amor,Libre comercio,999,999,999,1,1,1,5,2,2,5,1,1,1,1,1,Pocas o ocasiones,1,1,2,5,3,5,1,1,2,5,3,5
a7944c39-0acc-4e9a-979a-4b89b9e1746d,561748053,1,11-Oct-2023 21:52,11-Oct-2023 22:06,863,end,complete,P5_4#1#value,01a22a386b5fca37,1,2,60,6,7,13,301,6,98,1,2,1,manufactura,capitalismo,lujo,arte,tradición,999,999,999,1,999,1,3,1,3,,,2,1,1,3,con la familia de un local de 'comida para llevar',2,2,1,3,1,1,3,99,3,4,1,2
f3fed709-7d2b-4fa4-b4f7-8db862411a93,561749757,1,11-Oct-2023 22:02,11-Oct-2023 22:20,1080,end,complete,P5_5#1#value|P5_1#1#value|P5_2#1#value|P5_3#1#value|P5_4#1#value,0d72dff69ffa66d2,3,1,52,5,5,3,17,6,98,3,9,2,"Imparable, la primera potencia mundial en casi todo, con un gobierno comunista con colores capitalistas","Un país de gente pujante,  muy estructurado, con un gobierno muy entrometido en la política de otros paises",Un país pujante y exitoso,"Líder en vinos, una de las cunas de la cultura europea,","Un país líder en casi todo, con una tasa de éxito bastante alta de éxito en sus habitantes",1,1,1,1,1,2,2,3,1,3,2,2,2,1,3,"Relación afectuosa con un chino, hace varios años atrás.",4,2,1,2,3,4,3,3,4,4,2,4
d53a126d-b292-4c52-96a8-e26f85ec1d88,561749942,1,11-Oct-2023 22:03,11-Oct-2023 22:18,866,end,complete,P5_5#1#value,64f21d4fd7873429,3,1,51,5,6,13,297,6,98,4,5,3,Muralla,Washington,Kia,Napoleón,Emperador,999,999,999,999,1,1,4,4,3,,,2,2,2,3,Ninguno,3,2,1,2,2,1,99,99,4,1,1,2
dbbd7547-07aa-4ffd-b0ba-358361e72d12,561750088,1,11-Oct-2023 22:04,11-Oct-2023 22:10,354,end,complete,P5_2#1#value|P5_3#1#value|P5_5#1#value|P5_4#1#value|P5_1#1#value,f2164c4a4cf036fc,3,2,35,4,8,2,12,5,98,1,5,1,Riqueza,Capital,Diversion,Libertad,Cultura,1,1,1,1,1,1,2,2,3,,,1,1,2,1,Cuando voy al mall chino,3,2,1,4,1,2,3,99,4,4,3,4
ba13ad34-470e-4383-91a8-f3a503f6d733,561750169,2,11-Oct-2023 22:05,11-Oct-2023 22:22,941,end,complete,P5_1#1#value,5d9fbd75bd3afb00,3,2,70,7,3,13,288,6,3,3,1,1,Grandes industrias variedad,Potencia,Nada,Nada,Nada,1,999,999,999,999,1,4,3,1,3,2,2,1,2,3,En restorán chino,2,1,1,2,3,3,2,3,3,3,1,2
47411d61-282c-4df0-a7ab-b8407821e1af,561750574,1,11-Oct-2023 22:07,11-Oct-2023 22:19,687,end,complete,P5_4#1#value|P5_3#1#value|P5_1#1#value|P5_5#1#value|P5_2#1#value,1799141db1a23aa1,3,2,24,2,6,6,102,5,1,3,8,1,Electro doméstico,País importante,Importante,Nada,Celulares,1,1,1,1,1,1,3,4,1,5,1,1,2,2,4,En los mall chinos o casinos,2,2,2,4,2,3,2,3,2,4,3,5
20f5b8cb-a5d7-486e-aa6e-ce36a3da4254,561751009,1,11-Oct-2023 22:10,11-Oct-2023 22:17,425,end,complete,P5_2#1#value|P5_5#1#value|P5_4#1#value,b2649a146bf76162,3,2,36,4,5,7,113,7,98,3,5,3,Gente,Potencia,Potencia,Paris,Grande,999,1,999,1,1,1,3,3,1,3,3,1,1,1,3,Moll chinos,1,1,1,3,2,1,99,99,3,3,1,3
71b49d18-daa8-4188-87f8-995f06542d6a,561751371,1,11-Oct-2023 22:12,11-Oct-2023 22:23,622,end,complete,P5_3#1#value|P5_5#1#value|P5_2#1#value|P5_1#1#value,00b47f168da72964,3,1,22,2,5,7,116,6,98,3,5,2,Productos de mala calidad xd,Dolar,Gays,Ulalaa que elegancia la de Francia,Anime,1,1,1,999,1,2,3,3,1,4,3,1,2,1,2,Cuando voy a comprar al supermercado chino,2,2,1,3,1,2,3,2,3,3,3,3
37edbb1f-a6dc-451b-af5c-98a54e167763,561751761,1,11-Oct-2023 22:15,11-Oct-2023 22:19,262,end,complete,P5_4#1#value|P5_2#1#value|P5_3#1#value|P5_5#1#value|P5_1#1#value,091c7bad89a80571,3,1,35,4,9,10,247,5,98,4,2,1,Falta de libertad,Imperialismo,Agobio,Macron,Animé,1,1,1,1,1,1,2,3,2,3,2,2,1,2,2,Ninguna,3,2,1,4,3,5,2,3,1,3,2,3
a7138169-0404-44d2-a08b-a1fc312a4838,561752030,1,11-Oct-2023 22:18,11-Oct-2023 22:32,833,end,complete,P5_5#1#value|P5_3#1#value|P5_1#1#value|P5_2#1#value|P5_4#1#value,09244692d25c5d3a,1,1,75,7,7,16,185,5,3,3,7,2,Colaboradores,Tiranos,Pequeños colaboradores,Indiferentes,Importantes,1,1,1,1,1,2,4,3,1,3,3,2,2,2,4,"Ninguna, no conozco a ningún chino.",3,1,1,2,3,4,2,2,1,4,1,3
2f54bb9d-6be0-4230-a5b5-1b298e9f95fb,561752207,1,11-Oct-2023 22:19,11-Oct-2023 22:29,653,end,complete,P5_1#1#value|P5_3#1#value|P5_2#1#value|P5_5#1#value|P5_4#1#value|QA_EVAL#1#value,7a19b91b7ca4f447,1,1,50,5,9,11,258,2,9,2,3,1,Poder,Poder,Orden e ingenio,"Libertad, igualdad",Orden y perseverancia,1,1,1,1,1,1,3,1,1,3,2,2,2,1,2,"Esposa de mi suegro es hija de Chino, pero vive en México",2,2,1,3,1,3,3,99,4,3,2,3
7f314908-91c7-45fe-8f5a-f06851cb636e,561753144,1,11-Oct-2023 22:25,11-Oct-2023 22:34,571,end,complete,P5_5#1#value|P5_2#1#value|P5_4#1#value|P5_3#1#value|P5_1#1#value,108509645a1226fc,3,1,37,4,3,13,303,7,98,3,2,4,Creser,Oportunidad,Trabajo,Livertad,Anime,1,1,1,1,1,1,5,2,1,5,2,1,1,1,1,Atrabes de,1,1,2,5,3,5,1,1,2,5,1,5
72319a1f-4bb6-4357-ab9a-f14e9eebdb80,561753735,1,11-Oct-2023 22:29,11-Oct-2023 22:36,448,end,complete,P5_5#1#value|P5_2#1#value|P5_3#1#value|P5_4#1#value|P5_1#1#value,232951a3afc09492,3,1,49,5,3,13,297,6,98,3,2,2,El mejor,Lo peor del mindo,Gerra,Gran país,Algo positivo,1,1,1,1,1,1,4,3,1,3,2,1,1,1,2,Muy poca,2,2,2,4,2,3,2,3,1,4,2,4
af4ad1dd-eafd-41bb-9745-577f74e74e93,561754760,1,11-Oct-2023 22:37,11-Oct-2023 22:57,1232,end,complete,P5_4#1#value|P5_1#1#value|P5_5#1#value|P5_2#1#value|P5_3#1#value,dcdcdb10b1b29064,3,2,20,2,5,13,297,7,98,1,5,2,Dominante,Sueño,Extremista,Aplio pensamiento,Extremista,1,1,1,1,1,2,3,2,2,3,3,2,2,2,2,No me interesa,3,2,1,2,1,3,3,3,3,3,2,3
48b3a756-c290-4de5-8df3-739599f3751a,561754929,1,11-Oct-2023 22:38,11-Oct-2023 22:54,968,end,complete,P5_2#1#value|P5_1#1#value|P5_4#1#value,a551971f11f0f864,3,2,28,3,5,13,279,6,3,3,10,3,Comida,Evolución,No se,Cultura,Series,1,1,999,1,999,1,4,3,2,3,3,1,1,2,4,"Comprando algo de sus tienda ( comida, ropa)",2,2,1,2,2,2,2,2,2,4,2,2
666e780c-82cd-4e74-95a4-03fb24ca621f,561755342,1,11-Oct-2023 22:41,11-Oct-2023 22:46,279,end,complete,P5_1#1#value,d48839f701680dc3,3,2,30,3,8,10,237,6,3,3,5,1,AliExpress,Nada,Nada,Nada,Autos,1,999,999,999,999,1,2,3,3,,,1,2,2,4,En los mall chinos,2,2,1,4,1,2,2,2,4,3,3,4
5b15ff58-6df6-4faf-9eee-804731d3d08d,561755454,1,11-Oct-2023 22:42,11-Oct-2023 22:56,867,end,complete,P5_3#1#value,c54d031c722f3d4d,3,2,41,4,4,13,289,7,98,1,1,2,Doramas,Películas,Doramas,Nada,Doramas,999,999,1,999,999,3,5,3,1,1,3,2,2,1,3,De ves en cuando,1,2,1,5,1,3,1,1,3,5,3,5
aceb06ed-e2bb-4b11-8c14-1e9b1f049192,561755607,1,11-Oct-2023 22:43,11-Oct-2023 23:08,1498,end,complete,P5_1#1#value|P5_5#1#value|P5_2#1#value|P5_4#1#value|P5_3#1#value,083d938f503fc586,1,2,72,7,7,3,17,4,98,1,8,2,comercio,tegnologia,vehiculos,turismo,cultura,1,1,1,1,1,1,2,4,1,3,2,1,1,2,3,"No tengo ,,solo compras  en su comercio.....",3,2,1,4,3,5,3,2,4,3,3,4
2319ce28-c4e7-49d6-855d-4a6ec9ffa61c,561755665,1,11-Oct-2023 22:43,11-Oct-2023 22:51,447,end,complete,P5_1#1#value,5aa76f102a41f8cc,3,1,46,5,7,13,311,6,6,4,5,4,La muralla,Películas,Dictadura,Paris,Animé,1,999,999,999,999,3,2,3,2,5,3,1,1,1,2,En restaurante,2,2,1,5,3,4,1,2,4,5,1,2
81634868-c846-4a49-aa3f-fee308d19f74,561756700,1,11-Oct-2023 22:50,11-Oct-2023 23:05,883,end,complete,P5_1#1#value|P5_5#1#value|P5_4#1#value|P5_3#1#value|P5_2#1#value,0f3227b4a1288266,3,2,48,5,2,13,279,7,98,3,10,1,Provededores,Potencia mundial,Nada,Nada,Nada,1,1,1,1,1,1,1,3,2,5,3,1,1,1,2,Por pega,2,2,1,4,2,3,2,1,3,4,1,3
606b3ded-68c1-4ae4-a19c-397b12a2a0eb,561757324,1,11-Oct-2023 22:55,11-Oct-2023 23:13,1084,end,complete,P5_2#1#value|P5_4#1#value,fd5a932db3497a7a,3,2,54,5,5,2,8,6,3,1,3,1,Muralla china,Disney,Comida,Torre Eiffel,Animet,999,1,999,1,999,1,4,1,1,5,1,1,1,1,2,Restaurante chinos que son atendidos x chinos cerca de mi casa,1,1,1,4,3,4,2,1,4,3,1,1
086707de-16c5-4ec7-8ac1-28c92107cb65,561758751,1,11-Oct-2023 23:07,11-Oct-2023 23:22,876,end,complete,P4_4|P4_5|P5_1#1#value|P5_2#1#value,3640032d04a461f5,3,2,29,3,6,13,279,7,3,3,3,3,Proveedor internacional,Potencia mundial,Imponer autoridad,Nd,Nd,1,1,999,999,999,2,4,3,2,3,3,1,2,1,2,Trabaje con unos cuantos de ellos y tengo amistad ahora,2,2,1,2,1,2,3,2,3,2,2,3
35290e69-6313-4ca1-8fb4-e9ebf4a1e91e,561758754,1,11-Oct-2023 23:07,11-Oct-2023 23:13,374,end,complete,P5_5#1#value|P5_3#1#value|P5_2#1#value,240b0246f1f2d6f7,3,1,43,4,3,13,288,6,7,4,10,2,Comunista,Películas,Doramas,Terrorismo,Anime,999,1,1,999,1,1,5,4,3,,,2,1,1,2,Cuando voy a comer comida china,3,2,2,2,2,4,3,1,2,3,1,3
ac707e73-76e5-43d6-b174-d2aba15b59b5,561759663,1,11-Oct-2023 23:15,11-Oct-2023 23:26,692,end,complete,P5_2#1#value|P5_3#1#value|P5_5#1#value|P5_4#1#value|P5_1#1#value,d992c52d6167c04c,3,1,42,4,6,7,128,5,3,1,10,2,Desechable,Dolar,Nada,Arco,Auto,1,1,1,1,1,1,3,1,2,2,2,2,2,1,2,Cuando voy al mall chino,3,2,1,4,3,3,2,3,4,4,3,4
e393b231-8f33-4a80-9d43-f168abe86dc7,561759779,2,11-Oct-2023 23:16,11-Oct-2023 23:21,308,end,complete,P5_1#1#value|P5_2#1#value|P5_5#1#value|P5_3#1#value|P5_4#1#value,7d39acc887163045,3,2,28,3,5,10,232,6,6,1,5,1,Exportador,Potencia mundial,País,País grande,Potencia mundial,1,1,1,1,1,1,5,2,1,5,1,1,1,1,1,Compras internacionales,2,2,2,5,1,5,2,2,2,4,2,5
9c75782f-a275-4915-9338-316c91055bea,561761378,1,11-Oct-2023 23:31,11-Oct-2023 23:41,620,end,complete,P4_3|P5_4#1#value|P5_1#1#value|P5_2#1#value|P5_3#1#value,1116b1768419fd66,3,2,63,6,8,16,175,3,9,4,5,1,Comunismo,Capitalismo,Cercano a EEUU,Moda,Mafia,1,1,1,1,999,1,2,4,2,4,2,2,2,1,4,Es mi arrendatario,1,2,1,4,2,2,2,3,3,4,3,4
ea72a84b-071a-47e6-b10b-dc304dafed3a,561763362,3,11-Oct-2023 23:47,11-Oct-2023 23:54,385,end,complete,P5_4#1#value|P5_5#1#value|P5_2#1#value,324dc13135c60d58,3,2,48,5,7,2,12,6,3,3,5,1,Chinos,Liberty,Gordo,Eifel,Japoneses,999,1,999,1,1,3,4,3,2,3,2,2,1,2,2,No tengo,3,2,1,4,2,4,3,3,2,2,2,4
823c4752-716e-4c17-814a-353c3539bf78,561763515,1,11-Oct-2023 23:49,11-Oct-2023 23:56,435,end,complete,P5_4#1#value,7915c4a77dd0969c,3,1,43,4,4,2,8,6,98,1,8,4,Comida,Ropa,Casa,Pan,Ropa,999,999,999,1,999,1,5,1,1,5,1,2,2,2,2,Compras,1,2,1,5,1,5,1,1,2,5,1,5
585ef56a-b5b8-4b2c-8d27-cc22092a6fa2,561763828,1,11-Oct-2023 23:51,12-Oct-2023 00:01,605,end,complete,P5_2#1#value,ad9404495483ccd6,3,2,37,4,5,6,96,6,3,3,5,1,Comercio,Oportunidad,Restringido,Vino,Disciplina,999,1,999,999,999,2,3,1,1,3,3,1,2,2,3,En negocios,3,2,1,3,1,2,3,3,4,3,1,2
7e438086-c32e-467b-98a2-90e21ecf1381,561763985,1,11-Oct-2023 23:53,12-Oct-2023 00:05,702,end,complete,P5_3#1#value|P5_1#1#value|P5_4#1#value|P5_5#1#value|P5_2#1#value,716fd4667cbfb303,3,2,48,5,5,3,22,5,3,4,5,4,Cuktura,Libertad,Represión,Lindo pais,Tecnología,1,1,1,1,1,3,1,2,3,,,2,2,2,4,No tengo contacto con personas de china,1,2,1,5,3,3,2,2,4,5,3,3
1f595b2a-84ab-4321-a392-9f5a384ed494,561764079,1,11-Oct-2023 23:54,12-Oct-2023 00:00,360,end,complete,P5_1#1#value|P5_4#1#value|P5_3#1#value|P5_2#1#value|P5_5#1#value,17867615a799167f,3,2,28,3,4,5,48,7,9,3,4,1,Chinos,Trump,Chinos,Viajes,Chinos,1,1,1,1,1,3,5,3,3,,,1,2,2,3,Locales chinos,2,2,1,4,3,5,2,2,3,3,3,5
0d5eb3eb-eb20-4127-b0f7-f3f14b0be9f9,561764799,1,12-Oct-2023 00:01,12-Oct-2023 00:16,892,end,complete,P5_2#1#value,ac25ad081f4d15bc,3,2,46,5,2,5,42,6,98,1,2,2,Comercios,Dinero,Guerra,Reyes,Bombas,999,1,999,999,999,1,5,1,1,4,2,1,2,2,3,Ninguna,2,1,2,4,1,4,2,2,4,4,1,3
704a2878-2c5a-44c3-bda2-15c2fd88681e,561764892,1,12-Oct-2023 00:02,12-Oct-2023 00:14,701,end,complete,P5_1#1#value|P5_2#1#value,539ba19ba411c2f5,3,2,55,6,5,10,241,6,98,3,6,1,Barato,Pasear,Conocer,Hermoso,Sushi,1,1,999,999,999,2,4,3,2,5,2,1,2,1,3,Solo cuando voy a sus locales de compras,1,2,2,5,2,3,1,3,1,4,2,2
85d4a1f0-21b3-4dba-a0cb-8776cce716d1,561765219,1,12-Oct-2023 00:06,12-Oct-2023 00:14,467,end,complete,P5_4#1#value,d2fd95a3821f190c,3,2,56,6,5,5,49,5,98,3,8,3,Manufacturas,Disneyland,Nada,Glamour,Disciplina,999,999,999,1,999,1,3,3,3,,,2,2,2,4,Cuando concurro a un comercio chino,3,2,1,4,2,1,3,3,3,4,2,2
8646ed7e-6d1d-439b-b5b2-fbe4cefff33a,561765269,1,12-Oct-2023 00:07,12-Oct-2023 00:22,950,end,complete,P5_2#1#value|P5_3#1#value|P5_1#1#value|P5_4#1#value|P5_5#1#value,f087950733dadd8d,3,1,44,4,5,11,260,5,98,3,3,1,Tecnología producto negocio,Buaje,Nose,Exportaciones,Vehículo,1,1,1,1,1,1,5,3,1,2,1,1,1,1,1,Ninguna,2,2,2,5,3,5,2,1,3,5,2,3
48812509-abdb-46cd-8105-5a9c1276c1bd,561765533,1,12-Oct-2023 00:09,12-Oct-2023 00:21,683,end,complete,P5_4#1#value|P5_1#1#value|P5_5#1#value|P5_3#1#value|P5_2#1#value,8c6b8615a24d6699,3,2,40,4,6,16,175,6,6,4,5,3,Vestuario,Gran economía,Doramas,Turismo,Tecnologia,1,1,1,1,1,2,2,3,1,3,2,1,2,2,2,Al comprar en alguna tienda,2,2,1,4,3,3,2,2,4,4,3,5
c14553ec-7099-4579-a6a4-e5b37d3d9c74,561765653,1,12-Oct-2023 00:11,12-Oct-2023 00:25,865,end,complete,P5_1#1#value|P5_3#1#value|P5_4#1#value|P5_2#1#value|P5_5#1#value,b169004cfa105c9a,1,1,58,6,9,16,180,3,98,2,5,2,socios,amigos,nada,atractivos,nada,1,1,1,1,1,3,2,1,1,3,1,2,2,2,3,en ninguna ocasión...no tengo posibilidades de ese tipo,3,1,1,4,2,4,2,2,4,3,1,2
369f6cd7-289c-44b3-af10-d7b108cc0e28,561765674,1,12-Oct-2023 00:11,12-Oct-2023 00:51,2420,end,complete,P5_5#1#value|P5_2#1#value|P5_1#1#value|P5_4#1#value|P5_3#1#value,52bbd80264b1bb56,3,2,60,6,4,13,305,6,9,2,5,4,Un país que crece mucho en la economía,Es el hogar de los deportes profesionales, El sistema educativo es uno de los mejores del mundo,Libertad e igualdad ante la ley,Oportunidades de trabajo y educación,1,1,1,1,1,1,3,3,1,3,3,1,1,1,2,Compañero de trabajo,1,2,1,5,2,1,2,2,4,3,3,5
dc60c705-7fee-4a46-9450-adb0ddc2a7ff,561765851,1,12-Oct-2023 00:13,12-Oct-2023 00:29,964,end,complete,P5_2#1#value,9cd17db109795169,3,1,45,5,5,5,43,7,3,3,5,4,Comida china,Tio sam,Sushi,Mbappe,Comida japonesa,999,1,999,999,999,3,3,3,3,,,1,2,2,4,Con ninguna,3,2,1,4,1,3,3,2,4,3,3,4
af643554-b23c-4a93-9ecf-d6ffdb30040a,561766216,1,12-Oct-2023 00:16,12-Oct-2023 00:30,830,end,complete,P5_1#1#value|P5_5#1#value|P5_3#1#value|P5_4#1#value|P5_2#1#value,1d5311461b3caf2d,1,1,53,5,5,3,22,6,98,1,5,1,fabrica,decadencia,kea pop,iocrecia,robot,1,1,1,1,1,1,1,1,3,,,2,2,1,2,en los comercios,3,1,1,5,1,3,1,99,1,5,3,5
d9c8f12a-c20d-401c-aff8-95f3e1f4cbde,561766343,1,12-Oct-2023 00:18,12-Oct-2023 00:36,1106,end,complete,P5_1#1#value|P5_2#1#value|P5_5#1#value,28630cab00b9b29d,3,1,64,6,7,3,17,4,1,3,5,1,Mall,Donald Trump,China,Paris,Geisha,1,1,999,999,1,1,1,3,1,3,3,2,1,2,3,Enos mall y esporádicamente cuando compro comida china,3,2,2,5,3,5,3,99,1,5,2,2
39b84904-77f5-4d56-8a5f-768c999720e6,561766766,1,12-Oct-2023 00:22,12-Oct-2023 00:33,658,end,complete,P5_1#1#value|P5_5#1#value|P5_4#1#value|P5_3#1#value|P5_2#1#value,dd8bf8b3a0942a29,3,1,61,6,5,3,17,4,1,2,1,1,Fabricantes,Oportunista,Lacayo gringo,Ni chicha ni limonada,Moderno,1,1,1,1,1,1,1,2,2,3,3,1,1,1,2,Compras en negocio.,2,2,1,4,2,3,1,99,1,5,1,5
28ce1058-03e1-40bc-a9c1-c0cc127e2954,561766878,1,12-Oct-2023 00:24,12-Oct-2023 00:37,827,end,complete,P5_4#1#value|P5_2#1#value|P5_5#1#value|P5_3#1#value|P5_1#1#value,a08fa324a849d45b,3,2,57,6,6,10,237,5,6,1,7,1,Importadores,Potencia mundial,Descontento,Torre eifel,Sobrepoblacion,1,1,1,1,1,1,4,3,2,2,2,1,1,1,4,Comercial,2,2,1,2,3,3,2,2,4,4,1,3
e9aa92e9-6937-48eb-b12f-d427edbe7d68,561767038,1,12-Oct-2023 00:25,12-Oct-2023 00:38,768,end,complete,P5_5#1#value|P5_1#1#value|P5_4#1#value|P5_3#1#value|P5_2#1#value,d638098ff5a10f19,3,2,33,3,8,2,8,5,98,3,5,3,Creatividad tecnológica,Economía,Tecnología e innovación,Arquitectura,Tecnología,1,1,1,1,1,1,2,3,2,4,2,2,2,2,1,Personas normales,2,2,1,5,3,4,1,1,1,5,2,2
a32588f5-819b-4579-b74f-ee869dc0b24a,561767218,3,12-Oct-2023 00:28,12-Oct-2023 00:38,657,end,complete,P5_3#1#value|P5_4#1#value|P5_1#1#value|P5_5#1#value|P5_2#1#value,c89ab46763f32406,3,1,77,7,5,16,175,3,4,3,6,1,Primera potencia comercial,Expansionista,Subyugados,Perfumes,Apagado,1,1,1,1,1,1,4,2,1,4,2,1,2,2,3,Solo comercial,2,2,1,4,3,2,2,2,3,3,3,4
74c2a748-218b-4f02-bf44-347e3bf608cd,561767230,1,12-Oct-2023 00:28,12-Oct-2023 00:46,1078,end,complete,P5_3#1#value,64609150c3802740,3,2,50,5,6,16,175,6,98,3,5,2,Tecnologia,Tecnologia,Tecnologia,Arte,Tecnologia,999,999,1,999,999,1,3,1,3,,,2,2,2,2,Visitas a tienda china,2,2,2,5,2,4,1,2,4,5,1,1
3cae47fb-e39e-4c3f-aeab-d79228434e06,561767331,1,12-Oct-2023 00:29,12-Oct-2023 00:46,1037,end,complete,P5_1#1#value|P5_2#1#value|P5_4#1#value|P5_5#1#value|P5_3#1#value,addddc239999646b,3,1,43,4,4,10,229,6,5,2,7,2,Mol chino,Torres jemelas,Kin,Embapee,Ejército,1,1,1,1,1,1,3,2,3,,,2,2,2,2,En el mol chino,1,2,1,4,1,3,2,2,4,3,1,3
44f1f8d1-8a2d-4906-ae92-056414f02562,561768396,1,12-Oct-2023 00:42,12-Oct-2023 00:54,734,end,complete,P5_1#1#value|P5_2#1#value|P5_3#1#value|P5_5#1#value|P5_4#1#value,8bc75ddff87fa5c2,3,2,57,6,7,16,175,6,98,3,5,4,Mall,Disney,Diciplina,Torre eifel,Mejor que china,1,1,1,1,1,3,3,3,3,,,1,1,2,3,En mall y comidas,2,2,1,3,1,2,3,3,3,3,2,2
ff2175d5-98d3-4dde-ae11-4dd1fe98af4f,561768824,1,12-Oct-2023 00:47,12-Oct-2023 00:57,582,end,complete,P5_5#1#value|P5_1#1#value|P5_4#1#value|P5_3#1#value|P5_2#1#value,71d3cfcc794b9d57,3,1,25,3,7,5,49,5,3,1,3,1,Potencia mundial,Invasores,Idols,Romántica,Cultura,1,1,1,1,1,1,1,3,3,,,2,2,2,4,En las tiendas Chinas,2,2,1,4,2,1,2,99,3,5,3,5
e960e734-651f-43fc-a6f9-deec7c028338,561768953,1,12-Oct-2023 00:49,12-Oct-2023 01:03,838,end,complete,P4_5|P5_4#1#value|P5_3#1#value|P5_5#1#value|P5_1#1#value|P5_2#1#value,c6055d2776175aab,3,1,29,3,6,10,256,7,98,3,5,3,Manufacturador,Dólar,Revolucionario,Torre,???,1,1,1,1,1,1,2,4,3,,,2,2,2,1,Videos virales,3,2,1,4,1,1,99,99,3,3,1,2
78f5d839-4506-42e2-b1db-ea394d2428fb,561768974,1,12-Oct-2023 00:49,12-Oct-2023 00:59,647,end,complete,P5_2#1#value|P5_5#1#value|P5_3#1#value|P5_4#1#value|P5_1#1#value,8c24157d3849f5d9,3,1,39,4,6,5,47,5,5,3,5,4,Aliexpress,Terrorismo,Kpop,Ratones,Sushi,1,1,1,1,1,3,3,1,3,,,1,1,1,3,Dueños de mall chinos,2,2,1,3,1,3,3,3,4,3,2,3
0453e47c-a5a5-4d27-94cd-517ed029c731,561769791,1,12-Oct-2023 00:58,12-Oct-2023 01:11,733,end,complete,P5_2#1#value|P5_5#1#value|P5_4#1#value|P5_3#1#value|P5_1#1#value,8827408cc75a834b,3,2,39,4,8,13,321,6,98,3,6,2,Desarrollo,Uno de los países más importante y poderosos del mundo,Dictadura,Turismo,Sobrepoblación,1,1,1,1,1,1,3,3,1,4,2,1,2,2,1,Compras en mall chinos,3,2,1,4,2,2,3,3,4,3,3,4
d60ebec9-8ed9-40d9-80b4-84b6d7e5a715,561769957,1,12-Oct-2023 01:00,12-Oct-2023 01:12,680,end,complete,P5_4#1#value|P5_3#1#value|P5_5#1#value|P5_1#1#value|P5_2#1#value,7363c4b6ffd0cad9,3,2,53,5,8,5,49,5,98,1,5,1,Flora y la Fauna,Potencia a nivel mundial,Arquitectura futurista,Cultura e historia,Empresas industriales reconocidas,1,1,1,1,1,1,2,1,1,3,3,2,2,2,2,No aplica,3,2,1,4,3,5,99,2,4,4,2,2
3982c94e-7996-4a9e-91f7-2d4ca65150e6,561770178,1,12-Oct-2023 01:03,12-Oct-2023 01:14,642,end,complete,P5_4#1#value|P5_1#1#value|P5_2#1#value|P5_5#1#value|P5_3#1#value,572d41548c12c8f2,1,1,43,4,7,7,112,5,7,3,9,3,producción,progreso,moderno,clásico,tecnología,1,1,1,1,1,1,2,3,1,4,2,1,1,2,4,en comercios,2,2,2,4,2,4,2,1,4,2,1,2
0a186651-78ad-4b53-84f2-36df12760802,561770235,1,12-Oct-2023 01:04,12-Oct-2023 01:11,413,end,complete,P5_3#1#value|P5_1#1#value|P5_2#1#value|P5_4#1#value|P5_5#1#value,db350587dc512d1d,1,1,35,4,7,7,130,5,98,3,2,1,cosas baratas,dolar,tecnología,Buena comida,cultura,1,1,1,1,1,1,1,2,1,3,2,2,2,2,4,En restoranes y tiendas chinas,1,2,1,4,3,4,2,99,4,4,3,4
c0088f7f-707b-4e69-8fe2-8dd351bfb4db,561770341,1,12-Oct-2023 01:05,12-Oct-2023 01:16,659,end,complete,P5_3#1#value|P5_5#1#value|P5_4#1#value|P5_2#1#value,9d994099c1cb88cb,3,2,47,5,5,13,291,6,98,4,3,4,Nada,Me encantria conocer disen que es muy lindo es un sueño que ojalá se me cumpla,Nada,Que lindo,Nada,999,1,1,1,1,3,4,4,1,3,3,1,2,2,3,Con nadie,3,2,1,3,1,3,99,99,4,3,2,3
6ccefd52-f3db-46be-94c2-0487bc70ccd2,561770810,1,12-Oct-2023 01:11,12-Oct-2023 01:28,991,end,complete,P5_5#1#value|P5_4#1#value|P5_3#1#value|P5_2#1#value|P5_1#1#value,fbd660a6ab236638,3,1,48,5,6,3,17,5,9,2,5,1,Muchos,Aprovechador,Innovacion,Antiguo,Estratega,1,1,1,1,1,3,3,2,1,4,2,2,1,1,4,Solo de comida china y de tiendas,2,2,1,4,3,4,2,3,3,4,3,3
9d271d41-fe4a-4adf-8530-1e708c5cde6d,561771052,1,12-Oct-2023 01:14,12-Oct-2023 01:25,629,end,complete,P5_5#1#value|P5_3#1#value|P5_4#1#value|P5_2#1#value|P5_1#1#value,30b3830b8d20a66f,3,2,18,2,3,13,282,6,3,3,9,3,"Negocios, compras online",Dolares,Nada,Turismo,Tecnología,1,1,1,1,1,1,4,1,2,3,2,1,2,1,2,"Mi jefa es china, y trabajo en un mall chino",2,1,2,4,1,3,2,1,2,4,2,2
31f11c2d-58f5-4613-9239-d0f80ab72cf9,561771479,1,12-Oct-2023 01:19,12-Oct-2023 02:02,2579,end,complete,P5_1#1#value|P5_5#1#value|P5_2#1#value,4d010fa277f59ff4,3,2,49,5,5,5,70,5,98,3,6,3,Potencia silenciosa,Se creen superiores,Tecnología,Racistas,Tecnología de punta (autos),1,1,999,999,1,1,4,3,3,,,2,2,2,1,En los mall chino de la comuna,3,2,1,3,2,1,99,99,3,4,1,3
729c7022-6dea-4e47-a76e-4a52591843d5,561772258,1,12-Oct-2023 01:30,12-Oct-2023 01:35,318,end,complete,P5_1#1#value|P5_2#1#value|P5_3#1#value|P5_5#1#value|P5_4#1#value,449c0066daca4d15,1,1,19,2,7,2,8,5,98,3,3,1,proveedor,sueño,kpop,napoleon,bomba,1,1,1,1,1,3,1,3,1,3,2,2,1,2,3,tiendas y restaurantes,1,2,1,4,2,1,2,3,4,4,1,1
76b83b84-f7b8-4d0a-85ce-836a113b31cc,561772578,1,12-Oct-2023 01:34,12-Oct-2023 01:38,270,end,complete,P5_4#1#value,71894bababb226b2,1,2,27,3,7,5,64,5,98,1,7,1,Maltrato animal,Mc Donald,Desigualdades,Bienestar,Maltrato animal,999,999,999,1,999,1,3,2,2,3,3,2,1,1,2,Vecindad,3,1,1,3,3,3,2,2,1,3,3,3
3cde775a-cf6e-478e-9c5f-c36238519ec5,561773279,1,12-Oct-2023 01:43,12-Oct-2023 01:54,671,end,complete,P5_1#1#value|P5_4#1#value|P5_5#1#value|P5_3#1#value|P5_2#1#value,afff04a1f611b0f1,3,1,41,4,5,6,79,6,3,3,7,2,Empoderamiento,Avance,En crecimiento,Apoyo,Moderno,1,1,1,1,1,2,4,3,2,3,3,2,1,2,2,No tengo ningún conocido Chino,3,2,2,4,1,2,3,2,2,4,2,3
bbbebc8f-6242-4c5f-9c1b-03c6df268d97,561773743,1,12-Oct-2023 01:50,12-Oct-2023 01:57,420,end,complete,P5_1#1#value|P5_2#1#value|P5_5#1#value|P5_4#1#value|P5_3#1#value,6c6bb7d6b5703f83,3,2,30,3,7,5,49,5,98,3,5,1,Covid,Trum,Guerra,Chaleco amarillo,Grande,1,1,1,1,1,1,2,3,3,,,1,2,2,2,Solo mall chino,2,2,1,4,2,2,2,2,3,5,1,3
01969b11-af43-4953-b054-3d76537c5436,561774527,1,12-Oct-2023 02:01,12-Oct-2023 02:10,554,end,complete,P5_4#1#value|P5_1#1#value|P5_2#1#value|P5_5#1#value,f3b216bcf21ad31f,3,1,50,5,7,7,116,6,9,3,8,4,Compras,Disney,No se,La Torre Eiffel,Comida,1,1,999,1,1,2,2,3,3,,,2,2,2,4,En la calle,3,2,1,4,1,2,2,2,4,4,3,4
c6db838d-27f4-4be3-b82f-e5a40ae5828f,561774624,1,12-Oct-2023 02:02,12-Oct-2023 02:12,614,end,complete,P5_3#1#value|P5_4#1#value|P5_1#1#value|P5_5#1#value|P5_2#1#value,4d3dc0ab34d6097c,3,1,39,4,7,10,241,5,3,3,7,1,Barato,Norte america,Sangyong,Perfumes,Sushi,1,1,1,1,1,1,2,3,3,,,2,2,2,1,"Nada, no tengo contacto",3,2,2,5,1,3,3,3,2,3,3,3
8356dfa3-9544-434d-a16e-3896529f29bc,561774811,1,12-Oct-2023 02:04,12-Oct-2023 02:24,1168,end,complete,P5_5#1#value|P5_1#1#value|P5_4#1#value|P5_3#1#value|P5_2#1#value,3628f154b4450331,1,2,32,3,8,5,42,5,98,3,2,1,exportación,cine,asia oriental,torre eifel,tecnología,1,1,1,1,1,1,2,3,1,4,3,2,1,2,3,para una compra,3,1,2,4,3,4,2,1,3,4,2,2
68782a94-17c9-4844-b28d-e693a9a945ed,561775903,1,12-Oct-2023 02:19,12-Oct-2023 02:29,581,end,complete,P5_3#1#value|P5_2#1#value|P5_1#1#value|P5_4#1#value|P5_5#1#value,80436480298f2dfb,3,1,35,4,5,5,41,5,98,3,2,1,Sushi,Estatua de la libertad,Kin hom jun,Paris,Anime,1,1,1,1,1,1,4,4,1,2,1,2,2,2,1,Ninguna,3,2,1,5,2,4,2,99,1,4,1,4
8bb266cb-14cc-47cb-af35-39988873d6d2,561775929,1,12-Oct-2023 02:19,12-Oct-2023 02:28,519,end,complete,P5_2#1#value,6771d8f07002a078,3,1,34,3,5,5,46,5,6,4,5,1,Arroz,Dolar,Kin yon un,Torre infel,Anime,999,1,999,999,999,1,2,1,1,4,3,2,2,2,3,Solo cuando visitó un mall chino,3,2,1,2,2,2,3,3,3,3,1,2
aaca7e45-8da3-4d55-81b2-eb1da2ad272d,561776177,1,12-Oct-2023 02:23,12-Oct-2023 02:35,696,end,complete,P5_1#1#value|P5_2#1#value|P5_3#1#value|P5_5#1#value|P5_4#1#value,bb48d09cc4df1c1d,3,2,33,3,6,5,41,5,98,1,5,1,Templos,Las karen,Chingu amiga,Ratatuit,Sushi,1,1,1,1,1,1,3,3,1,3,2,2,2,1,2,Ex-compañera de curso,2,2,1,4,3,3,2,3,4,3,2,2
a984d13d-a658-4223-a01f-535263818fd5,561776361,1,12-Oct-2023 02:26,12-Oct-2023 02:36,594,end,complete,P5_1#1#value|P5_5#1#value|P5_3#1#value|P5_2#1#value,3dcd92f9bc399a4b,3,2,26,3,5,2,8,5,98,3,5,3,Negocio,Oportunidad,Autos,Turismo,Autos,1,1,1,999,1,2,2,3,2,3,1,2,1,2,4,En compra de comida para llevar. En compra de artículos en mall chino.,1,2,1,4,1,1,2,99,3,4,3,5
fd71901f-ed7d-4321-a158-c9fa41f3575f,561776402,1,12-Oct-2023 02:27,12-Oct-2023 02:36,545,end,complete,P5_4#1#value|P5_2#1#value|P5_5#1#value|P5_1#1#value|P5_3#1#value,4d7297214257ddd4,3,1,49,5,5,10,247,5,3,1,1,1,Rojo,Trump,K pop,Torre Eiffel,Katana,1,1,1,1,1,1,5,4,2,5,1,2,2,2,2,Ninguna nada,3,2,1,2,3,1,99,3,3,3,3,2
afe30367-eaa6-45a1-a155-5a58acac9ae9,561776527,1,12-Oct-2023 02:29,12-Oct-2023 02:42,747,end,complete,P5_1#1#value|P5_4#1#value|P5_5#1#value|P5_2#1#value|P5_3#1#value,8380508f2cf997b1,1,2,43,4,8,7,116,5,98,3,5,1,trabajo,potencia,potencia,arte,inventos,1,1,1,1,1,1,5,3,1,4,3,2,2,1,1,tuve contacto cuando trabajaba,1,2,1,4,1,2,3,3,3,4,2,4
f5fef643-dc05-49cb-8c07-95792ccdf41c,561776629,1,12-Oct-2023 02:31,12-Oct-2023 02:49,1060,end,complete,P5_4#1#value|P5_1#1#value|P5_5#1#value|P5_2#1#value|P5_3#1#value,878f4265899a655b,1,2,27,3,7,5,49,5,98,3,5,1,comercio,poder,k-pop,museo,anime,1,1,1,1,1,3,3,3,1,3,2,2,2,1,2,en el mall,2,2,1,3,1,2,2,2,3,3,1,4
99d1f13e-9b29-4b7b-bc1f-47742f9d2c3b,561776722,1,12-Oct-2023 02:33,12-Oct-2023 02:44,651,end,complete,P5_3#1#value|P5_1#1#value|P5_5#1#value|P5_2#1#value|P5_4#1#value,5a4f019bc42bb473,1,1,41,4,7,7,125,6,7,1,9,2,"Comunismo, hambre, muerte","Libre Mercado, Imperio","Libre Mercado, Cultura Popular",Jacobinos,"Tecnología, Libre Mercado, Cultura Popular",1,1,1,1,1,1,5,4,3,,,1,1,1,4,Son mis vechinos.,2,1,1,1,2,1,99,2,2,2,1,1
5d78e49b-5898-4ac8-9f93-7e5208fac58a,561778240,1,12-Oct-2023 02:59,12-Oct-2023 03:16,1013,end,complete,P5_4#1#value|P5_1#1#value|P5_2#1#value|P5_5#1#value,8a8ccaaf7599b1b2,1,2,39,4,7,16,175,7,3,3,9,2,Potencia económica,Potencia mundial,Nada,Ejemplo de educación,Lideres en tecnología,1,1,999,1,1,1,4,4,2,1,4,1,1,1,2,Economía,2,2,1,2,3,4,2,3,3,4,3,2
5d38963a-7980-41d6-9438-c152505f9ce2,561778625,1,12-Oct-2023 03:06,12-Oct-2023 03:24,1108,end,complete,P5_2#1#value|P5_4#1#value|P5_5#1#value,8fbf22149155cfad,1,1,80,7,8,11,258,2,98,4,7,2,Imperialismo del Futuro,Imperialismo,País Dividido,Cultura,Desarrollo,999,1,999,1,1,1,5,2,1,5,2,1,2,2,3,Ningún contacto,3,2,1,2,2,3,99,2,4,3,2,3
e4b7b77b-bc8c-468b-abc6-87391818c508,561779979,1,12-Oct-2023 03:34,12-Oct-2023 04:15,2488,end,complete,P5_3#1#value|P5_2#1#value|P5_5#1#value|P5_4#1#value|P5_1#1#value,2c85a04192764774,1,1,31,3,8,10,247,6,98,3,9,2,Moderno,Poderoso,Tecnológico,Turismo,Desarrollado,1,1,1,1,1,1,2,3,1,3,1,2,2,2,2,No No No No,2,2,1,5,3,5,1,1,4,3,2,4
8b0ba5c7-5685-4281-865d-d320c8d43779,561780392,1,12-Oct-2023 03:43,12-Oct-2023 03:51,501,end,complete,P5_5#1#value|P5_2#1#value|P5_4#1#value|P5_3#1#value|P5_1#1#value,8d8c4093bfbb935d,3,2,24,2,7,16,188,5,98,3,5,1,Ventas,Inteligencia,Dictadura,Torre eifel,Tencologia,1,1,1,1,1,1,2,3,3,,,1,2,2,2,En el mall chino,4,2,1,4,1,4,2,3,3,4,1,2
37154bb8-3a10-4efe-879c-be65bb761271,561780738,1,12-Oct-2023 03:51,12-Oct-2023 04:04,822,end,complete,P5_2#1#value|P5_1#1#value|P5_4#1#value|P5_3#1#value|P5_5#1#value,3d3b8f7217680f09,3,2,38,4,6,13,311,6,3,3,6,1,Mucha tecnología,El mundo,Guerra,Lindo país,Cultural,1,1,1,1,1,1,4,3,3,,,2,1,1,4,En el restauran chino que pido la comida todos los fines de semana,1,2,1,4,2,1,99,3,2,4,3,4
534d9c83-eff7-4dd6-a10f-4e41a276621a,561781032,1,12-Oct-2023 03:57,12-Oct-2023 04:09,690,end,complete,P5_3#1#value|P5_2#1#value|P5_5#1#value|P5_1#1#value|P5_4#1#value,df6d19935fdf977d,3,2,41,4,7,5,49,5,98,3,5,3,Nada,Guerra,Guerra,Nada,Nada,1,1,1,1,1,1,3,3,2,3,2,1,1,2,1,En las tiendas chinas,2,1,2,4,3,3,3,2,3,3,2,2
19773b40-10a5-4242-944f-d4218759520e,561781066,1,12-Oct-2023 03:58,12-Oct-2023 04:10,728,end,complete,P5_3#1#value|P5_1#1#value|P5_2#1#value|P5_5#1#value|P5_4#1#value,9072753c360469a5,1,1,78,7,7,10,247,5,98,3,6,2,comercio,seguridad,violencia,amistad,disciplina,1,1,1,1,1,3,4,4,2,4,3,2,1,2,1,por ahora ningun contacto,3,2,1,3,3,4,3,1,3,3,3,3
7be55804-6b85-4985-aeb3-8b6bd2202815,561781263,1,12-Oct-2023 04:02,12-Oct-2023 04:14,695,end,complete,P5_1#1#value|P5_2#1#value|P5_3#1#value|P5_5#1#value|P5_4#1#value,f2f20526123bfd15,3,2,25,3,5,13,284,6,3,4,5,3,Gran potencial,Ejército,País civilizado,Ejércitos,Autos,1,1,1,1,1,1,5,3,1,3,3,1,1,2,3,Compras en locales chinos y restaurantes,1,1,1,5,1,2,2,2,4,4,1,3
c0c4cdd5-847b-4c50-89c8-cdf6e7f014e2,561783834,1,12-Oct-2023 04:56,12-Oct-2023 05:07,651,end,complete,P5_2#1#value|P5_4#1#value|P5_1#1#value,9889085df86d11d5,3,2,52,5,5,5,51,5,98,3,6,4,Arroz,Gringos,Juegos olímpicos,Torre Eiffel,Comida,1,1,999,1,999,3,4,3,1,3,3,1,1,1,4,Solo en el comercio,3,2,2,4,1,2,1,1,4,3,1,2
237ddb0f-d185-4a1c-8db9-310af07d8009,561783958,1,12-Oct-2023 04:57,12-Oct-2023 05:04,393,end,complete,P5_5#1#value,fcc15604dd9d728c,3,2,51,5,5,3,17,7,98,4,10,1,Nada,Nada,Nada,Nada,Nada,999,999,999,999,1,3,1,4,1,2,5,1,1,1,1,Comida china,2,2,2,3,2,3,3,3,3,2,2,3
210e15b2-5797-49e7-ad81-c6e61cde6965,561785900,1,12-Oct-2023 05:28,12-Oct-2023 05:36,506,end,complete,P5_3#1#value|P5_5#1#value|P5_2#1#value|P5_1#1#value|P5_4#1#value,22cdd3b63d3a786c,3,2,33,3,8,5,46,5,98,3,3,1,Aliexpress,Americano idiot,Kim yong un,Los miserables de Víctor hugo,Anime,1,1,1,1,1,1,1,3,2,3,1,1,2,2,3,Solo el contacto que tengo con los vendedores chinos de aliexpress,3,2,1,4,2,3,3,99,1,4,3,3
9e53df23-4713-4b89-b021-1555533439f1,561786704,1,12-Oct-2023 05:39,12-Oct-2023 05:48,552,end,complete,P5_2#1#value|P5_3#1#value|P5_4#1#value|P5_5#1#value|P5_1#1#value,45ac350dcb8a7b0c,3,1,39,4,7,5,49,5,98,1,6,4,Muralla,Estatua libertad,Teléfono,Eisfel,Sushi,1,1,1,1,1,1,3,1,3,,,2,2,1,3,Aprendiendo el IDIOMA,2,2,2,5,2,1,3,2,2,4,2,1
afbc12fb-926a-402a-a6f3-2a6abb521cec,561808803,1,12-Oct-2023 07:37,12-Oct-2023 07:44,431,end,complete,P5_4#1#value|P5_3#1#value|P5_2#1#value|P5_5#1#value|P5_1#1#value,59db8a8a94c20502,1,1,29,3,8,2,8,7,98,3,6,2,comida,potencia aliada,templo,museo,turismo,1,1,1,1,1,2,3,3,1,5,3,1,1,2,1,cuando visito tiendas a comprar productos,2,2,2,4,1,3,2,2,4,3,3,4
6415d928-8653-4b8f-9e6e-26c714a54e7e,561821353,1,12-Oct-2023 07:44,12-Oct-2023 07:57,759,end,complete,P5_1#1#value,1c1cf682ca64a2cd,3,1,27,3,8,2,8,5,6,4,1,1,Comida china,New York,Guerra?,París,Tokio,1,999,999,999,999,1,4,2,1,3,1,2,1,1,2,Yo tengo descendencia china,2,2,2,4,3,4,2,2,4,3,1,5
66ba1694-c647-4e31-a1db-bb3d6645e984,561832910,1,12-Oct-2023 09:50,12-Oct-2023 09:57,402,end,complete,P5_5#1#value|P5_2#1#value|P5_3#1#value|P5_4#1#value|P5_1#1#value,9d8df4cd9b52006b,3,2,44,4,5,13,306,6,98,1,2,1,Compras,Turismo,Miedo,Lugares,Comida,1,1,1,1,1,1,2,3,1,3,3,1,1,2,3,Solo al comprar,2,2,2,4,3,4,2,3,4,4,2,2
36f6d155-7d27-4db8-91b3-e4f14f0eb61e,561832928,1,12-Oct-2023 09:50,12-Oct-2023 09:59,509,end,complete,P5_4#1#value|P5_5#1#value|P5_1#1#value|P5_3#1#value|P5_2#1#value,3a3c84cf56011357,3,1,51,5,6,6,93,5,2,1,5,2,Campos,Dolar,Guerra,Torre,Samuray,1,1,1,1,1,2,3,1,1,4,3,1,1,2,3,Comercio,2,2,1,5,1,3,2,2,2,4,3,4
2e3b9fd6-dbd4-4060-a4a6-637c6f90775d,561833727,1,12-Oct-2023 10:00,12-Oct-2023 10:05,332,end,complete,P5_1#1#value|P5_5#1#value|P5_4#1#value|P5_2#1#value|P5_3#1#value,710525bbb708a85d,1,1,46,5,8,2,8,3,98,1,3,1,inversor,odio,tecnologia,amor,inteligencia,1,1,1,1,1,1,2,2,1,5,2,1,1,1,4,amigos de descendencia China,2,2,1,5,2,3,1,3,1,5,1,2
cef023f5-b0ea-41e8-89ba-904e29b82ac2,561834107,1,12-Oct-2023 10:03,12-Oct-2023 10:10,426,end,complete,P5_3#1#value|P5_5#1#value|P5_1#1#value|P5_4#1#value|P5_2#1#value,054a9fc57c080faa,3,1,28,3,5,7,112,5,2,2,9,1,Winie po,Dolar,Kim,Pizza,Pez,1,1,1,1,1,1,2,2,2,4,2,1,2,1,3,En el mall chino trabajan chinos ahí los veo,2,2,2,4,1,2,3,3,4,4,3,5
4818051c-d638-4a44-bf1d-3ae0ef09870a,561837571,1,12-Oct-2023 10:35,12-Oct-2023 10:42,398,end,complete,P5_4#1#value|P5_5#1#value|P5_2#1#value|P5_1#1#value,5cf9613d7620789b,3,2,36,4,6,7,136,6,98,1,8,3,Importante inversor y potencia mundial,Un importante aliado y potencia mundial,Asia,Europa,Potencia mundial,1,1,999,1,1,1,2,3,1,5,2,1,2,2,2,En mall chino solamente,3,2,1,4,3,4,2,2,4,4,2,2
aba2ebd6-9687-4bec-8672-69667246b356,561839179,1,12-Oct-2023 10:53,12-Oct-2023 11:39,2751,end,complete,P5_1#1#value|P5_2#1#value|P5_5#1#value|P5_4#1#value|P5_3#1#value,385f7021c8a245ca,3,1,19,2,5,7,128,7,98,3,6,4,Comida rapida,Pistola,Idolos del k pop,Paris,Anime,1,1,1,1,1,1,3,3,3,,,1,2,2,1,Cuando compro en una tienda china,3,2,1,4,1,3,2,3,4,3,1,3
4730f1c8-bab2-45af-996c-8044cbdac679,561840121,1,12-Oct-2023 11:05,12-Oct-2023 11:17,716,end,complete,P5_3#1#value|P5_5#1#value|P5_2#1#value|P5_1#1#value|P5_4#1#value,ac4cca978f9d57f8,3,2,46,5,6,5,48,5,3,3,5,4,Paisajes,Disney,Doramas,Torre eifel,Animes,1,1,1,1,1,3,2,3,1,4,3,1,1,1,2,Solo al comprar en algún mall,2,2,2,3,2,2,2,3,4,4,3,4
e8435902-ee99-4d20-875c-cb3fcfb65e6c,561840673,2,12-Oct-2023 11:12,12-Oct-2023 13:04,1636,end,complete,P5_4#1#value|P5_3#1#value|P5_2#1#value|P5_5#1#value|P5_1#1#value,a612f0337c8acf3f,3,2,39,4,2,6,106,7,98,2,5,2,Potencia,Potencia,Guerra,Viaje,Avance,1,1,1,1,1,1,2,3,3,,,1,1,2,1,Cuando compro en los mall chinos,2,2,1,5,1,1,2,2,4,4,2,2
ab38c95e-27c7-40f6-a4bc-75968205fdb9,561841141,1,12-Oct-2023 11:18,12-Oct-2023 11:38,1155,end,complete,P5_3#1#value|P5_4#1#value|P5_5#1#value|P5_1#1#value|P5_2#1#value,cc6c9c97aa09fc1c,1,1,33,3,5,5,48,5,3,1,8,2,cosas baratas,plata,guerra,torre eifel,autos,1,1,1,1,1,1,1,3,3,,,1,2,2,1,Cuando voy a comprar a algún Mall o restaurant. O en contacto por Aliexpress,2,2,1,5,3,5,2,2,2,5,2,5
4e225bfa-f8f5-4843-a305-950ac5ceac19,561841653,1,12-Oct-2023 11:25,12-Oct-2023 11:37,760,end,complete,P5_5#1#value|P5_4#1#value|P5_2#1#value|P5_3#1#value|P5_1#1#value,d5dcf125485465f1,3,1,54,5,7,11,258,4,3,2,8,2,Pariente del jefe,El jefe,Amigo,Primo del jefe,Buen amigo,1,1,1,1,1,1,3,2,2,3,2,1,2,2,1,Compras por alixpress.,2,2,1,4,1,2,3,3,4,3,1,2
5ec6d525-fba9-4495-bdfd-75cb4f025737,561843267,1,12-Oct-2023 11:45,12-Oct-2023 12:00,896,end,complete,P5_1#1#value|P5_4#1#value|P5_5#1#value|P5_2#1#value,201c528311cb5ca8,1,1,32,3,8,5,71,5,9,2,2,1,inversión,invasores,inversion,turismo,calidad,1,1,999,1,1,1,1,3,1,3,3,2,2,2,3,"no tengo contacto directo con personas chinas, solo cuándo voy de compras al mall chino o a un restaurant chino",2,2,1,4,3,2,2,99,3,4,1,4
10df5c02-6651-4786-953c-99b5911f8892,561843311,1,12-Oct-2023 11:45,12-Oct-2023 11:56,627,end,complete,P5_3#1#value|P5_1#1#value|P5_5#1#value|P5_4#1#value|P5_2#1#value,6ccf02b12d216a6c,3,1,25,3,7,5,49,5,98,4,5,4,Fábricas,Potencia mundial,Tecnología y kpop,Torre Eiffel y elegancia,Cultura japonesa,1,1,1,1,1,3,3,3,1,5,3,2,2,2,1,Mall chinos,2,2,1,3,2,1,3,3,3,3,3,4
95560178-a246-42ee-a2a4-c84e90502a86,561843415,1,12-Oct-2023 11:47,12-Oct-2023 12:11,1441,end,complete,P5_4#1#value|P5_5#1#value|P5_1#1#value|P5_2#1#value,3405f7afb13c9ffc,1,1,40,4,7,5,41,6,98,2,5,1,Multitud,Oportunista,Estructura,Elegancia,Disciplina,1,1,999,1,1,2,3,3,1,1,5,1,2,2,2,"Usualmente cuando voy a Mall Chino, aunque eso ha disminuido pues ahora contratan Venezolanos o Colombianos para atender. En algunos casos solo permanecen en las cajas.",2,2,1,4,1,1,3,99,4,3,2,3
ad711960-65f6-4fca-9e69-791fa5e64c20,561843951,1,12-Oct-2023 11:52,12-Oct-2023 11:57,288,end,complete,P5_4#1#value|P5_5#1#value|P5_3#1#value|P5_1#1#value|P5_2#1#value,dbfc6218ac388ad2,1,1,38,4,5,11,266,5,98,3,5,1,karate,diversiòn,anime,uh lala,anime,1,1,1,1,1,1,3,3,1,3,3,2,2,2,2,bajo  ningùn contacto,3,2,1,4,3,4,2,1,2,2,2,3
3e7be13b-f659-495a-9a03-546715cac074,561848349,1,12-Oct-2023 12:35,12-Oct-2023 12:47,702,end,complete,P5_1#1#value|P5_2#1#value|P5_4#1#value|P5_5#1#value|P5_3#1#value,1f4f1bfc69c111c5,3,1,54,5,6,5,41,5,9,3,5,4,Economia,Conflicto,Nada,Caro,Alta tecnologia,1,1,1,1,1,1,2,4,1,2,2,2,2,2,2,Ningún contacto,2,2,1,4,2,2,2,3,4,4,3,5
e2ae849d-f32f-40fa-b40c-cb48b2f74624,561850932,1,12-Oct-2023 13:02,12-Oct-2023 13:11,571,end,complete,P5_5#1#value|P5_2#1#value|P5_3#1#value|P5_1#1#value|P5_4#1#value,56c37b6584b08d3a,3,2,23,2,6,10,228,6,2,3,5,2,Trabajo,Autos,Doramas,Elegancia,Animé,1,1,1,1,1,3,2,3,2,1,5,2,2,1,3,Si conozco,2,2,1,5,2,3,1,2,3,3,3,5
8ef9a119-5477-4a9a-84bc-659e61a32b06,561851404,1,12-Oct-2023 13:06,12-Oct-2023 13:15,492,end,complete,P5_5#1#value|P5_3#1#value|P5_4#1#value|P5_1#1#value|P5_2#1#value,2179f8c45117d0a0,3,1,35,4,4,13,279,6,3,1,5,3,Un país desarrollado,Una potencia,País desarrollado,Un país desarrollado,País muy desarrollado,1,1,1,1,1,1,3,1,1,3,2,2,1,2,3,No tengo contacto,3,2,1,2,1,3,2,2,3,3,2,3
a9d6bbf3-683d-430f-972c-68473369b07f,561851418,1,12-Oct-2023 13:06,12-Oct-2023 13:15,543,end,complete,P5_2#1#value|P5_3#1#value|P5_4#1#value|P5_5#1#value|P5_1#1#value,328a8dcf7a699f8f,3,2,28,3,6,13,282,6,98,3,10,2,Desarrollo,Desarrollo país de las oportunidades,Bueno,País del desarrollo,Bien,1,1,1,1,1,1,2,1,1,5,3,1,1,2,4,Ninguna,3,1,1,4,1,5,2,2,2,5,3,5
f8fe6a31-a634-4fad-923a-45abc319a72f,561851428,1,12-Oct-2023 13:07,12-Oct-2023 13:17,611,end,complete,P5_2#1#value|P5_4#1#value,27fa952b483c3b83,3,2,18,2,3,13,304,7,4,3,1,4,Chinos,Gringos,Bailes,Amor,Peleas,999,1,999,1,999,3,3,3,1,3,3,2,2,2,2,No tengo,2,2,1,5,3,4,3,3,2,5,1,3
b34e2899-d6a4-4ad9-b386-fd9d14d059cb,561851429,1,12-Oct-2023 13:07,12-Oct-2023 13:20,816,end,complete,P5_4#1#value|P5_5#1#value|P5_3#1#value|P5_1#1#value|P5_2#1#value,7040952828299c96,3,2,50,5,5,13,308,6,98,3,5,1,Comercio,Turismo,Disputas peleas,Turismo,Comercio,1,1,1,1,1,2,3,3,2,4,3,1,1,2,3,Compras mall chino ... Casinos,2,1,1,2,1,1,3,3,3,3,2,2
7fadca95-a27e-4efb-9a90-872ae6b5cec9,561851442,1,12-Oct-2023 13:07,12-Oct-2023 13:28,1310,end,complete,P5_2#1#value|P5_1#1#value|P5_4#1#value|P5_3#1#value|P5_5#1#value,c7a4fc18bc49475f,3,2,43,4,6,13,280,6,98,2,6,1,Potencia,Economía mundial,Qin jon un,Macron,Nada,1,1,1,1,1,2,3,3,2,4,2,2,1,2,3,Cuando compro en un comercio,2,2,1,4,3,3,3,3,4,3,1,2
fa3d8e29-5748-442a-bb95-a859c8d93053,561851463,1,12-Oct-2023 13:07,12-Oct-2023 13:17,608,end,complete,P5_3#1#value|P5_4#1#value|P5_2#1#value|P5_5#1#value|P5_1#1#value,0a08817fbdf060f7,3,2,28,3,3,6,79,7,3,3,10,2,Chinos,Nueva York,Su arquitectura,Paris,Comida,1,1,1,1,1,1,4,2,1,4,1,1,2,2,2,No no tengo ningun contactos porque no conozco a nadie de china.,3,2,1,5,3,4,2,1,4,3,1,2
28b3edf1-d87d-4745-9563-b46187f5540d,561851467,1,12-Oct-2023 13:07,12-Oct-2023 13:12,335,end,complete,P5_1#1#value|P5_5#1#value|P5_4#1#value|P5_2#1#value|P5_3#1#value,0985649d7f6a6cd1,3,2,19,2,5,16,182,7,9,4,4,1,Régimen,Poder,Régimen,Revolución,Tecnología,1,1,1,1,1,1,2,2,3,,,2,2,1,4,Universidad,3,1,1,4,2,2,2,3,4,3,1,2
5c4573b4-9871-4d39-b9e0-3495f90ef8cd,561851497,2,12-Oct-2023 13:07,12-Oct-2023 13:18,462,end,complete,P5_2#1#value|P5_5#1#value|P5_4#1#value|P5_3#1#value|P5_1#1#value,26f8d33b285cf894,3,1,35,4,8,10,228,6,5,2,3,1,Fabrican todo,Guerra,Neo liberal,Paris,Anime,1,1,1,1,1,1,2,1,2,3,2,1,2,2,3,Cuando compro en el mall chino,3,2,1,4,2,2,2,3,4,4,2,3
eaa6a121-f60b-486c-a193-6b1a83b6f4c9,561851500,1,12-Oct-2023 13:07,12-Oct-2023 13:21,846,end,complete,P5_4#1#value|P5_2#1#value,0736c2cff4588183,3,2,46,5,3,10,232,7,98,2,3,2,Un chino,Un gran imperio,Nada,Torre Eiffel,Un japonés,999,1,999,1,999,3,3,4,1,5,1,1,1,2,2,Algún vendedor de Moll chino,2,2,2,3,1,4,2,2,3,5,1,2
561d3308-69f8-4f1d-a2b3-1e97b2e41030,561851557,1,12-Oct-2023 13:07,12-Oct-2023 13:25,1078,end,complete,P5_2#1#value,47a8f9d7c672d8d5,3,2,45,5,5,13,297,7,3,1,1,2,Cultura,Trabajo,Horrible,Perfumes,Comida,999,1,999,999,999,1,4,3,1,4,4,1,1,2,3,Ningún contacto,2,2,2,4,3,3,3,1,2,2,2,2
df41d78f-b1d4-428a-aaad-f373bdb757fa,561851596,1,12-Oct-2023 13:08,12-Oct-2023 13:21,790,end,complete,P5_1#1#value|P5_3#1#value|P5_5#1#value,aa3a2340378b2fd2,3,2,41,4,5,13,294,6,98,2,6,1,Guerra,Torres gemelas,Guerra,Torre,Covid,1,999,1,999,1,1,3,3,1,4,2,1,1,2,1,Compras en mall,2,2,2,4,1,5,2,2,4,4,1,4
4dd6c141-cbf8-490b-bb81-ed7ae9cdacf6,561851662,1,12-Oct-2023 13:08,12-Oct-2023 13:23,872,end,complete,P5_1#1#value|P5_3#1#value|P5_5#1#value|P5_2#1#value,42734f996599377f,3,2,49,5,7,6,104,7,98,4,5,3,Comercio,Hamburguesa,Autos,Perfume,Cultura,1,1,1,999,1,3,3,4,1,4,2,2,2,1,2,"Local comercial, dónde suelo comprar",2,2,1,3,2,3,2,2,4,4,2,2
b265b17d-2394-416c-8661-a76a95601638,561851670,1,12-Oct-2023 13:09,12-Oct-2023 13:26,1040,end,complete,P5_3#1#value|P5_1#1#value|P5_2#1#value|P5_5#1#value|P5_4#1#value,1afda800c017297a,3,1,41,4,8,6,102,6,98,3,5,3,Mano de obra barata,Capitalismo,Lujo,Democracia,Tecnología,1,1,1,1,1,3,3,3,1,5,3,1,1,2,2,Restaurantes,2,2,1,4,3,4,99,99,4,3,3,5
1b03a057-bb79-421d-8585-c95c58f51e9b,561851678,1,12-Oct-2023 13:09,12-Oct-2023 13:17,498,end,complete,P5_5#1#value|P5_4#1#value|P5_3#1#value|P5_2#1#value|P5_1#1#value,624397a35dcbc886,3,2,38,4,7,13,325,6,98,3,5,2,Potencia mundial,Poder,Guerra,Perfumes,Mercado,1,1,1,1,1,1,5,3,1,4,2,2,2,2,4,En los mall chinos,2,1,1,4,3,4,2,2,3,4,2,3
c210c5ad-01ef-445b-a15a-183775836137,561851776,1,12-Oct-2023 13:10,12-Oct-2023 13:37,1669,end,complete,P5_5#1#value|P5_2#1#value|P5_3#1#value|P5_1#1#value|P5_4#1#value,3802728f8af689f6,3,2,23,2,7,13,300,6,98,3,5,2,Proveedor,New york,nose,lindo,Duda,1,1,1,1,1,1,2,3,1,2,2,2,2,2,3,Solo cuando voy a comprar,2,2,1,4,2,2,2,2,4,3,3,4
aa754342-3137-4b33-930a-9540544dea58,561851940,1,12-Oct-2023 13:11,12-Oct-2023 14:44,5552,end,complete,P5_5#1#value|P5_2#1#value|P5_3#1#value|P5_1#1#value|P5_4#1#value,5ca193b00f1aba78,3,1,47,5,7,13,305,6,98,1,4,1,Economía fuerte,Opresión y Populismo,Tecnología,Ratas,Respeto y tecnología,1,1,1,1,1,1,3,1,1,3,3,2,2,2,3,Restaurantes,3,1,1,2,3,3,2,99,4,4,1,2
b8d0ac7c-40e3-4341-83db-c2264e90369f,561851984,1,12-Oct-2023 13:11,12-Oct-2023 13:23,673,end,complete,P5_5#1#value|P5_4#1#value|P5_1#1#value|P5_2#1#value|P5_3#1#value,65aafcfc03c6a218,3,1,31,3,5,10,228,7,7,3,7,4,Industria,Economía,Guerra,Turismo,Tecnología avanzada,1,1,1,1,1,1,4,3,3,,,1,1,2,3,Ninguna,2,2,1,5,2,3,1,2,2,2,3,4
a08357ba-f2ac-4da9-aa01-8d0ed37c5cb6,561852007,1,12-Oct-2023 13:12,12-Oct-2023 13:19,436,end,complete,P5_1#1#value|P5_3#1#value|P5_5#1#value|P5_4#1#value|P5_2#1#value,bf64d7c58d53581c,3,1,30,3,7,7,112,6,98,1,8,1,potencia,comprador,tecnología,orden político,avance,1,1,1,1,1,1,2,3,1,3,2,1,1,2,2,al  comprar en mall chinos,2,2,1,5,2,2,3,3,1,5,3,4
13547a6a-2466-4184-a090-39ada7a42552,561852014,1,12-Oct-2023 13:12,12-Oct-2023 13:15,203,end,complete,P5_1#1#value|P5_4#1#value|P5_2#1#value|P5_5#1#value,463d954df8dcf5b3,3,1,27,3,4,7,131,7,1,3,6,3,Covid-19,Marvel,Comida,Torre iffel,Hiroshima,1,1,999,1,1,2,3,3,3,,,2,1,2,3,Juegos jugables,3,2,1,2,3,2,3,3,3,3,3,3
1e682607-3a4f-41e1-9269-06a7d146fc7c,561852159,1,12-Oct-2023 13:13,12-Oct-2023 13:21,485,end,complete,P5_1#1#value|P5_4#1#value|P5_2#1#value|P5_5#1#value|P5_3#1#value,1816f1c951cf928c,3,1,42,4,5,13,306,6,3,2,5,1,exportación,decadencia,comunismo,vino,salmon,1,1,1,1,1,1,2,1,1,5,2,1,1,2,2,compras,2,2,2,4,1,1,2,3,3,4,1,3
71a28e03-3dcd-423e-bf17-aaa8a55dac3a,561852184,1,12-Oct-2023 13:13,12-Oct-2023 13:19,343,end,complete,P5_2#1#value|P16,7bf1781fc18aac98,3,2,41,4,7,6,79,6,5,3,6,3,Arroz,Torres gemelas,Nada,Torre Eiffel,Comida,999,1,999,999,999,3,3,3,1,3,3,1,2,2,3,Nooooooooo,3,2,2,3,1,3,3,3,3,3,3,3
5c93b8f4-a328-44fd-864b-e8e2b5f786c7,561852188,1,12-Oct-2023 13:13,12-Oct-2023 13:26,755,end,complete,P5_4#1#value|P5_1#1#value|P5_5#1#value|P5_2#1#value|P5_3#1#value,2daf7f4df29081d3,3,1,48,5,3,2,8,6,98,3,5,3,Comunista,Desastre económico,Dictadura,Torre ifel,Potencia electrónica,1,1,1,1,1,1,5,1,1,5,1,1,1,2,4,No tengo opinión ninguna ya que desconozco la relación con ciudadanos chinos,3,1,2,5,3,5,3,3,2,5,2,3
dc31b467-d02e-4bb7-8c78-8f4b814ce825,561852224,1,12-Oct-2023 13:14,12-Oct-2023 13:27,790,end,complete,P5_3#1#value|P5_1#1#value|P5_2#1#value|P5_5#1#value|P5_4#1#value,b19f9b0549f4b691,3,2,37,4,5,13,289,6,98,3,6,2,Comercio,Miami,Comida,Torre Ifetel,Seguridad,1,1,1,1,1,1,1,3,2,1,4,2,1,1,3,En compras,2,1,2,5,3,4,2,2,4,4,1,2
21bdc21f-d7a7-4601-a91c-164ffd8d645d,561852236,1,12-Oct-2023 13:14,12-Oct-2023 13:22,506,end,complete,P5_2#1#value,67fa9f8529625b5a,3,2,51,5,5,13,297,7,98,4,5,4,Electrónica,Inglés,Futuristas,Vinos,Industria automotriz,999,1,999,999,999,1,3,4,3,,,1,1,2,2,No tengo,2,2,2,4,2,4,2,1,4,5,3,4
20ddca71-37a3-4817-b21f-1815e2cff11c,561852358,1,12-Oct-2023 13:15,12-Oct-2023 13:23,464,end,complete,P5_5#1#value,8c65086aafb6d3dc,3,2,39,4,5,7,112,7,1,1,6,1,Proveedores,Manipulación,Defensa,Turismo,Inversiones,999,999,999,999,1,1,4,2,1,3,2,1,1,1,2,Compradora,2,2,1,4,2,2,2,3,4,4,2,2
c224e50d-2fbf-4a14-b834-262af97e6197,561852479,1,12-Oct-2023 13:16,12-Oct-2023 13:41,1501,end,complete,P5_4#1#value|P5_3#1#value|P5_5#1#value|P5_2#1#value|P5_1#1#value,078164c489a027d9,3,2,22,2,6,6,79,6,98,4,4,1,Gran exportador.,Estupidez,Calidad de vida cuestionable,Desagradables,Tecnologia,1,1,1,1,1,1,3,3,3,,,2,1,2,2,Solo cuando voy a algún mall Chino,3,2,1,3,2,1,3,99,3,3,3,4
42b63343-2eb9-47d6-ac60-6bac7974df98,561852593,1,12-Oct-2023 13:17,12-Oct-2023 13:36,1128,end,complete,P5_1#1#value|P5_4#1#value|P5_5#1#value|P5_3#1#value|P5_2#1#value,c2fd7ff7d54a2863,3,2,46,5,5,13,300,6,3,3,6,1,Cosad,Nada,Miedo,Viaje,Nada,1,1,1,1,1,1,2,3,3,,,2,1,2,3,"Cuando compro, en los reastoranes o negocios, no tengo vecinos o amigos, pero no tendría problemas si tuviese vecinos o apoderados en el colegio",2,2,1,3,2,3,2,3,3,4,1,4
57cd759b-0c92-4185-bafa-e865801042c7,561852623,3,12-Oct-2023 13:17,12-Oct-2023 14:09,3106,end,complete,P5_3#1#value|P5_2#1#value|P5_4#1#value|P5_5#1#value,5073753752b760cd,1,2,41,4,7,11,258,6,98,3,6,2,productos,vacaciones,quiero conocer,vacaciones,autos,999,1,1,1,1,1,4,4,1,5,3,2,2,2,2,Solo cuando voy alguna de sus tiendas,3,2,1,3,2,1,99,2,4,3,2,1
94f166a6-1388-4cbe-bcca-9e9610b1a21f,561852764,2,12-Oct-2023 13:18,12-Oct-2023 14:25,743,end,complete,P5_1#1#value|P5_4#1#value|P5_2#1#value,38360dc2c3f36fd3,3,2,36,4,5,16,187,6,3,1,9,2,Paisajes,Atentados,Rostro,Mundial,Comida,1,1,999,1,999,1,2,1,1,4,5,1,2,2,4,Solo cuando ingreso a algún local chino,2,2,2,4,1,4,2,2,3,4,2,3
733bca38-0618-4e0d-96c4-0817c1fa144c,561852865,1,12-Oct-2023 13:19,12-Oct-2023 13:28,526,end,complete,P5_2#1#value|P5_3#1#value|P5_1#1#value|P5_4#1#value|P5_5#1#value,1b04dfb1205b3630,3,1,39,4,6,6,86,6,1,4,1,1,Comunista,Libertad,Guierra,Moda,Juegos,1,1,1,1,1,1,4,4,3,,,1,1,2,1,Solamente en restaurante,2,2,1,4,1,4,2,1,2,4,3,4
c0400dbc-52e7-4e82-8e60-5e0b87ef61c3,561852926,1,12-Oct-2023 13:20,12-Oct-2023 13:30,618,end,complete,P5_5#1#value,5fa4bfad2d99707d,3,2,52,5,3,6,104,6,5,3,10,2,Comunista,No me gusta,Nada,No,País de los sueños,999,999,999,999,1,1,5,2,1,5,4,1,1,2,3,Solo cuando compro en su negocio,3,2,2,3,2,2,3,1,4,2,3,4
5e735ed7-19a2-4d9f-98d1-623a548997f9,561853034,1,12-Oct-2023 13:21,12-Oct-2023 13:37,991,end,complete,P5_2#1#value|P5_5#1#value|P5_1#1#value|P5_3#1#value|P5_4#1#value,d2afa777c1185531,3,2,38,4,4,13,297,6,3,1,3,1,Gran potencia mundial y su mayor parte de producción,Una potencia mundia y gran desarrollo económico,Por su tecnología y su gran cultura,Un país  muy turístico,Mucha tecnología en el mundo y grande potencia de desarrollo,1,1,1,1,1,1,2,3,1,5,2,1,1,2,4,Cuando voy al moño Chino a comprar o a un restaurante a comer siempre se ven las personas chinas con cara de amargados,2,1,1,4,2,5,1,1,2,5,3,5
3528998c-b9d1-41de-be0f-f6184f6207f1,561853153,1,12-Oct-2023 13:22,12-Oct-2023 13:35,803,end,complete,P5_2#1#value|P5_4#1#value|P5_1#1#value|P5_3#1#value|P5_5#1#value,3678bada957b5482,3,2,46,5,4,7,122,6,3,2,6,2,Trabajo,Torres,Contaminación,Turismo,Trabajo,1,1,1,1,1,3,3,3,1,1,5,1,1,1,3,Realizó compras en sus tiendas,1,2,1,4,2,2,3,3,4,2,2,2
c90054d3-6ef2-4003-b75f-e76117691ce9,561853263,1,12-Oct-2023 13:23,12-Oct-2023 13:37,861,end,complete,P5_4#1#value|P5_1#1#value|P5_5#1#value|P5_2#1#value,d4d296968b9bdad8,3,2,36,4,7,10,247,6,98,3,7,2,Comercio,Trump,Chinos,Macron,Nada,1,1,999,1,1,1,3,3,1,3,3,2,2,2,4,Cuando voy a comprar,2,2,1,3,3,4,3,3,4,3,3,4
7a3201d5-5cad-4500-98c9-218eedba3acc,561853283,1,12-Oct-2023 13:23,12-Oct-2023 13:28,332,end,complete,P5_5#1#value|P5_4#1#value|P5_1#1#value|P5_3#1#value|P5_2#1#value,d3fdd9ff8774050d,3,2,31,3,5,13,317,7,98,1,5,3,Mueralla,New york,Kim,Torre,Anime,1,1,1,1,1,3,3,2,1,3,3,2,2,2,2,Nada no,3,2,1,3,1,3,99,99,4,3,1,3
6a93a164-02de-4fd6-840c-a0fc6b7933a3,561853523,1,12-Oct-2023 13:25,12-Oct-2023 13:34,554,end,complete,P5_2#1#value|P5_4#1#value|P5_1#1#value|P5_3#1#value|P5_5#1#value,fbbadb595cbbfbf9,3,2,37,4,3,13,288,7,4,1,6,1,Plata,Poder,Poder,Paisajes,Productos,1,1,1,1,1,1,2,1,1,5,2,1,1,1,2,Amigos cercanos,1,2,2,5,2,2,2,2,1,5,2,2
dafb50ae-dfa3-4f0c-811b-89024fea3a04,561853649,1,12-Oct-2023 13:26,12-Oct-2023 13:44,1098,end,complete,P5_1#1#value|P5_5#1#value|P5_4#1#value|P5_2#1#value|P5_3#1#value,491046d5bc47bcc7,3,1,50,5,6,13,317,6,98,1,7,2,"Potencia, gran aliado comercial, potencia mundial",Aliado comercial y estratégico. Potencia mundial,Bélicos y dictadura,Cultura e industria,"Tradición, antigüedad, aliado estrategico",1,1,1,1,1,1,1,1,1,5,2,1,1,1,1,Cuando visiro mallas y restaurant,2,2,1,4,1,3,1,1,4,5,2,2
371ce093-4a04-466f-86ae-087f186855f2,561854195,1,12-Oct-2023 13:30,12-Oct-2023 13:38,479,end,complete,P5_5#1#value|P5_2#1#value|P5_4#1#value|P5_1#1#value|P5_3#1#value,5442886154ff9093,3,1,18,2,7,2,8,6,3,1,9,2,Comunismo,Oportunista,Tecnología,Hipocresía,Miseria,1,1,1,1,1,1,1,1,3,,,1,2,2,1,Cuando visitó sus locales comerciales,2,1,2,5,3,5,1,2,1,5,1,1
8c35b623-6007-4a03-8043-9d4dbc9b3b1f,561854270,1,12-Oct-2023 13:31,12-Oct-2023 13:40,549,end,complete,P5_5#1#value|P5_3#1#value|P5_2#1#value|P5_4#1#value|P5_1#1#value,a68fd27fa83a7958,3,2,48,5,5,6,79,6,9,3,1,1,Tecnologia,El peor pais,Modernidad,Soberano,Modernidad,1,1,1,1,1,1,4,3,1,3,5,1,1,2,2,Ni tengo interaccion,3,2,1,5,1,3,2,99,1,5,2,4
8ea22cba-bb04-4c6a-a1b5-9baf73be9daa,561854512,1,12-Oct-2023 13:33,12-Oct-2023 13:42,556,end,complete,P5_3#1#value|P5_1#1#value|P5_2#1#value|P5_5#1#value|P5_4#1#value,6a2bb51240daa17c,3,2,18,2,4,13,297,6,8,3,3,1,Chinos,New york,Bomba,Torre ifel,Anime,1,1,1,1,1,2,2,3,3,,,1,1,2,3,"En nada, no conozco",2,1,1,3,3,4,2,2,2,3,1,4
826260e8-829d-454c-b164-0fbe210942e2,561854597,1,12-Oct-2023 13:34,12-Oct-2023 13:46,708,end,complete,P5_2#1#value|P5_5#1#value|P5_1#1#value,43f52dfa77c4104a,3,2,22,2,6,7,132,7,98,1,5,1,Tecnología,Armas,Paisajes,Paisajes,Anime,1,1,999,999,1,3,4,1,1,3,3,1,2,2,2,"En nada, por qué no se hablar como ellos",2,1,1,3,1,1,3,3,4,3,1,3
9fd23902-cb7b-4550-9586-c27c31ef92e3,561854635,1,12-Oct-2023 13:34,12-Oct-2023 13:41,413,end,complete,P4_3|P4_1|P5_3#1#value|P5_5#1#value|P16,1d0a41aba3c43f14,3,2,26,3,6,10,247,6,3,1,6,2,Ndjfhfi,Jeuejrrj,Jxkdnd,Jdyfuke,Mi dkdkeb,999,999,1,999,1,1,3,3,1,3,1,2,2,1,3,Si sjdkfnf. Fjkfkd,2,2,2,4,1,3,3,2,2,4,2,3
2c6311ac-65da-40fb-b265-5cc683a0be3e,561855193,1,12-Oct-2023 13:39,12-Oct-2023 13:59,1226,end,complete,P5_2#1#value|P5_4#1#value,b29accdafa87b1a7,3,2,53,5,5,7,139,6,3,3,5,3,Cultura,Pasantia,Conociendo,Viaje,Cultura,999,1,999,1,999,1,4,3,1,4,2,1,2,2,3,No tengo contacto. Solo en compras,2,2,1,4,1,1,99,1,3,4,1,2
c0bd9367-5780-4344-af77-081e79f7a034,561856033,1,12-Oct-2023 13:45,12-Oct-2023 13:54,537,end,complete,P5_2#1#value|P5_5#1#value|P5_1#1#value,d9d6f4b62394611f,3,1,40,4,2,6,83,6,98,3,5,4,Proveedor,Cabrones,Dictador,Nada,Tecnología,1,1,999,999,1,3,2,3,3,,,1,2,2,3,Solo compras,2,2,2,5,3,2,2,3,3,3,3,4
5672df6d-e1d7-41e2-89a1-e2b82c6e07a4,561856284,1,12-Oct-2023 13:47,12-Oct-2023 14:01,840,end,complete,P5_1#1#value|P5_2#1#value|P5_3#1#value|P5_5#1#value|P5_4#1#value,420bfcb235a2761c,3,2,28,3,7,13,308,6,98,3,5,1,Automoviles,Petroleo,Belleza,Vacunas,Autos,1,1,1,1,1,1,3,3,1,2,1,1,1,2,3,"Restaurante chino, mall chino",2,1,1,4,3,5,2,2,3,3,3,5
7d656053-119a-41b4-aa7f-4d55762ff02d,561856325,1,12-Oct-2023 13:47,12-Oct-2023 13:59,716,end,complete,P5_5#1#value,8426584d6c152a84,3,2,33,3,7,7,139,7,98,3,5,4,Muy poblado,America,Seollal,Turismo,Animé,999,999,999,999,1,1,3,3,2,3,3,1,2,1,1,Locales comerciales y restaurantes,1,2,2,3,1,1,3,3,4,3,2,3
33fc2bf9-4022-4d5c-beb3-b9011cacba39,561856556,1,12-Oct-2023 13:49,12-Oct-2023 14:00,677,end,complete,P5_4#1#value|P5_1#1#value,43d79b3c8cf75695,3,2,32,3,8,7,136,6,98,3,5,3,Avances,Futuro,Dictadura,Perfume,Tecnologia,1,999,999,1,999,1,2,3,1,3,2,2,2,1,2,Mall y comida,1,2,2,4,1,3,3,2,3,3,1,3
c2781d09-529a-4cda-9d0a-f1b4ae129eea,561856828,1,12-Oct-2023 13:51,12-Oct-2023 13:59,481,end,complete,P5_5#1#value|P5_4#1#value|P5_3#1#value|P5_2#1#value|P5_1#1#value,d5fdf4935db60bbb,1,1,30,3,7,13,283,6,3,3,8,2,dictadura,democracia,democracia,democracia,democracia,1,1,1,1,1,1,4,3,3,,,1,1,1,3,compañeros de universidad,2,2,1,4,1,2,3,2,4,2,1,5
f52e2be0-f321-4112-9830-80278d65cd42,561858146,1,12-Oct-2023 14:00,12-Oct-2023 14:16,926,end,complete,P5_1#1#value|P5_2#1#value|P5_3#1#value,d28d477c436929b4,1,2,19,2,5,13,288,6,7,3,5,1,AVANZADA TECNOLOGIA,LOS SUEÑOS SE COMPLEN,GUERRA,HERMOSO,UN PASO MAS ADELANTE QUE TODO EL MUNDO,1,1,1,999,999,3,1,3,1,1,3,1,1,1,3,TENGO UNA COMPAÑERA QUE ASCENDENTE CHINA,2,2,1,4,3,3,99,2,2,4,3,4
d44f4962-3ea0-4c06-a529-c9928d9362d7,561858355,1,12-Oct-2023 14:02,12-Oct-2023 14:20,1055,end,complete,P5_5#1#value|P5_3#1#value|P5_4#1#value|P5_2#1#value|P5_1#1#value,bf5f935c7cca21fc,3,2,43,4,5,13,303,7,98,3,5,2,Potencia,Oportunidad laboral,Comunismo,Vacaciones,Potencia mundial,1,1,1,1,1,1,2,3,1,3,2,1,1,2,3,No tengo,3,2,1,4,3,3,2,2,3,3,2,4
9da1f512-6f6d-4a9f-9e84-5b128ec6ca8a,561859540,1,12-Oct-2023 14:12,12-Oct-2023 14:24,744,end,complete,P5_5#1#value|P5_2#1#value|P5_1#1#value|P22#98#value,2adc897c144ab3f1,3,2,48,5,2,13,279,6,98,4,10,4,Nada,Nada,Nada,Nada,Nada,1,999,999,999,1,3,3,4,3,,,2,2,2,1,Ninguna,3,2,2,3,2,1,99,99,4,3,1,2
ae6ade06-2d71-4883-b54f-4927a10e84d9,561860652,1,12-Oct-2023 14:21,12-Oct-2023 14:29,478,end,complete,P5_4#1#value|P5_2#1#value|P5_3#1#value|P5_1#1#value|P5_5#1#value,0c76317114371469,3,2,25,3,5,7,126,6,3,2,1,1,Amontonados,Libertad,Chinos,Buena vida,Tranquilidad,1,1,1,1,1,1,3,3,3,,,1,2,2,4,Cuando voy a comprar al mall chino,2,2,1,4,3,4,3,99,4,4,3,5
468f7e2d-d159-4de7-99db-6c56b6cfd16b,561860690,1,12-Oct-2023 14:21,12-Oct-2023 14:29,506,end,complete,P5_2#1#value|P5_4#1#value|P5_3#1#value|P5_5#1#value|P5_1#1#value,0104824b3a66210b,3,2,24,2,6,6,79,6,98,3,5,2,Comen insectos,Presidente biden,Conflictos,Torre ifel,Rutinas,1,1,1,1,1,1,4,4,3,,,2,2,1,1,En el área Laboral,2,2,1,2,3,2,3,2,3,4,3,3
b25d123e-a0e1-42cf-b560-0378b502ddee,561860987,1,12-Oct-2023 14:23,12-Oct-2023 14:32,534,end,complete,P5_5#1#value|P5_4#1#value|P5_1#1#value|P5_3#1#value|P5_2#1#value,6f5092650fc24c21,3,2,70,7,7,10,236,6,98,3,10,2,Comunismo,Izquierdismo,Industrialización,Macron,Isla,1,1,1,1,1,1,5,4,1,1,5,1,2,2,4,Ninguna nada nada,3,2,1,2,2,1,99,99,3,1,1,1
727dfac1-9750-4e9c-b299-2094a68dd621,561860997,1,12-Oct-2023 14:23,12-Oct-2023 14:39,965,end,complete,P5_5#1#value|P5_4#1#value|P5_3#1#value|P5_2#1#value,3f03c411c4119c3b,3,2,66,7,6,13,330,6,98,3,4,3,Manufactura,Gran pais,Mucha gente,Interracial,Mucha construcción moderna,999,1,1,1,1,2,5,4,1,1,1,2,2,2,2,Bajo ningún contexto,3,2,1,2,1,2,99,3,3,2,3,3
b2d9aab8-e746-4517-a96a-435904710710,561861058,1,12-Oct-2023 14:24,12-Oct-2023 14:35,685,end,complete,P5_3#1#value|P5_5#1#value|P5_4#1#value|P5_1#1#value|P5_2#1#value,f7653f984b543336,3,1,28,3,5,13,320,6,2,2,5,1,Potencia,Una gran nacion,Tecnologia,Aromas,Perferccion,1,1,1,1,1,3,4,1,2,4,1,1,2,2,4,Cuando voy a comprar a mall o tiendas chinas,2,1,2,4,2,2,2,1,3,5,2,2
c47ef42f-32fc-4c4a-8587-a5184c057285,561861738,1,12-Oct-2023 14:29,12-Oct-2023 14:35,395,end,complete,P5_3#1#value|P5_5#1#value|P5_4#1#value|P5_1#1#value|P5_2#1#value,b8506338a8896ba0,3,2,19,2,5,6,79,6,98,3,5,1,Población,Dinero,Cultura,Comida,Cultura,1,1,1,1,1,3,3,3,1,3,3,1,1,2,3,"En restaurantes de comids china, mall chino y a veces en la calle",3,2,1,3,2,2,3,3,3,3,2,2
d8f4572f-4c8f-4842-8981-fd31a4500d1a,561862188,2,12-Oct-2023 14:32,12-Oct-2023 14:48,960,end,complete,P5_4#1#value,4a42786869640856,1,2,44,4,5,16,175,6,98,1,5,2,sobrepoblación,oportunidades,culto al físico,belleza,tecnología,999,999,999,1,999,1,4,3,3,,,1,1,2,1,en las tiendas,3,2,1,2,2,2,3,3,3,2,3,3
aa1554eb-afa5-42a2-8125-baa2d636bcc8,561862312,1,12-Oct-2023 14:33,12-Oct-2023 14:42,506,end,complete,P5_2#1#value,a4183394a1012405,3,2,37,4,5,13,311,7,98,3,5,4,Proveedores,Mayor capitalista,Nada,Nada,Inversiones,999,1,999,999,999,1,3,3,1,3,2,1,2,2,2,No tengo,3,2,1,4,3,4,99,3,4,3,1,3
df93881a-0c4b-4446-9805-f3521636e086,561862408,1,12-Oct-2023 14:34,12-Oct-2023 14:42,484,end,complete,P5_3#1#value|P5_5#1#value|P5_2#1#value|P5_1#1#value|P5_4#1#value,a458995f78d1b334,3,1,38,4,5,2,8,7,1,1,5,1,Artificio,Biden,Kim Yong Un,Torre Eiffel,Animé,1,1,1,1,1,3,5,2,2,5,5,2,2,2,3,Ninguna,3,2,1,3,3,5,1,2,3,3,1,1
37d0e0af-6a69-4ea7-aed3-ff4973c4a5b3,561862546,1,12-Oct-2023 14:35,12-Oct-2023 14:44,567,end,complete,P5_5#1#value|P5_3#1#value|P5_4#1#value|P5_2#1#value|P5_1#1#value,d32a1db9b4965d91,3,1,34,3,6,13,311,6,98,2,5,2,Comida china,El mejor país del mundo,Su bandera,Vino,Sushi,1,1,1,1,1,1,2,3,3,,,1,1,1,2,Solo cuando compro comida china en algún restaurante,2,2,2,5,3,5,1,1,4,4,2,2
cf7d43a0-dca5-4337-a5cf-86da2fd50209,561863592,1,12-Oct-2023 14:41,12-Oct-2023 14:48,421,end,complete,P5_5#1#value|P5_4#1#value|P5_1#1#value|P5_2#1#value|P5_3#1#value,485bd51136cfbc17,3,2,34,3,5,13,309,6,98,3,5,2,Malos,Poder,Innovador,Linda,Interesante,1,1,1,1,1,3,3,3,1,1,5,1,1,2,2,No conozco,5,2,2,3,2,3,2,2,3,3,3,3
4b8cda78-6915-40e5-858e-7a548e9068f4,561863637,1,12-Oct-2023 14:41,12-Oct-2023 14:54,768,end,complete,P5_5#1#value|P5_3#1#value|P5_4#1#value|P5_2#1#value|P5_1#1#value,5f29063958a3523c,3,2,50,5,5,16,175,6,98,1,5,1,Comprador,Trump,Vanguardia,Nada,Comprador,1,1,1,1,1,1,3,2,1,4,2,1,2,2,4,En el mall chino o en restorant chino,2,2,1,4,1,3,3,3,4,3,2,2
dee4e1f1-51a8-4cbe-8824-84e29b820dee,561864100,1,12-Oct-2023 14:44,12-Oct-2023 15:01,971,end,complete,P5_2#1#value|P5_5#1#value|P5_4#1#value|P5_1#1#value|P5_3#1#value,3ab7d8fbf9ca95c6,3,2,48,5,6,2,8,6,98,2,9,2,Dictadura,Trump,Dictadura,Torre eifel,Tokio,1,1,1,1,1,1,5,2,3,,,2,1,1,4,Cómo cliente solamente,4,2,1,2,1,2,99,3,3,2,3,3
16c009b8-f918-4329-b82d-73ce6ee00d98,561864165,1,12-Oct-2023 14:45,12-Oct-2023 14:58,763,end,complete,P5_5#1#value|P5_2#1#value|P5_4#1#value|P5_1#1#value|P5_3#1#value,f7fd5f35b5d89105,3,2,33,3,6,13,286,6,98,3,8,3,Buena importación,Vivir,Turismo,Viaje,Nada,1,1,1,1,1,2,5,1,2,5,2,1,1,1,2,Solo comercial donde compro,3,2,2,5,1,1,3,2,4,3,2,3
1a36ed29-8e72-418c-9137-4cc747bcaa59,561865977,1,12-Oct-2023 14:57,12-Oct-2023 15:03,332,end,complete,P5_5#1#value|P5_3#1#value|P5_4#1#value|P5_2#1#value|P5_1#1#value,0d8345b6221193c7,3,1,51,5,5,13,330,6,98,3,9,2,Juguetes,Dolar,Armas nucleares,Torre Eiffel,Turismo,1,1,1,1,1,1,3,3,1,3,1,1,2,1,3,Conocidos,2,2,2,4,2,2,3,2,2,2,1,4
895056b4-f6c1-4aa0-9b01-ff32cbc8dafd,561866212,1,12-Oct-2023 14:59,12-Oct-2023 15:22,1411,end,complete,P5_1#1#value,13453bfbc10f2953,3,1,71,7,4,13,306,6,98,4,5,1,Gran promovedor del mundo e industrializado,País proedor y garantía mundial,Comunismo país,País europeo ideologías,Ideologías y desarrollo industrial,1,999,999,999,999,1,3,3,1,1,4,2,2,2,2,Ninguna y no es mi interés en ello,3,2,1,2,3,3,3,3,3,3,3,3
203608ad-015c-4eb8-8abf-1bc8c42331fc,561866374,1,12-Oct-2023 15:00,12-Oct-2023 15:06,362,end,complete,P5_1#1#value|P5_3#1#value|P5_5#1#value|P5_4#1#value|P5_2#1#value,727561ad3d100578,3,1,38,4,5,13,297,6,98,4,5,1,Conichigua,Gringo,Corega,Le papu le Mato le fifi,Señor Miyazaki,1,1,1,1,1,1,5,1,1,3,2,1,1,1,4,Solo para comprar en sus locales,2,2,2,5,3,5,2,2,4,5,2,1
38b312da-d358-47ab-9b96-6c539ce8afbc,561867354,1,12-Oct-2023 15:08,12-Oct-2023 15:13,343,end,complete,P5_5#1#value|P5_3#1#value|P5_1#1#value|P5_2#1#value|P5_4#1#value,06448db23465fac4,3,1,51,5,4,13,295,6,3,1,6,3,Bonitas,Guerra,Odiosos,Perfume,Vietnam,1,1,1,1,1,1,2,1,1,5,3,1,1,2,3,Nada solo compro cosas chinas,3,2,2,5,2,4,1,1,2,5,3,4
9576f969-60a5-49d9-a3b7-fac440f455ca,561867402,1,12-Oct-2023 15:08,12-Oct-2023 15:17,537,end,complete,P5_5#1#value|P5_1#1#value|P5_2#1#value|P5_3#1#value|P5_4#1#value,b6c8bc578dd966ff,3,2,25,3,8,6,103,5,3,3,5,2,Comercio,Dolar,Anime,Paris,Comida,1,1,1,1,1,1,2,3,1,3,2,1,1,2,2,Al comprar en mall chino,2,2,1,4,1,2,3,3,3,3,1,3
704ce389-c261-40bd-b16e-1bfe57c4a292,561868003,1,12-Oct-2023 15:12,12-Oct-2023 15:19,456,end,complete,P5_3#1#value|P5_4#1#value|P5_1#1#value|P5_2#1#value|P5_5#1#value,03a6a5f47b657df1,3,2,19,2,5,7,140,6,98,3,5,3,Fideos Instantáneos,Sueño Americano,Kpop,Torre Eiffel,Arquitectura Antigua,1,1,1,1,1,1,2,1,3,,,1,2,1,2,Cuando voy a comprar a Mall Chinos,2,1,1,4,1,2,2,3,4,4,2,2
113a1aff-8af0-47ad-b3d7-51f6887183b3,561868017,1,12-Oct-2023 15:12,12-Oct-2023 15:21,548,end,complete,P5_2#1#value,25ff177d45f32b67,1,1,22,2,7,13,279,6,98,3,5,3,Potencia mundial,No sé,LoL,Baguette,Anime,999,1,999,999,999,2,3,3,1,3,3,2,2,1,2,Actualmente nunca,3,2,1,3,2,2,3,3,4,3,3,4
d30323ed-15ee-4929-811a-fb187436b236,561868180,1,12-Oct-2023 15:13,12-Oct-2023 15:20,437,end,complete,P5_4#1#value|P5_5#1#value|P5_2#1#value|P5_1#1#value|P5_3#1#value,a36d5a94048358da,3,2,28,3,8,2,8,7,98,3,8,2,Dictadura,Oportunidades,Progreso,Oportunidades,Disciplina,1,1,1,1,1,1,4,2,3,,,2,2,1,2,Dueña del restaurante cerca de mi casa,2,2,1,4,2,2,2,2,4,2,1,2
9382bb9e-2d1e-475d-a990-3c13abb08ca2,561869554,1,12-Oct-2023 15:22,12-Oct-2023 16:09,2808,end,complete,P5_2#1#value|P5_4#1#value|P5_1#1#value|P5_5#1#value|P5_3#1#value,628d4ab541cb1108,3,2,19,2,1,6,79,6,3,3,4,1,Comercio,Competencia,Kpop,Turismo,Turismo y cultura,1,1,1,1,1,1,3,4,1,5,3,2,2,2,4,Comprando por aliexpress,3,1,1,4,2,4,99,99,4,3,1,3
2ae54043-5bb8-4ce1-ac0b-ad5f81a2b4fa,561869951,1,12-Oct-2023 15:25,12-Oct-2023 15:36,663,end,complete,P5_3#1#value|P5_4#1#value|P5_2#1#value|P5_5#1#value|P5_1#1#value,6c07523c3a73c481,3,2,38,4,6,13,287,6,98,3,5,1,Comercio,Ropa americana,Key pop,Croissant,Geishas,1,1,1,1,1,1,4,3,1,3,2,1,1,2,4,"Cuando compro el mall chinos, cuando voy a patronato o el barrio meigs. Cuando voy a restorantes de chinos",2,2,1,4,3,5,1,3,4,5,1,4
a3cb4abd-3c4f-41a7-993e-7da6f338785f,561870067,1,12-Oct-2023 15:26,12-Oct-2023 15:35,526,end,complete,P5_3#1#value|P5_4#1#value|P5_1#1#value|P5_5#1#value|P5_2#1#value,8b6cc21f08bc2d9a,3,2,24,2,6,2,8,6,98,1,5,3,Restriccion,Racismo,Sin libertad,País del amor,Animes,1,1,1,1,1,2,2,3,1,3,2,1,1,2,1,"En algún mall o tiendas de conveniencia chinas eh tenido alguna interacción, del mismo modo en restaurantes asiáticos",2,1,1,5,3,4,2,2,4,4,2,3
8e278a6c-04b3-40de-af74-236938a59483,561872062,1,12-Oct-2023 15:41,12-Oct-2023 15:53,705,end,complete,P5_2#1#value|P5_1#1#value|P5_4#1#value|P5_5#1#value|P5_3#1#value,2dd69b9663616da1,3,2,24,2,8,6,94,6,3,1,5,2,Crecimiento,Actualizados,No se,desarrollados,Innovación,1,1,1,1,1,1,2,3,1,5,2,2,2,1,2,Cuando voy a un mall chino,2,2,1,4,1,3,2,2,2,4,3,4
7c544ded-0273-4b0e-a0fb-f0ae70001290,561873677,1,12-Oct-2023 15:53,12-Oct-2023 16:23,1779,end,complete,P5_1#1#value,8cc28ac435ab76a3,3,2,36,4,4,2,8,6,98,3,6,1,Tecnología,Hollywood,Idioma,Paris,Idioma,1,999,999,999,999,1,2,3,1,2,2,1,1,2,1,Cuando voy a mall chinos,2,2,1,4,1,2,2,3,3,4,3,3
9eae4956-dfd6-458d-85fb-f383d93a85a5,561875995,1,12-Oct-2023 16:10,12-Oct-2023 16:17,412,end,complete,P5_2#1#value,f2d0d548bc1a36af,3,2,43,4,8,7,117,6,98,3,5,4,Anime,Mucho gente,Oprecion,Olor,Chico,999,1,999,999,999,3,3,4,2,2,2,1,2,2,2,Mool chino,2,2,1,3,1,1,99,99,4,3,2,3
fc82317e-a0b1-4567-986b-87b8513ec54b,561877088,3,12-Oct-2023 16:17,13-Oct-2023 01:06,498,end,complete,P5_2#1#value,6ad85a9b3031b452,3,2,30,3,7,13,288,6,98,3,5,2,Economia,Economia,Economia,Amor,Comida,999,1,999,999,999,1,3,3,2,3,4,1,1,2,3,En mall al comprar o en restaurante,2,2,1,4,1,1,2,3,3,3,3,4
fa38ef3a-f29b-424e-b9a7-d92460156f73,561878279,1,12-Oct-2023 16:24,12-Oct-2023 16:39,872,end,complete,P5_1#1#value,5f2bf3f7603996ff,3,1,41,4,5,13,296,6,4,3,4,2,Exportaciones,Liderazgo,Exportaciones,País con alta economía,Exportaciones,1,999,999,999,999,3,3,3,2,4,2,2,1,2,2,Cuando compro artículos chinos que son baratos,2,2,2,5,2,1,3,3,1,4,1,4
f8e9736a-4303-40c0-a3a0-2f3fb21a4f83,561879123,1,12-Oct-2023 16:30,12-Oct-2023 16:45,906,end,complete,P5_1#1#value,ad040295092df32f,1,1,35,4,5,13,290,6,98,3,6,1,industria,dinero,buenas series,no se,buena musica,1,999,999,999,999,3,3,3,2,3,3,1,1,1,2,amigos de amigos,2,2,1,4,3,2,3,3,4,3,2,3
448da230-4525-4fab-b3cb-28b385be8f51,561881869,1,12-Oct-2023 16:46,12-Oct-2023 16:52,323,end,complete,P5_5#1#value|P5_3#1#value|P5_1#1#value|P5_4#1#value|P5_2#1#value,30237149372438df,3,1,30,3,7,2,12,6,98,4,3,1,Aliexpress,Baiden,Chinguamiga,Baguette,Anime pokemom,1,1,1,1,1,1,1,3,3,,,1,1,1,4,Amiga cercana,2,2,1,3,2,5,3,99,4,3,3,4
43546a5d-79b5-4723-ac04-98ee67ba9ae4,561882141,1,12-Oct-2023 17:05,12-Oct-2023 17:18,762,end,complete,P5_1#1#value|P5_5#1#value|P5_4#1#value|P5_2#1#value,6dc274fba655fd11,3,2,37,4,8,6,98,6,98,3,7,3,Capitalismo,Desarrollo,Socialismo,Oportunidad,Comida,1,1,999,1,1,1,4,3,1,5,1,1,2,2,2,Ninguna,2,2,2,4,1,2,3,2,3,4,1,2
76a0aa39-9a85-497f-9a4f-d49961f7e6d2,561882339,1,12-Oct-2023 16:50,12-Oct-2023 16:57,437,end,complete,P5_3#1#value|P5_5#1#value|P5_1#1#value|P5_2#1#value|P5_4#1#value,caca19f43a2cac93,3,2,31,3,3,13,287,7,3,4,7,2,Orden,Gran potencia,Orden,Turismo,Gran potencia,1,1,1,1,1,2,3,4,3,,,1,1,1,4,Restaurante amigos de familia,2,2,1,4,3,3,2,2,2,4,2,3
065c1612-2ac7-4164-96f9-81e5b72d2847,561890808,1,12-Oct-2023 17:42,12-Oct-2023 17:53,711,end,complete,P5_5#1#value|P5_1#1#value|P5_2#1#value|P5_4#1#value|P5_3#1#value,6ff04a03cba8d078,3,2,72,7,5,11,258,5,3,3,5,3,potencia productiva,potencia  sin respeto,Tecnologia,para estudiar,excy tecnología,1,1,1,1,1,1,2,3,2,1,2,2,2,2,3,Solo comprar,2,2,1,2,3,3,3,3,3,4,3,3
c611585c-217b-4346-9ddf-f031afafb167,561890888,3,12-Oct-2023 17:42,12-Oct-2023 22:09,893,end,complete,P5_4#1#value|P5_1#1#value|P5_5#1#value|P5_3#1#value|P5_2#1#value,59a4c626463ab336,3,2,31,3,6,16,190,6,98,3,5,2,Tecnología,Dinero,Pelea,Amor,Sushi,1,1,1,1,1,1,2,1,1,5,3,1,2,2,4,Moll chinos y restaurantes chinos,3,2,2,4,1,3,99,3,3,4,2,2
a707e036-4ae2-411a-8dec-9dcfda6575bf,561890979,1,12-Oct-2023 17:42,12-Oct-2023 17:51,538,end,complete,P5_1#1#value|P5_2#1#value|P5_5#1#value|P5_4#1#value,9aa254748b03a119,3,2,22,2,7,16,195,7,98,3,5,1,Mall,Simson,Bandera,Paris,Animes,1,1,999,1,1,1,2,3,2,5,1,1,2,2,2,Cuando voy a comprar a los mall chino,2,2,1,4,3,5,2,2,4,4,1,4
0024459c-1be4-41f6-bcd9-2fe44a0efa25,561891460,3,12-Oct-2023 17:46,12-Oct-2023 17:55,594,end,complete,P5_4#1#value|P5_3#1#value|P5_1#1#value|P5_2#1#value|P5_5#1#value,6399027fa9b1d28a,3,2,33,3,7,6,79,6,98,3,5,3,Extremistas,Aprovechador,Locos,Elegancia,Disciplina,1,1,1,1,1,2,3,3,3,,,1,1,2,4,Cuando compro comida china,3,2,1,2,2,1,3,99,3,3,2,3
17ca60ea-db1e-4622-8b5a-b65102da15cb,561893262,1,12-Oct-2023 17:57,12-Oct-2023 18:08,601,end,complete,P5_4#1#value|P5_3#1#value|P5_2#1#value|P5_5#1#value|P5_1#1#value,3fa59c7f50db1435,1,2,39,4,6,16,180,5,9,3,5,3,Potencia mundial economica,libertad,karaoke,Torre Eiffel,sushi,1,1,1,1,1,1,2,3,1,3,2,1,1,1,3,Por trabajo,2,2,1,4,1,3,2,2,4,3,3,4
17e8b404-e56a-4792-b094-af8695d034dd,561893888,1,12-Oct-2023 18:02,12-Oct-2023 18:13,619,end,complete,P5_4#1#value|P5_2#1#value,3fbb1652fb28c6f9,1,2,44,4,7,11,258,5,98,4,5,1,misiles,precio del dolar,sobrepoblacion,Jardin de Flores,autos,999,1,999,1,999,1,2,4,1,5,2,2,2,2,1,comercio,3,2,1,2,2,1,99,99,3,2,2,1
cbdc27b4-16df-434a-8ded-0fa4c03efa9d,561895978,1,12-Oct-2023 18:16,12-Oct-2023 18:22,373,end,complete,P5_5#1#value,c7736b90c3c5184c,3,2,18,2,8,16,180,5,98,1,6,2,Inversionista,Proveedor,Kpop,Inversionista,Proveedor,999,999,999,999,1,1,3,1,1,2,1,2,2,1,3,Por tas de estudios,1,2,1,4,1,1,2,1,2,4,1,1
9ba13521-67a7-4a15-bce6-e165b7d24cfe,561897874,1,12-Oct-2023 18:27,12-Oct-2023 18:35,483,end,complete,P5_1#1#value|P5_5#1#value|P5_2#1#value|P5_4#1#value|P5_3#1#value,c712743d1d2cbabf,1,1,31,3,7,16,187,4,98,1,7,2,mano de obra barata,capitalismo,progreso,turismo,cultura,1,1,1,1,1,1,2,4,2,3,3,1,2,2,3,solo cundo voy a comprar al mall chino,3,2,1,4,1,2,99,99,3,4,3,2
99c756ce-cbd0-4dc3-ba43-f67a0552510d,561898942,1,12-Oct-2023 18:34,12-Oct-2023 18:43,521,end,complete,P5_4#1#value|P5_1#1#value|P5_5#1#value|P5_2#1#value|P5_3#1#value,3229d209766f61d4,3,1,73,7,7,16,175,4,98,2,3,1,Potencia mundial,Imperialismo,Automoviles,Turismo,Tecnologia,1,1,1,1,1,1,2,2,1,1,2,1,2,2,2,Al comprar,3,2,2,4,3,4,2,2,4,4,1,4
05499366-7671-4817-8d67-0179dd4bdf28,561901978,1,12-Oct-2023 18:54,12-Oct-2023 19:01,452,end,complete,P5_1#1#value|P5_3#1#value|P5_5#1#value|P5_4#1#value|P5_2#1#value,66268fd9987675f2,3,2,27,3,7,16,195,5,98,3,5,4,Comida,Trabajo,Kdramas,Paris,Anime,1,1,1,1,1,1,3,3,1,3,1,1,2,2,1,Al comprar,3,2,1,3,2,1,99,99,4,4,2,3
0c96e751-0805-45d6-a6bc-c3fbf5fa6d8d,561907905,1,12-Oct-2023 19:39,12-Oct-2023 19:50,638,end,complete,P5_4#1#value,83caf6672fa660c6,3,2,43,4,8,11,263,3,98,3,2,1,Comercio,Sueño,Guerra,Educacion,Comercio,999,999,999,1,999,1,2,3,2,3,3,2,2,2,4,En ninguno,3,2,1,1,1,1,3,99,4,5,1,3
30c35d27-c460-4c8f-94a9-20d1c9613261,561911647,1,12-Oct-2023 20:06,12-Oct-2023 20:12,353,end,complete,P5_5#1#value|P5_2#1#value|P5_4#1#value|P5_3#1#value|P5_1#1#value,7f88171d221cb27c,1,1,30,3,8,6,79,3,98,3,3,1,comunista,imperialismo,samsung,comida,edad,1,1,1,1,1,3,2,3,2,4,4,1,1,2,2,cuando voy a una tienda de mall chino. también en el colegio tuve un compañero de ascendencia china.,2,2,1,3,2,2,99,99,4,4,3,2
a212eb35-f818-4527-8fd4-47af17ab1e93,561911700,1,12-Oct-2023 20:06,12-Oct-2023 20:13,434,end,complete,P5_1#1#value|P5_3#1#value|P5_4#1#value|P5_2#1#value|P5_5#1#value,fb00c31cd5bbd127,3,2,33,3,8,6,111,3,98,3,7,2,Tecnologia,Potencia,Series,Amor,Sushi,1,1,1,1,1,3,3,3,3,,,1,1,2,2,Mall chino,3,2,1,3,3,4,2,2,3,3,2,2
cc41ee24-75d1-4093-8efd-14944ba406fd,561911872,1,12-Oct-2023 20:07,12-Oct-2023 20:44,2224,end,complete,P5_1#1#value|P5_2#1#value|P5_5#1#value|P5_4#1#value|P5_3#1#value,411b9484828bb99c,3,2,25,3,7,6,79,5,5,2,4,1,comida,New york,su bandera,Europa,sushi,1,1,1,1,1,3,2,3,1,3,2,2,2,1,4,Restaurante de Comida china,2,2,2,4,1,2,3,2,2,3,3,4
ed00b8fa-3485-4728-a5e4-fce9d6881b83,561911885,1,12-Oct-2023 20:07,12-Oct-2023 20:39,1911,end,complete,P5_2#1#value|P5_1#1#value|P5_3#1#value|P5_5#1#value|P5_4#1#value,0af6593924b0160a,3,2,34,3,7,6,83,5,3,3,7,2,Exportación,Capitalismo,Restricción,Elegancia,Oportunidad,1,1,1,1,1,1,2,3,1,3,2,1,1,2,3,Al exportar por plataformas chinas y al comprar en mall chino,1,2,2,5,3,5,2,3,4,4,3,5
ea72e66d-e7a5-495b-92e4-b5844eb0ec7d,561911995,1,12-Oct-2023 20:08,12-Oct-2023 20:18,629,end,complete,P5_2#1#value,b0277ff559f3f6d8,3,2,21,2,5,6,93,5,98,4,5,4,Comercio,Hollywood,K pop,Sofisticado,Anime,999,1,999,999,999,3,3,1,2,2,5,1,1,1,2,Cuando camino por la calle o voy a un mall chino,2,2,1,4,3,4,1,1,3,4,3,5
d03a7d94-a1c8-46a9-a404-da7744d37adb,561912140,2,12-Oct-2023 20:09,12-Oct-2023 20:20,706,end,complete,P5_2#1#value,abcf08221b21865d,3,2,34,3,8,6,86,2,98,3,4,4,Productos de mala calidad,Violencia,Arquitectura,Restoran,Excelente tecnología,999,1,999,999,999,1,2,3,3,,,2,2,2,4,Solo en comercio o restoranes,3,2,1,3,2,2,3,3,4,3,2,2
090fda54-3473-447f-a5d2-c7f669b97a8c,561912493,1,12-Oct-2023 20:12,12-Oct-2023 20:20,515,end,complete,P5_5#1#value|P5_2#1#value|P5_1#1#value|P5_3#1#value,553f443b3a3972c9,3,1,71,7,7,6,79,3,98,1,6,1,Capitales,Caos,Progreso,Democracia,Progreso,1,1,1,999,1,3,2,2,1,1,2,1,1,2,2,Por mall,3,2,1,4,1,4,2,99,3,4,2,4
2ea430b4-5f7f-486f-9f20-7ed49f8c517e,561912581,1,12-Oct-2023 20:12,12-Oct-2023 20:24,693,end,complete,P5_4#1#value|P5_2#1#value|P5_5#1#value|P5_1#1#value,9f045fa0a626ad60,1,1,72,7,7,6,79,5,98,1,2,1,Dictará las normas del mundo,Turbiedad,Polvorín de guerra,Tradición y cultura,"Inteligencia, trabajo y tecnología",1,1,999,1,1,1,2,2,1,3,2,1,2,2,3,Sólo cuando he ido a comer a un restaurante chino,3,2,1,5,1,1,2,99,4,4,1,4
e703b675-eb5a-452c-ac73-611009867a11,561912845,1,12-Oct-2023 20:14,12-Oct-2023 20:22,428,end,complete,P5_5#1#value|P5_4#1#value|P5_3#1#value|P5_1#1#value|P5_2#1#value,b68fb9dc56b85b71,3,1,34,3,8,6,79,3,9,1,4,1,Comercio,Guerra,Tecnología,Turismo,Inteligencia,1,1,1,1,1,1,2,1,1,4,3,1,1,2,2,Tiendas y restaurantes,3,2,1,5,2,2,2,3,4,4,1,3
5fd9bc02-7295-4ed9-87be-6235115709db,561913385,2,12-Oct-2023 20:19,13-Oct-2023 02:08,1391,end,complete,P5_5#1#value|P5_2#1#value|P5_4#1#value|P5_3#1#value|P5_1#1#value,b146cbdd67f0f947,3,2,19,2,5,6,90,5,1,3,7,2,Sobrepoblación,Las Vegas,Arquitectura,Torre Eiffel,Anime,1,1,1,1,1,1,3,3,1,2,3,1,2,2,3,"En juegos online, en tiendas de mall chinos o de comida china",2,2,1,3,2,1,3,2,3,4,1,1
38aa44c4-d3a9-4b87-ad95-44434b0e1fdc,561916323,1,12-Oct-2023 20:42,12-Oct-2023 21:02,1203,end,complete,P5_3#1#value|P5_4#1#value|P5_5#1#value|P5_2#1#value|P5_1#1#value,8f52c6177208cf0b,3,2,66,7,5,6,111,5,98,4,7,2,Represión,Libertad,Independencia,Turismo,Futurista,1,1,1,1,1,1,5,1,1,3,2,1,2,1,2,En los Moll,2,2,1,2,3,2,3,2,4,4,1,2
b0f6327a-0ce5-44c2-bb3b-e090b10e07b6,561916858,1,12-Oct-2023 20:46,12-Oct-2023 21:01,873,end,complete,P5_1#1#value|P5_2#1#value|P5_4#1#value|P5_5#1#value,23021290b8152736,3,2,65,7,5,6,79,5,98,3,8,2,Comercio,Gente,Nose,Perfumes,Tecnologia,1,1,999,1,1,1,1,3,2,5,1,2,1,1,4,Compro en un restaurante chino,2,2,2,5,3,5,1,2,4,3,2,5
a7bf20eb-f093-48dc-a570-ee6afaf4dc6b,561917080,2,12-Oct-2023 20:48,12-Oct-2023 20:59,652,end,complete,P4_3|P5_4#1#value|P5_3#1#value|P5_5#1#value|P5_1#1#value|P5_2#1#value,c81620bcb59f6500,3,1,18,2,5,6,79,5,2,1,5,4,Comida,Armas,Bts,Torre,Orden,1,1,1,1,1,3,3,1,3,,,2,2,2,2,"Mall chino, restaurantes",2,2,2,3,2,3,99,99,4,3,1,3
398bdacb-ffd7-46d5-8992-b7ce000eb80d,561921350,1,12-Oct-2023 21:22,12-Oct-2023 21:31,584,end,complete,P5_3#1#value|P5_1#1#value|P5_5#1#value|P5_4#1#value|P5_2#1#value,b3ad6d8c224f6663,3,2,34,3,7,6,107,5,98,2,5,1,Mano factura barata,Vestuario,Tecnología,Queso,Dulces,1,1,1,1,1,2,3,2,1,3,2,2,2,1,3,Universidad,1,2,1,5,1,3,3,99,3,3,2,3
7b42ce3e-0c50-4d9a-8899-8f49d70cf9b5,561921580,2,12-Oct-2023 21:23,12-Oct-2023 22:29,2005,end,complete,P5_1#1#value,6cb29737b9f68413,3,1,73,7,8,6,102,5,9,1,4,1,Intercambio tecnológico y comercio,Comercio e intercambio científico,Comercio e intercambio cultural,"Turismo,comercio intercambio industrial e industrial","Intercambio científico, comercial y cultural",1,999,999,999,999,1,1,2,1,3,4,2,2,2,4,No tengo comunicacion,2,2,1,4,2,5,1,99,4,5,3,5
abe1da03-9dca-481c-81ac-31b81c753574,561921919,1,12-Oct-2023 21:26,12-Oct-2023 21:38,727,end,complete,P4_3|P5_4#1#value|P5_3#1#value|P5_2#1#value|P5_1#1#value|P5_5#1#value,13b29d7d77d171fa,3,2,66,7,5,6,79,5,98,2,5,1,Gran potencia,Perdiendo poder,Aliados de eeuu,Abolieron la realeza,Neutral,1,1,1,1,1,2,3,3,3,,,2,1,1,3,Comercial,2,1,1,4,2,2,3,99,1,4,3,4
8754141b-6ab3-418e-81d2-d559bb79e44b,561923461,1,12-Oct-2023 21:39,12-Oct-2023 21:52,795,end,complete,P5_5#1#value|P5_3#1#value|P5_1#1#value|P5_2#1#value|P5_4#1#value,02a54a64ff16269b,3,2,80,7,4,6,105,5,6,4,6,3,Mucha gente,Su presidente,Guerrau,Su idioma,Su idioma,1,1,1,1,1,1,3,3,2,4,3,2,2,2,2,No tengo interaccion,4,2,1,4,3,4,2,1,2,3,1,3
33e17fd7-4e3c-4bb5-ade2-9a6baaf850b1,561924466,2,12-Oct-2023 21:50,13-Oct-2023 13:15,1538,end,complete,P5_2#1#value|P5_1#1#value|P5_4#1#value|P5_5#1#value|P5_3#1#value,6fd543ac63b726cc,3,2,66,7,5,6,79,5,98,3,5,2,Electrónica,Dinero,Peligro,Viejo continente,Me gusta,1,1,1,1,1,1,2,2,2,3,2,1,1,1,2,Son vecinos,1,2,1,5,1,3,2,99,4,5,2,5
3fe7bce2-17c0-4a05-b068-68d22beb39c8,561926285,1,12-Oct-2023 22:07,12-Oct-2023 22:26,1130,end,complete,P5_4#1#value|P5_1#1#value|P5_2#1#value|P5_3#1#value|P5_5#1#value,dd778a18324096cb,3,1,19,2,5,6,88,5,98,1,5,3,Poderío económico,Super potencia militar,País próspero,soberbia,Milagro se levantó a pesar al resultado de la WW2,1,1,1,1,1,1,4,3,3,,,2,2,2,1,Cuando voy al mall chino u restaurant,2,2,1,2,2,2,2,3,3,5,3,5
a7fbf471-74a9-4fce-8c99-1e418db0a873,561932556,1,12-Oct-2023 23:09,12-Oct-2023 23:18,586,end,complete,P5_5#1#value,418cb96a9b5fcd52,3,2,33,3,6,6,102,5,3,3,1,1,Rollitos primavera,McDonald's,K pop,Arco del triunfo,Sushi,999,999,999,999,1,1,3,3,1,5,2,1,1,2,1,No conozco a nadie con esas características,3,2,2,3,1,1,99,99,3,1,2,1
8345df3f-842c-4c63-a3d9-ae4a7aaede40,561935426,1,12-Oct-2023 23:38,13-Oct-2023 00:09,1844,end,complete,P5_5#1#value|P5_2#1#value|P5_3#1#value,4042ff01806931f2,3,2,32,3,5,6,79,5,3,1,5,1,Covid,Guerra,Covid,Spaguetti,Amor,999,1,1,999,1,3,3,1,3,,,2,1,2,4,Cuando me dirijo a algún lugar de venta de artículos chinos importados,4,2,1,2,3,2,99,3,3,2,1,3
85e09fd8-3e16-4437-9139-7ce02ab41dd9,561939030,1,13-Oct-2023 00:27,13-Oct-2023 00:34,436,end,complete,P5_5#1#value|P5_1#1#value|P5_2#1#value|P5_4#1#value|P5_3#1#value,771fa471617fd977,1,2,20,2,7,6,79,5,98,3,4,1,dragòn,mcdonald,kpop,torre eifel,sushi,1,1,1,1,1,1,3,1,2,3,2,1,2,1,2,en la universidad,2,1,2,4,3,5,2,3,3,4,2,2
bb245c4e-a2dd-424d-bbbd-d528b2cdee1e,561946021,1,13-Oct-2023 02:17,13-Oct-2023 02:27,604,end,complete,P5_3#1#value,480b3bbf98053a03,3,2,28,3,7,6,102,5,98,3,5,4, productos,Estatua de la libertad,Doramas,Torre Eiffel,Anime,999,999,1,999,999,3,3,3,3,,,2,2,2,2,En locales de comida o venta de productos,2,2,1,3,2,1,99,99,3,3,1,2
9bbf6ccf-b2fb-4133-93bd-477339eba535,561948196,1,13-Oct-2023 02:45,13-Oct-2023 03:02,1011,end,complete,P5_3#1#value|P5_2#1#value|P5_4#1#value,090b682cc4953dd5,3,2,34,3,5,16,175,5,3,3,3,1,Una dictadura,Un país metiche y dominante,País de izquierda,Un país de derecha,Un país con gran cultura y respeto,999,1,1,1,999,1,2,3,1,3,2,2,2,2,2,"Muy poca, mall chino, comida china.",2,2,1,4,3,4,2,99,4,4,2,2
b61bedae-e201-42ab-81d0-17eabd3e94cd,561996108,1,13-Oct-2023 12:38,13-Oct-2023 12:50,717,end,complete,P5_2#1#value|P5_5#1#value|P5_3#1#value|P5_4#1#value,1a57c023d0c3c765,3,2,21,2,4,13,279,5,98,3,1,1,MiHoyo Genshin Impact,Mac Donald's,K-pop(?,Bandera francesa(?,Hatsune Miku,999,1,1,1,1,3,4,3,1,3,3,1,2,2,2,En los restaurantes de comida China y en los mall chinos que son las baratas las cosas,3,2,1,2,2,2,3,3,4,4,1,4
932a1f68-1e36-40b9-a344-ae316bc6ff3a,561996268,1,13-Oct-2023 12:40,13-Oct-2023 12:46,409,end,complete,P4_3|P5_4#1#value|P5_5#1#value|P5_1#1#value|P5_3#1#value|P5_2#1#value,dc9b7074754b2d89,3,1,19,2,5,13,300,5,3,3,5,2,Proveedor barato,Actores,Bts,Torre iffel,Camionetas,1,1,1,1,1,1,2,3,3,,,1,1,2,2,En malls chinos,2,1,2,5,1,3,3,2,1,4,3,5
cb5303bf-7541-4795-b5a0-994a93e081ae,561996376,1,13-Oct-2023 12:40,13-Oct-2023 12:47,402,end,complete,P5_5#1#value|P5_1#1#value|P5_2#1#value|P5_3#1#value,d3dbf7c7fd528da7,3,2,18,2,5,13,298,5,6,2,3,1,Asia,Gringos,K pop,Torre Eiffel,Anime,1,1,1,999,1,1,3,2,1,3,1,1,1,1,1,Cuando voy de compras a algún local chino,1,2,2,4,1,3,2,3,4,4,2,3
3f7ccb49-c10f-47c4-9ade-85eb93506fd7,561996409,1,13-Oct-2023 12:41,13-Oct-2023 12:55,876,end,complete,P5_3#1#value|P5_5#1#value|P5_1#1#value|P5_4#1#value|P5_2#1#value,7c1a68a8420a5c37,3,2,19,2,5,13,289,5,98,4,5,1,gastronomia,estatua de la libertad,rio han,torre eiffel,la leyenda de la tierra del sol naciente,1,1,1,1,1,1,4,3,1,5,2,1,1,2,2,En la compra de productos.,3,1,2,3,3,4,2,3,4,4,3,4
aa32057b-9509-4368-8869-95b9f3cf206a,561996965,1,13-Oct-2023 12:45,13-Oct-2023 13:17,1928,end,complete,P5_5#1#value|P5_1#1#value|P5_4#1#value|P5_2#1#value|P5_3#1#value,9cc1897521009a53,3,1,18,2,4,13,306,5,98,3,5,3,Karate ki,Bad Boys,Heung min son,Ratatui,Subaru,1,1,1,1,1,3,3,3,3,,,1,1,2,3,Ninguna interacción,3,2,1,4,1,1,3,3,2,4,2,4
7347dabc-eabd-43eb-bc98-f8f307b5bc01,561999532,1,13-Oct-2023 13:00,13-Oct-2023 13:09,556,end,complete,P5_1#1#value|P5_2#1#value|P5_3#1#value|P5_5#1#value|P5_4#1#value,90d0b12fc7dbf40b,3,1,18,2,5,13,297,5,98,2,7,1,Sobrepoblación,Gente obesa,Gente explotada como influencers,A las pizzas,"Comida, videojuegos",1,1,1,1,1,1,4,2,1,3,2,1,1,2,3,"Mall chinos, restaurantes",3,1,1,3,3,3,3,2,2,3,1,2
6463882d-784f-4685-8054-c9ba50202b11,561999872,1,13-Oct-2023 13:02,13-Oct-2023 13:10,526,end,complete,P5_4#1#value|P5_5#1#value|P5_3#1#value|P5_2#1#value|P5_1#1#value,63cb0cd4bdd3f3d6,3,1,22,2,7,13,302,5,98,3,6,1,Pandas,Comida rápida,Dramas coreanos,Revolución,Mangas,1,1,1,1,1,1,3,3,1,5,3,1,1,2,3,Comprando en alguna tienda o restaurante,4,2,1,3,2,2,3,99,3,4,3,5
