key,numericalid,accesscount,starttime,endtime,duration,status,type,codpanelista,badwordsvariables,device,sexo,edad,ppi_tp,edadr,educacion,region,comuna,nse,p1,p2,p3,p4,p4_1,p4_2,p4_3,p4_4,p4_5,p5_1,p5_11value,p5_2,p5_21value,p5_3,p5_31value,p5_4,p5_41value,p5_5,p5_51value,p6,p6a1,p6a2,p6a3,p6a4,p6a2value,p6a3value,p6a4value,p7,p8,p9,p10,p11,p12,p13,p14,p15,p16,p17,p18a1,p18a2,p18a3,p18a4,p18,rotacion_1,p19,p201,p202,p203,p204,p205,p206,p207,p2098,p2098value,rotacion_2,p21,p221,p222,p223,p224,p225,p226,p227,p228,p2298,p2298value,p24,p25,p26,p27
b4872ad2-f4ca-4d87-b749-92718943bb18,624967635,1,11/10/2024 20:18,11/10/2024 20:26,510,end,complete,006d245622d50b8f,P5_4#1#value|P5_3#1#value|P5_1#1#value|P5_2#1#value|P5_5#1#value,3,2,47,co_0,5,6,5,41,6,98,3,2,2,Cultura,Libertinaje,Autoritario,Paisaje,Guerra,1,50,1,20,1,1,1,59,1,50,2,1,0,0,0,,,,2,3,2,5,3,1,2,1,4,Proveedores,Buenas y distantes,1,0,0,0,2,3,1,1,1,1,0,0,0,0,0,,2,4,0,0,0,0,0,1,0,1,0,,99,99,4,5
e0bd0342-ea94-4a07-b81a-cededd6640df,625123333,1,13/10/2024 4:57,13/10/2024 5:06,538,end,complete,009aa529630d789c,P5_4#1#value,3,1,27,co_0,3,3,7,112,6,98,1,6,3,Comida,Dolares,Chinos,Amor,Comida,999,,999,,999,,1,50,999,,1,1,0,0,0,,,,1,1,1,3,3,1,1,1,1,De trato solamente,Buena,1,1,0,0,2,3,2,,,,,,,,,,3,5,0,0,0,0,0,0,1,1,0,,1,99,1,5
a2b3e3d3-702c-4b90-9334-2e9c529806a5,625046939,1,12/10/2024 11:16,12/10/2024 11:32,998,end,complete,00fc17fa31d1c306,P5_4#1#value|P5_5#1#value|P5_2#1#value|P5_1#1#value|P5_3#1#value|P6A#3#value,3,2,62,co_0,6,7,2,12,6,98,3,2,1,Industria,Discriminación,Represión,Mercado,Tecnología,1,30,1,20,1,10,1,30,1,30,1,0,1,1,1,Changan,Mg,Lining,4,3,2,1,4,1,1,2,1,Comercial,Comercial,1,1,0,0,2,4,1,1,1,1,1,1,0,1,0,,1,2,0,0,1,0,1,0,0,0,0,,99,99,3,2
85c54b18-bc76-4ac8-a4eb-f1b2a76cfccb,625540566,1,15/10/2024 18:22,15/10/2024 18:31,547,end,complete,01bd97b99c5d846b,P5_3#1#value|P5_2#1#value|P5_4#1#value|P5_5#1#value|P5_1#1#value,3,1,55,co_0,6,7,16,176,5,98,3,10,2,Comercio,Economia,Conflicto,Diversidad,Cultura,1,80,1,90,1,40,1,90,1,90,1,1,0,0,0,,,,2,3,3,,2,1,2,1,3,En el comercio establecido,Buena,1,0,0,0,2,4,1,0,0,1,0,0,0,1,0,,2,5,0,0,0,1,0,0,0,0,0,,2,1,2,2
40a96a8b-f059-4b95-bc4a-2b76bc49d8ba,625214481,1,14/10/2024 4:40,14/10/2024 4:51,614,end,complete,029d00212402181b,P5_2#1#value|P5_3#1#value|P5_1#1#value|P5_5#1#value|P5_4#1#value,1,1,56,co_0,6,7,7,125,6,3,3,3,1,extorsionador,matón,alienante,abusador,suicidio,1,50,1,0,1,30,1,10,1,50,1,0,1,1,1,hwawei,vivo,shenzen,2,3,1,3,2,1,1,1,3,ventas de usura,pésimas.,1,1,1,0,2,2,1,0,1,0,0,1,0,1,0,,1,4,1,0,1,0,0,0,0,0,0,,99,99,3,3
45bf9d76-0bf6-4712-bc02-47a52e048e74,624562128,1,09/10/2024 21:47,09/10/2024 21:56,545,end,complete,0300b5f5434cad75,P5_2#1#value|P5_5#1#value|P5_3#1#value|P5_4#1#value|P5_1#1#value,1,2,47,co_0,5,9,13,311,2,98,3,2,1,Comercio,Gordos,Series,comida,Manga,1,80,1,30,1,60,1,70,1,70,1,0,1,1,1,changan,huawei,honor,1,3,1,2,1,1,1,1,2,Compañero de colegio de mi hijo,"Como con cualquier persona, aunque con algunas dificultades de comunicación pero naturalmente",1,0,0,0,2,2,1,1,1,1,0,1,0,0,0,,2,4,0,0,0,0,0,1,0,1,0,,1,99,1,5
6fc4297a-03c1-4244-b5da-73d3a4befe8b,625079663,1,12/10/2024 17:08,12/10/2024 17:30,1309,end,complete,0348a80a05b2381d,P5_2#1#value,2,2,36,co_0,4,7,5,69,6,4,3,5,1,Proveedor,Inversor,Inversor,Inversor,Proveedor,999,,1,100,999,,999,,999,,1,1,0,0,0,,,,2,3,1,4,4,1,2,2,3,Ninguna,Ninguna,1,0,0,0,2,4,1,0,1,0,0,0,0,0,0,,4,4,0,1,0,0,0,0,0,1,0,,2,2,4,4
6ee0e994-a7ce-4858-a5d2-0a9dc09b3448,625530481,1,15/10/2024 17:39,15/10/2024 17:48,587,end,complete,03aa154db9a199db,P5_4#1#value|P5_1#1#value|P5_2#1#value|P5_5#1#value,3,1,29,co_0,3,8,3,17,4,98,1,5,1,Población,Geografía,E sport,Cocina,Anime,1,30,1,20,999,,1,50,1,60,1,1,0,0,0,,,,3,1,2,5,2,1,1,2,2,Cuando voy al mall chino,Indiferente,0,0,0,1,2,3,1,0,1,0,0,0,0,0,0,,1,3,0,0,0,1,0,0,0,0,0,,99,99,3,3
1db49dc2-dc92-4dc4-9bf5-8648fdb9710f,625299893,1,14/10/2024 16:26,14/10/2024 16:44,1055,end,complete,03c6c66a0c700513,P5_5#1#value|P5_4#1#value|P5_2#1#value|P5_3#1#value|P5_1#1#value,3,2,33,co_0,3,7,1,1,6,1,3,5,4,Mayor importador,Abuso,Tecnología,Distracción,Tecnología,1,95,1,65,1,80,1,85,1,85,2,0,1,1,1,Hawei,Xiomi,Remi,2,1,1,2,1,2,2,1,2,Cuando he ido habitualmente al restaurant y ya eramos conocidos y había una conversación,Buenas,1,0,0,0,2,3,1,0,0,0,0,0,1,0,0,,3,4,0,0,0,0,0,1,0,1,0,,2,2,1,4
c6996ba2-a1b0-446c-8055-5328307439df,624557569,3,09/10/2024 21:19,09/10/2024 21:31,819,end,complete,03d545017cc07345,P5_4#1#value|P5_5#1#value|P5_3#1#value|P5_2#1#value|P5_1#1#value,1,1,21,co_0,2,7,1,2,5,98,3,5,1,poder,drogas,expectativas,ignorancia,perseverancia,1,60,1,60,1,60,1,40,1,100,3,0,1,1,1,alibaba,elex tech,xiaomi,1,3,3,,3,2,2,1,2,"Educación, convivencia condominio",Buenas y muy educadas,1,0,0,0,2,4,1,1,1,1,0,0,0,1,0,,4,4,0,0,1,0,0,1,0,0,0,,3,99,3,5
4fc1a6c0-dc41-46db-a94d-6f0cbda711cb,624709084,1,10/10/2024 16:49,10/10/2024 17:06,993,end,complete,03fbfd048f2283a5,P5_4#1#value|P5_2#1#value|P5_5#1#value|P5_1#1#value,1,2,67,co_0,7,8,10,236,4,6,4,9,2,Desconfianza,Libertad,Progreso,Torre Eiffel,Samurai,1,2,1,9,999,,1,7,1,7,1,0,1,1,1,Huawey,AliExpress,Chery,4,4,1,1,5,2,2,1,3,Comercio minorista,Buenas,1,0,0,0,2,2,1,1,0,0,0,0,0,1,0,,4,5,0,0,0,0,1,1,0,0,0,,3,2,4,3
5b355968-d282-44f7-8056-1580e0983b5e,624735042,1,10/10/2024 18:37,10/10/2024 19:19,2493,end,complete,04cf049af4523b90,P5_5#1#value|P5_1#1#value|P5_2#1#value|P5_4#1#value|P5_3#1#value,1,1,77,co_0,7,7,5,48,4,7,2,5,4,yen,dolar,autos,trre eifel,suchi,1,60,1,80,1,70,1,80,1,60,3,1,0,0,0,,,,3,2,1,3,2,2,1,2,3,no tengo interacion,no tengo interaccion,0,1,0,0,2,1,1,1,1,1,0,0,0,0,0,,3,4,0,0,1,1,0,0,0,0,0,,2,2,4,4
1f65709d-ce1f-49ca-b46b-a025d2dbf781,624928901,1,11/10/2024 17:06,11/10/2024 17:22,930,end,complete,04f11b74b10f6cfd,P5_2#1#value|P5_3#1#value|P5_4#1#value|P5_1#1#value|P5_5#1#value,3,2,24,co_0,2,7,7,139,7,6,3,2,3,"Comida, música, templos",Comercio,"Paisajes , comida música, templo","Café, pan, museos históricos","Paisajes, música, comida, comercio",1,50,1,0,1,100,1,100,1,100,3,1,0,0,0,,,,5,1,1,3,5,1,2,2,4,No tengo,No tengo,1,0,0,0,2,4,1,1,1,1,0,0,0,0,0,,1,2,1,1,0,0,0,0,0,0,0,,99,99,4,3
d28e5924-544b-40c7-83ba-89781e788d7e,624692484,1,10/10/2024 15:45,10/10/2024 15:57,752,end,complete,0513b162b98a74b6,P5_3#1#value|P5_4#1#value|P5_2#1#value|P5_5#1#value|P5_1#1#value,3,2,21,co_0,2,8,7,116,6,4,4,3,1,Potencia mundial,Potencia mundial,Kpop,Pan,Anime,1,20,1,40,1,40,1,70,1,40,1,0,1,1,1,Xiaomi,Huawei,Alibaba,3,4,3,,3,1,1,2,3,"En restaurantes chinos, mall chinos y a veces por la calle",Neutras,1,1,0,0,2,1,1,1,1,1,0,0,0,0,0,,2,3,1,0,1,0,0,0,0,0,0,,3,2,3,4
e7ba49b8-2ea0-4218-934f-c00d28cf8575,624765737,1,10/10/2024 21:02,10/10/2024 21:14,700,end,complete,0526df5f18781190,P5_1#1#value|P5_2#1#value|P5_4#1#value|P5_5#1#value|P5_3#1#value|P6A#4#value,1,1,70,co_0,7,9,13,304,1,98,2,5,1,Imperialismo autoritarismo,Gran país,Crecimiento y desarrollo,Nación inquieta,Volvería,1,40,1,70,1,70,1,70,1,80,1,0,1,1,1,wawei,tik tok,byd,4,4,2,3,2,1,1,1,3,Como cliente de comercios minoristas,normales para la relación,1,1,0,0,2,1,1,1,1,1,1,1,1,1,0,,3,4,1,0,1,0,0,0,0,0,0,,3,3,4,2
35003a15-593f-442d-8ae1-1d2264a193d6,624968239,1,11/10/2024 20:22,11/10/2024 20:30,465,end,complete,056a9374cfa2af3b,P5_1#1#value|P5_2#1#value|P5_4#1#value|P5_3#1#value|P5_5#1#value,1,1,44,co_0,4,7,14,333,6,6,2,5,1,eficiencia,capitalismo,idealización,suciedad,amabilidad,1,70,1,20,1,50,1,30,1,90,1,0,1,1,1,ali express,sang jong,huawei,2,3,2,3,3,1,2,2,3,en los mall chinos,diferentes,1,0,0,0,2,1,1,1,1,1,0,1,1,1,0,,1,4,0,0,1,0,0,1,0,0,0,,2,99,1,4
c2b5429d-6b81-484a-9304-21bd112df058,625887613,1,17/10/2024 11:17,17/10/2024 12:14,3430,end,complete,05b62726fc8cca21,P5_1#1#value|P5_4#1#value|P5_5#1#value|P5_3#1#value|P5_2#1#value,1,1,31,co_0,3,8,16,175,3,98,3,4,1,Producción,Capitalismo,Seguridad,Hostilidad,Tecnología,1,30,1,60,1,70,1,40,1,70,1,0,1,1,1,li ning,peak,anta,4,3,3,,3,1,2,2,3,en los mall chinos,"cordial, ni más, ni menos.",1,0,0,0,1,2,1,0,1,1,0,0,0,0,0,,4,4,1,1,0,0,0,0,0,0,0,,99,3,4,3
1ebc8be9-a6ca-4506-9cae-5300975c43cf,625513762,1,15/10/2024 16:31,15/10/2024 16:37,335,end,complete,05cb9c8a8106909b,P5_1#1#value|P5_3#1#value|P5_2#1#value|P5_4#1#value|P5_5#1#value,3,1,32,co_0,3,8,2,8,5,98,1,7,1,Orden,Republicano,Comida,Pan,Eficacia,1,95,1,80,1,95,1,70,1,95,1,1,0,0,0,,,,4,3,1,4,2,2,2,1,2,Esposo de familiar,Excelente,1,0,0,0,2,4,1,0,0,1,0,0,0,0,0,,1,4,1,0,0,0,0,0,0,0,0,,2,3,1,4
fd7c05e2-4702-40e7-a884-24f702d86a43,625065570,1,12/10/2024 14:30,12/10/2024 14:38,486,end,complete,06149124230b6963,P5_5#1#value|P5_1#1#value|P5_4#1#value|P5_2#1#value,3,2,57,co_0,6,7,1,2,5,98,3,5,4,Comida,Disney,Guerra,Paris,Autos,1,80,1,90,999,,1,90,1,75,1,1,0,0,0,,,,3,3,1,2,3,1,2,2,3,Solo cuando voy al mall chino o a comer,Bien ellos son muy simpáticos,0,1,0,0,2,1,1,1,1,1,0,0,0,0,0,,4,3,0,0,0,0,0,1,0,0,0,,2,2,4,4
f7f3e872-f1a9-4f1e-bdbe-8f033dab6382,625047147,3,12/10/2024 11:18,12/10/2024 11:31,829,end,complete,0665f7b66587921c,P5_5#1#value|P5_4#1#value|P5_3#1#value|P5_1#1#value|P5_2#1#value,3,2,64,co_0,6,7,5,67,5,3,4,8,2,Inversiones,Potencia mundial,Tecnología,País Europeo,Tecnología,1,100,1,100,1,100,1,100,1,100,1,0,1,1,1,"Temu,",Huawei,Sany Group,5,4,2,5,2,1,1,1,3,Restaurante,Buenas y simpática,1,0,0,0,2,4,2,,,,,,,,,,1,5,0,0,1,0,0,0,0,0,0,,2,1,2,2
ca61f7d8-4927-4b11-9240-1416df13813a,624562611,1,09/10/2024 21:50,09/10/2024 21:55,314,end,complete,06787313b09bd850,P5_4#1#value|P5_2#1#value|P5_3#1#value|P5_1#1#value|P5_5#1#value,3,2,42,co_0,4,7,13,311,2,98,3,5,1,Productos,Harris,Kpop,Baguette,Sushi,1,87,1,80,1,87,1,80,1,90,1,0,1,1,1,"Miniso,",Haval,Great wall,2,3,3,,2,1,1,1,4,"Amigos, familia de amigos","Buenas, siempre positivo",0,0,0,1,2,2,2,,,,,,,,,,2,5,0,0,0,0,0,1,0,1,0,,2,2,4,3
b33de0b1-9b6d-4b03-bfc3-834f825e4f66,624789962,1,10/10/2024 23:34,10/10/2024 23:40,410,end,complete,06b9a3a9a4377c85,P5_3#1#value,3,2,19,co_0,2,7,13,314,5,98,1,6,3,Mucho comercio,Terrorismo,Buena salud,Ciudades sucias,Mucho comercio,999,,999,,1,90,999,,999,,1,1,0,0,0,,,,3,4,1,3,1,2,2,2,2,Cuando voy a comprar en lugares como patronato o cuando voy a lugares donde existes restaurantes y malls chinos,"Anteriormente me equivoqué y si conocí de pequeña a una niña de ascendencia china, me lleva bastante bien con ella era muy simpática",1,0,0,0,2,1,1,0,0,1,0,0,0,0,0,,2,4,0,0,0,1,0,1,0,0,0,,2,2,3,3
b067a069-e66a-487a-aae9-6db581594ddc,625009783,1,12/10/2024 1:38,12/10/2024 1:53,891,end,complete,06c9a1d84617c249,P5_2#1#value|P5_5#1#value|P5_1#1#value|P5_4#1#value|P5_3#1#value,3,2,49,co_0,5,8,6,79,5,98,3,7,2,Comercio,Oportunidades,Electrónica,Turismo,Tecnologia,1,80,1,70,1,70,1,60,1,80,1,0,1,1,1,"Huawei,",Xiaomi,Chery,2,1,1,5,2,2,1,2,1,Solo en restaurantes o tiendas,Cordial,0,1,0,0,1,4,2,,,,,,,,,,3,5,0,0,0,0,0,1,0,0,0,,3,1,3,2
f3171694-dd8a-42aa-918f-8f40446b984d,624562158,1,09/10/2024 21:47,09/10/2024 21:53,377,end,complete,079bc381d739bcd4,P5_2#1#value|P5_3#1#value|P5_4#1#value|P5_5#1#value|P5_1#1#value,3,2,43,co_0,4,6,13,329,6,6,3,5,4,Todo es hecho en china,Hamburguesas,Kpop,Torre Eiffel,Tecnología,1,75,1,89,1,90,1,85,1,95,1,0,1,1,1,Xiaomi,Xiaomi,Chery,2,2,1,4,3,1,1,1,1,Restaurante chino,"Poca.conversacion, hablan poco",1,0,0,0,2,3,1,0,1,1,0,0,0,0,0,,1,4,1,0,0,0,0,1,0,0,0,,3,3,3,2
8da94114-f159-4aa5-8416-2c3597413278,624562294,1,09/10/2024 21:48,09/10/2024 22:01,778,end,complete,080b1c871cbf895c,P5_3#1#value|P5_1#1#value|P5_5#1#value|P5_2#1#value,3,2,31,co_0,3,8,13,288,5,98,1,5,1,Sobre población,Guerra,Kdramas,Torre iffel,Anime,1,30,1,50,1,60,999,,1,80,1,1,0,0,0,,,,3,1,1,3,2,1,1,2,2,Solamente en locales donde tenga algún negocio.,"Frío, poco se les entiende, ya que no quieren aprender el idioma español.",0,1,0,0,2,4,1,1,1,1,1,1,1,1,0,,3,4,1,0,0,0,0,0,0,0,0,,2,2,3,4
73367106-0844-49ce-bae8-6266a68c978a,625321253,1,14/10/2024 17:59,14/10/2024 18:05,392,end,complete,08155b907c9c3b27,P5_4#1#value|P5_5#1#value|P5_2#1#value|P5_1#1#value|P5_3#1#value,3,1,45,co_0,5,7,10,228,6,98,3,5,3,Comunismo,Disney,Progreso,Torre Eiffel,Bomba Atomica,1,50,1,50,1,70,1,70,1,90,3,1,0,0,0,,,,4,4,3,,3,1,1,2,3,Comercio,Muy superficiales,1,1,0,0,2,4,1,1,1,1,0,0,1,0,0,,2,4,0,0,1,1,0,0,0,0,0,,3,2,4,3
5e345a37-6a8a-4a44-9f93-a5073029f66f,624730401,1,10/10/2024 18:19,10/10/2024 18:29,597,end,complete,082fcb288b4b4640,P5_3#1#value|P5_5#1#value|P5_1#1#value|P5_4#1#value|P5_2#1#value,1,1,65,co_0,7,5,13,297,5,3,3,10,2,PRODUCTOS,ORDEN,COREA DEL NORTE,MUSEO DE LUVRE,TECNOLOGIA,1,50,1,60,1,100,1,60,1,90,2,1,0,0,0,,,,3,3,1,5,5,2,2,1,4,SÓLO CONOCIDO.,COMO CON CUALQUIER OTRA PERSONA.,0,0,0,1,2,4,2,,,,,,,,,,2,5,0,0,1,0,0,0,0,0,0,,99,99,3,3
3dba065e-bbb2-4b67-a144-d96be86ca874,625083283,1,12/10/2024 17:50,12/10/2024 18:02,721,end,complete,083250c985393f40,P5_3#1#value|P5_2#1#value|P5_1#1#value|P5_4#1#value|P5_5#1#value,3,2,40,co_0,4,7,2,8,7,98,3,5,4,Comia,Disney,K pop,Torre paris,Culrura,1,100,1,70,1,100,1,20,1,100,3,1,0,0,0,,,,5,3,1,3,3,2,1,1,3,Vecina mia,Buena,1,0,0,0,2,1,1,0,0,0,1,0,0,0,0,,4,3,0,0,0,0,0,0,1,0,0,,1,3,3,3
3b40527c-faf0-4313-9398-221224b3adee,624743094,1,10/10/2024 19:16,10/10/2024 19:27,661,end,complete,08623cfb326a7bb7,P5_1#1#value|P5_5#1#value|P5_3#1#value|P5_2#1#value|P5_4#1#value,1,1,53,co_0,5,8,6,102,2,98,3,3,1,cerezas,bullying,corea,torre eifel,terremoto,1,40,1,60,1,80,1,80,1,80,1,0,1,1,1,jac,dong feng,motorrad,4,4,2,3,3,1,1,2,2,como cliente,frias,0,0,0,1,2,3,1,1,1,1,1,1,1,1,0,,2,3,1,0,1,0,0,0,0,0,0,,3,3,3,3
9c88dcd3-738b-4372-97ca-421672c86956,625061015,1,12/10/2024 13:45,12/10/2024 14:01,960,end,complete,094abb60d69dd09d,P5_2#1#value|P5_5#1#value|P5_1#1#value|P5_3#1#value|P5_4#1#value,3,2,37,co_0,4,5,2,12,6,98,3,3,3,Nada,Buena vida muy cara,Régimen militar sin vida las personas,Nada,Viven al límite muchas condiciones de vida,1,0,1,100,1,0,1,0,1,0,2,1,0,0,0,,,,2,4,1,5,5,2,2,2,4,Ninguna,Ni una,0,0,0,1,2,2,1,1,0,0,0,0,0,0,0,,2,1,0,0,0,0,0,0,1,0,0,,99,99,3,3
aca6676d-6b13-4aa2-b0fd-7003dc8fe452,625455410,1,15/10/2024 12:18,15/10/2024 12:29,623,end,complete,099c0d707389f0a2,P5_2#1#value|P5_3#1#value|P5_5#1#value|P5_4#1#value|P5_1#1#value,3,1,36,co_0,4,6,2,8,5,6,1,5,2,Comunismo,Donald trump,Rep7blica,Torre eiffel,Imperio,1,30,1,89,1,90,1,90,1,100,2,0,1,1,1,Huawei,Xiaomi,Dong feng,3,1,1,5,3,2,1,2,3,"No lo se, dependiendo la necesidad que tenga.",Nunca los tuve,1,0,0,0,2,2,2,,,,,,,,,,3,5,0,0,0,0,0,1,0,1,0,,2,2,4,4
74d7d9ef-0d06-45a9-8296-1998fb2eaf80,624981416,4,11/10/2024 21:43,12/10/2024 3:19,621,end,complete,09bdddc21afd0bfd,P5_4#1#value|P5_2#1#value,3,2,51,co_0,5,6,16,175,7,3,3,7,4,Izquierda,Derecha,Izquierda,Derecha,Derecha,999,,1,100,999,,1,100,999,,1,1,0,0,0,,,,5,1,1,1,5,1,2,2,2,Ninguna,Buenas,1,1,1,0,2,4,2,,,,,,,,,,2,5,0,0,0,0,0,1,1,0,0,,3,1,4,5
f168e53b-671e-405d-8eb9-0b65b594dcc6,625960695,1,17/10/2024 17:04,17/10/2024 17:21,985,end,complete,0bb48af279339bcf,P5_2#1#value|P5_3#1#value|P5_5#1#value|P5_1#1#value|P5_4#1#value,3,2,46,co_0,5,5,11,258,6,98,4,5,4,compra,libertad,lindo,pasear,vacaciones,1,55,1,100,1,20,1,80,999,,1,1,0,0,0,,,,3,4,1,3,2,2,2,2,2,comprar,le compro lo que venden,0,1,0,0,2,2,1,0,1,1,0,0,0,0,0,,2,4,0,0,0,0,0,1,1,0,0,,3,2,4,3
e35d123d-04e9-4d15-92ca-cf4a24a26f05,625013278,1,12/10/2024 2:21,12/10/2024 2:43,1299,end,complete,0bcaf689bf229d17,P5_1#1#value|P5_3#1#value|P5_2#1#value|P5_4#1#value|P5_5#1#value,3,2,64,co_0,6,2,5,47,6,98,3,10,3,Gran poblacion,Oportunidades,No se,Lindo pais,Excelentes productos,1,60,1,70,1,10,1,80,1,90,3,1,0,0,0,,,,2,3,3,,3,2,2,2,1,Cuando compro en sus tiendas o mall,No he tenido ninguna,0,0,0,1,2,1,1,0,0,0,0,1,0,0,0,,4,4,0,0,0,0,0,1,0,0,0,,99,99,3,3
1a841b9c-dddc-4c0f-bf36-5314c54b2288,625093481,1,12/10/2024 20:00,12/10/2024 20:06,339,end,complete,0bff025bd8b94d69,P5_3#1#value|P5_2#1#value,3,2,33,co_0,3,4,3,17,7,98,3,5,1,Comida china,New york,Nada,Paris,Sushi,999,,1,100,1,50,999,,999,,2,1,0,0,0,,,,3,3,3,,3,1,1,1,2,No tanto,Son muy buena onda,1,1,1,0,2,4,2,,,,,,,,,,3,4,0,0,0,0,0,1,1,0,0,,2,2,4,3
56866fa2-2ed0-4871-9e16-f0d88d2a9289,625295911,1,14/10/2024 16:11,14/10/2024 16:24,758,end,complete,0c463f7a6df02f04,P5_2#1#value|P6A#4#value,3,1,29,co_0,3,5,7,132,6,98,2,5,4,Ropa,Lugares,Tecnología,El lenguaje del amor,Sony,999,,1,50,999,,999,,999,,2,0,1,1,1,Chery,Jac,Byd,5,2,3,,5,1,1,2,2,No acedo,No tengo,1,0,0,0,2,1,2,,,,,,,,,,2,4,0,0,0,0,0,0,1,0,0,,2,3,4,3
532480ff-545d-474f-a4d7-e45cb87823fa,624711829,1,10/10/2024 17:01,10/10/2024 17:11,600,end,complete,0c71029582fd4dc5,P5_3#1#value|P5_2#1#value|P5_1#1#value|P5_4#1#value|P5_5#1#value,3,1,69,co_0,7,8,13,296,2,98,3,4,1,Poderoso,Gran país,"Hermoso país a visitar, muy tecnologizafo",Romántica,Cultura,1,60,1,80,1,80,1,70,1,40,2,0,1,1,1,Xiaomi,Chery,Haval,2,3,1,4,3,1,1,2,1,Comida. Restsurantes,Excekente,1,1,0,0,2,1,2,,,,,,,,,,1,4,0,0,0,0,0,0,0,1,0,,2,2,3,5
3de6178d-c243-4a36-996d-39037df1f6cd,624561886,1,09/10/2024 21:45,09/10/2024 21:59,850,end,complete,0c9afd6791a8d642,P5_4#1#value|P5_5#1#value|P5_1#1#value|P5_2#1#value|P5_3#1#value,3,2,52,co_0,5,5,13,311,5,98,3,6,1,Proovedor,Disneyworld,Kpop,Torre Eiffel,Anime,1,80,1,50,1,100,1,50,1,80,1,0,1,1,1,Xiaomi,Hisense,Lenovo,1,3,1,3,2,2,1,1,2,Compañeros hijos colegio,Buenas,1,1,0,0,2,1,2,,,,,,,,,,3,5,0,0,0,0,0,1,0,0,0,,2,2,4,4
e27b2698-9cda-44c2-9c5b-5b62b34c7350,625056288,1,12/10/2024 13:00,12/10/2024 13:08,523,end,complete,0cbdbf845fc8d79d,P5_1#1#value|P5_2#1#value|P5_4#1#value|P5_5#1#value|P5_3#1#value,3,2,46,co_0,5,9,6,92,6,98,3,4,1,Explotación infantil,País más grande,Actores,Ronance,Tegnologia,1,30,1,60,1,90,1,70,1,80,1,1,0,0,0,,,,3,3,1,3,2,2,2,2,3,En el mall chino,Buenas pero el idioma complica,0,1,0,0,2,3,1,0,1,0,0,0,0,0,0,,1,3,0,1,0,0,0,1,0,0,0,,2,2,3,4
93322674-072c-4896-8f55-d9b94bc10f00,625012236,1,12/10/2024 2:08,12/10/2024 2:22,846,end,complete,0cd07842473c7115,P5_2#1#value|P5_1#1#value|P5_4#1#value|P5_3#1#value|P5_5#1#value,3,2,51,co_0,5,4,1,2,6,98,3,5,1,Inventos,Onu,Libertad,Torre eifel,Suchi,1,50,1,50,1,60,1,50,1,60,1,1,0,0,0,,,,3,3,3,,3,2,2,2,4,Solamente en zofri,Buenas,1,0,0,0,2,3,1,0,1,1,0,0,1,1,0,,2,3,0,0,0,0,0,1,0,1,0,,3,3,4,3
f51ffb0d-8ba1-4d49-8ac9-a3621001c5cb,625173420,1,13/10/2024 17:37,13/10/2024 17:51,823,end,complete,0d03320c06d0f193,P5_2#1#value|P5_1#1#value|P5_5#1#value|P5_4#1#value|P5_3#1#value,3,1,30,co_0,3,5,7,134,6,7,2,7,2,Producción,Capitalismo,Modernización,Monarquía,Tecnología avanzada,1,10,1,10,1,50,1,20,1,0,1,1,0,0,0,,,,3,3,3,,2,1,1,1,3,Personas que trabajan en mall chinos y personas de ascendencia china.,"Son personas serias, muy puntuales y directas ejemplo si dicen NO a algo esa es su última palabra.",1,1,0,0,1,1,2,,,,,,,,,,2,4,0,0,0,0,0,1,1,0,0,,2,2,4,4
9b259003-c14b-40d1-9a2e-0ce9954e4bfa,624693222,1,10/10/2024 15:47,10/10/2024 15:59,716,end,complete,0d2759f42b8d62a1,P5_2#1#value|P5_3#1#value|P5_5#1#value|P5_1#1#value,3,2,21,co_0,2,4,3,17,5,3,3,10,4,Chinos,Estados unidos,Asia,Paris,Asia,1,90,1,50,1,80,999,,1,80,1,1,0,0,0,,,,3,1,2,3,3,2,1,2,3,No tengo contacto,Solo por los negocios que hay,0,0,0,1,2,1,1,0,0,0,0,0,0,1,0,,1,3,0,0,0,0,0,1,0,1,0,,2,3,4,3
176c78e8-9f53-46c9-8ce0-baa4b7a19a86,625041690,1,12/10/2024 9:44,12/10/2024 9:56,727,end,complete,0ddfc73f6d79cf2c,P5_2#1#value|P5_1#1#value,3,2,51,co_0,5,5,2,15,5,98,4,5,4,Potencia,Gran país,Lindo,Hermoso,Hermoso pais,1,50,1,50,999,,999,,999,,3,1,0,0,0,,,,2,4,1,3,2,1,2,2,2,En mall. Y restaurante chinos,Muy bien,0,1,0,0,2,3,1,0,1,1,0,0,1,0,0,,1,5,0,0,0,0,0,0,1,0,0,,99,99,4,3
7122aef6-c920-4f61-894d-5b703632e79c,624562529,1,09/10/2024 21:49,09/10/2024 21:57,428,end,complete,0f40d6fff5aa9899,P5_2#1#value|P5_1#1#value,3,2,31,co_0,3,6,13,289,5,98,3,5,1,Carne mongoliana,País importante,Kawaii,Torre infel,Sushi,1,100,1,100,999,,999,,999,,3,1,0,0,0,,,,2,3,1,5,2,1,1,2,1,Cuando voy a comprar a un mall chino o comida china,"Más o menos,ya que son muy pesados",0,0,0,1,2,2,2,,,,,,,,,,4,5,1,0,0,0,0,1,0,0,0,,2,2,3,5
4348d029-c301-4f54-bf94-1b824e900503,625293183,1,14/10/2024 16:01,14/10/2024 16:08,467,end,complete,0faf78d1078ffd48,P5_4#1#value|P5_1#1#value|P5_3#1#value|P5_5#1#value|P5_2#1#value,2,1,35,co_0,4,5,1,2,6,4,4,8,3,Gran comercio,Gran defensa,Gran armamento,Buen perfume,Tecnologia,1,100,1,90,1,90,1,100,1,80,1,0,1,1,1,Honda,Changan,Jac motors,5,1,1,5,2,2,2,2,2,Ningun contacto,Niuna interaccion,1,0,0,0,2,4,1,0,0,1,1,0,0,0,0,,3,5,0,0,0,0,0,1,1,0,0,,1,2,1,5
c9dede1b-5616-44d4-b7be-ffc69cb5b698,625300938,1,14/10/2024 16:30,14/10/2024 16:46,927,end,complete,102ff86f83a23a78,P5_5#1#value|P5_4#1#value|P5_3#1#value|P5_1#1#value|P5_2#1#value,3,1,61,co_0,6,3,10,247,6,98,4,10,3,Potencia comunista,Poder bélico.,Manofactura,Amor y bohemia,Inteligencia y meditación,1,5,1,0,1,10,1,100,1,90,3,1,0,0,0,,,,2,3,3,,5,2,2,2,1,Solo cuando voy a algún Mall chino.,Cordial y respetuoso.,1,1,0,0,2,2,1,0,1,1,0,0,0,0,0,,2,5,0,0,0,0,0,1,0,1,0,,1,3,1,5
6e616bff-085a-4fbd-b822-e709252a5fad,624966987,1,11/10/2024 20:13,11/10/2024 20:23,574,end,complete,10512533a0d1bd16,P5_3#1#value|P5_1#1#value|P5_5#1#value|P5_4#1#value|P5_2#1#value,3,1,59,co_0,6,8,14,334,6,98,1,5,1,Potencia mundial,Provocador de guerra,No se,Torre eiffiel,Terremoto,1,90,1,10,1,50,1,50,1,70,3,0,1,1,1,Peugeot fabrica do en China,Chevrolet fabricado en China,Mercedes Benz fabricado en China,1,1,3,,5,2,2,2,4,Ninguna,Indiferente,1,0,0,0,2,3,1,1,1,1,0,1,0,0,0,,4,5,0,0,0,0,0,0,1,1,0,,1,99,1,5
ade1d87d-f602-47f9-ac3d-fb4c9c78a236,624926725,1,11/10/2024 16:57,11/10/2024 17:02,316,end,complete,10d298b505112149,P5_3#1#value|P5_4#1#value|P5_2#1#value|P5_5#1#value|P5_1#1#value|P16|P17,3,1,20,co_0,2,5,7,112,7,2,1,7,3,Nose,Nose,Nose,Nose,Nose,1,50,1,50,1,50,1,50,1,50,2,1,0,0,0,,,,3,3,2,3,2,1,1,2,4,Nop0ppppppp,Nopppppppp,0,1,0,0,2,2,2,,,,,,,,,,1,4,0,0,1,0,0,0,0,0,0,,3,2,2,4
195cb29f-2d82-4120-9b50-a628f5443300,624715504,3,10/10/2024 17:18,10/10/2024 21:05,1101,end,complete,110666a8f44737f5,P5_2#1#value|P5_5#1#value|P5_4#1#value|P5_3#1#value|P5_1#1#value,3,1,73,co_0,7,8,9,196,4,98,3,2,1,Muchos profuvtos,Guerras,Dictadura,Libertad,Desarrollo,1,80,1,50,1,40,1,70,1,90,3,0,1,1,1,Huawei,Railway Rolling,Xiaomi,5,1,1,3,4,1,1,2,4,Mall chino,Buenas,1,1,0,0,1,3,2,,,,,,,,,,1,4,1,0,0,1,0,0,0,0,0,,3,3,4,4
3a8bee03-b2d7-45dc-8174-7cd0048c4bff,624696823,1,10/10/2024 16:02,10/10/2024 16:14,704,end,complete,112f6b85409f200d,P5_2#1#value|P5_1#1#value|P5_3#1#value|P5_4#1#value|P5_5#1#value,1,1,70,co_0,7,8,13,298,2,98,3,5,1,Crecimiento Veloz,Dólar,Autos,Torre Eiffel,Cultura Oriental,1,40,1,50,999,,1,60,1,60,3,1,0,0,0,,,,2,3,1,3,3,1,1,2,2,Restorán Chino; Mall Chino; Temu.,Neutras. Ni buenas ni malas. Poca comunicación.,1,0,0,0,2,3,1,1,1,1,0,0,0,1,1,Agua,3,3,0,0,1,0,0,1,0,0,0,,2,3,4,4
ece9067a-782e-445c-8b87-f4f41971ed52,625006857,1,12/10/2024 1:04,12/10/2024 1:13,502,end,complete,1193f84a5634fc64,P5_3#1#value|P5_1#1#value|P5_5#1#value|P5_2#1#value|P5_4#1#value,3,2,45,co_0,5,5,4,26,7,98,2,5,4,Bonito,Extrajeros,Maldad,Torre,Invacion,1,1,1,2,1,0,1,2,1,3,3,1,0,0,0,,,,5,4,2,1,5,1,1,2,3,Nada de nada,Mala,1,1,1,0,2,2,2,,,,,,,,,,3,1,0,1,0,0,0,1,0,0,0,,2,3,4,5
efda5604-e2bc-459b-8d44-75789be3c882,624556821,1,09/10/2024 21:15,09/10/2024 21:22,421,end,complete,119b73fcaa430481,P5_5#1#value|P5_2#1#value|P5_1#1#value|P5_4#1#value|P5_3#1#value,3,2,44,co_0,4,9,13,321,3,98,3,5,4,Ropa de mala calidad,País de gente egoísta,Doramas,País ediondo,Terremoto,1,50,1,50,1,10,1,50,1,50,2,0,1,1,1,Shein,Temu,Alispres,4,4,3,,5,1,1,1,3,Amigos en lugar de diversión,Bien pero su cultura es muy machista,1,0,0,0,2,3,1,1,1,1,0,0,0,0,0,,4,4,1,0,1,0,0,0,0,0,0,,2,3,3,1
30ab552f-08db-444e-b4b1-03b6e47890f7,624966564,1,11/10/2024 20:11,11/10/2024 20:19,499,end,complete,12044ad159c23c12,P5_1#1#value|P5_4#1#value|P5_3#1#value,3,2,34,co_0,3,5,6,93,6,98,3,5,3,La gran muralla,Estatua de la libertad,K drama,Torre Eiffel,No se,1,100,999,,1,100,1,100,999,,3,1,0,0,0,,,,2,3,3,,3,1,2,1,2,No tengo contacto,No tengo interaccion,0,0,0,1,2,3,1,0,1,1,0,0,0,1,0,,1,3,0,0,0,0,0,1,0,1,0,,2,3,4,4
78dae071-e416-4ba3-877c-f2e549b7d76d,624562857,1,09/10/2024 21:51,09/10/2024 21:58,405,end,complete,122bd8ab19021da3,P5_4#1#value|P5_3#1#value|P5_1#1#value|P5_2#1#value|P5_5#1#value,3,2,32,co_0,3,9,13,279,1,98,2,4,1,Manufactura,Manipulación,Superficialidad,Elegancia,Orden,1,0,1,0,1,60,1,70,1,80,1,0,1,1,1,Huawei,Xiaomi,Didi,3,3,3,,5,1,1,1,4,Compras,Cortantes,0,0,0,1,2,4,1,1,1,1,0,0,0,0,0,,4,4,0,0,1,0,0,0,0,0,0,,3,3,3,3
82c3c3d9-1a15-4075-bc18-84fd30041d0c,624982362,2,11/10/2024 21:49,11/10/2024 22:37,859,end,complete,12cd2cfcf94432a1,P5_2#1#value,3,1,64,co_0,6,5,4,27,6,98,4,5,1,Gran Pais,Gran Pais,Pequeñísimo Pais,Gran Pais,Gran Pais,999,,1,85,999,,999,,999,,1,1,0,0,0,,,,3,3,1,3,2,1,1,1,4,Les compro,Comprador,0,1,0,0,1,2,1,0,0,0,0,1,0,0,0,,2,3,1,0,0,0,1,0,0,0,0,,3,3,3,3
35f66d39-1d10-4733-9fbb-047b1ba47757,624699144,1,10/10/2024 16:11,10/10/2024 16:18,415,end,complete,1310400270c6a25d,P5_1#1#value|P5_3#1#value|P5_5#1#value|P5_4#1#value|P5_2#1#value,3,1,20,co_0,2,7,14,331,3,98,3,4,1,Industria,Armas de fuego,Kpop,Torre eifel,Anime,1,40,1,50,1,65,1,78,1,78,3,0,1,1,1,Samsung,Tencent,Huawei,3,3,3,,3,2,1,2,2,"Universidad, Redes sociales, Juegos Online","Agradables, muy amables",1,1,0,0,1,4,1,0,0,0,0,0,0,1,0,,4,4,0,1,0,0,0,1,0,0,0,,3,2,2,3
27089599-826f-4d6f-a886-f78f657ba653,624727989,1,10/10/2024 18:07,10/10/2024 18:15,469,end,complete,132cbd2760ad2542,P5_2#1#value|P5_4#1#value|P5_3#1#value|P5_1#1#value|P5_5#1#value,3,1,24,co_0,2,7,1,2,6,98,1,6,3,Contaminación,Dinero,K-dramas,Belleza,Anime,1,30,1,50,1,50,1,70,1,60,1,1,0,0,0,,,,3,4,3,,3,1,1,2,1,Cuando voy a comer a restaurantes chinos o al mall chino que queda cerca de mi casa.,"Bastante buenas, en realidad las personas chinas con las que e interactuado son bastante amables.",1,1,0,0,2,3,1,0,1,1,0,0,0,0,0,,3,4,0,0,0,0,0,1,1,0,0,,3,2,4,3
2a999e42-f614-4265-8419-5998b99ea2bb,624701450,1,10/10/2024 16:19,10/10/2024 16:28,538,end,complete,13d3a6ccc28915a9,P5_4#1#value,1,2,70,co_0,7,8,7,112,2,8,3,1,1,comercio,huracanes,nada,juegos olimpicos,terremotos,999,,999,,999,,1,100,999,,3,1,0,0,0,,,,3,3,1,5,2,1,2,2,1,solo en los comercios,son amables,0,0,0,1,2,2,1,1,1,1,0,0,1,0,0,,2,4,0,0,0,0,0,1,0,0,0,,2,2,4,4
a1cad01b-2a22-4838-93ac-603e6f0abbe4,625081716,1,12/10/2024 17:31,12/10/2024 17:45,824,end,complete,14a3339aa803a1fb,P5_5#1#value|P5_3#1#value|P5_1#1#value|P5_2#1#value|P5_4#1#value,3,1,29,co_0,3,4,14,331,6,98,4,7,3,Sushi,Wwe,K-pop,Torre eiffel,Anime,1,30,1,70,1,90,1,70,1,90,3,1,0,0,0,,,,3,1,1,4,3,2,2,1,1,Cero contacto chinos,Ningún problema,0,0,0,1,2,3,1,1,1,1,1,1,0,0,0,,2,4,0,0,0,0,0,0,1,0,0,,99,3,2,3
a2a9cda4-8622-4958-b09c-f957f9e34a6f,624561009,3,09/10/2024 21:40,09/10/2024 21:47,466,end,complete,1530963bfdd2f7d9,P5_5#1#value|P5_3#1#value|P5_4#1#value|P5_1#1#value|P5_2#1#value,3,2,52,co_0,5,9,13,292,2,98,1,4,4,Potencia mundial,Prepotencia,Emergente,Cultura,Industria,1,80,1,40,1,70,1,90,1,70,2,0,1,1,1,Temu,Shein,Aqua,2,3,3,,2,1,1,2,4,"Mall, tiendas, restoranes, edificio","Normales, amable indiferencia",0,0,0,1,2,1,1,0,0,0,0,0,0,1,0,,1,4,0,0,1,0,0,1,0,0,0,,3,99,4,4
5f3d7055-9b19-4d33-9daf-5f425db87fc4,624562664,1,09/10/2024 21:50,09/10/2024 22:04,789,end,complete,167a9add482135fb,P5_5#1#value|P5_1#1#value|P5_2#1#value|P5_3#1#value|P5_4#1#value|P6A#3#value,3,2,36,co_0,4,7,1,1,4,98,2,10,2,Compradores,Tecnología,Vehiculo,Vehiculo,Vehiculo,1,50,1,80,1,80,1,80,1,70,1,0,1,1,1,Chery,MG,Foton,1,2,3,,3,1,1,1,4,"Vecinos, provedores",Buena relación,0,1,1,0,2,4,1,0,0,0,0,0,0,0,1,Alimentación,2,5,0,0,0,0,0,1,0,0,0,,3,2,4,3
4aac4148-2941-4bca-ad35-62654342f37a,624721906,1,10/10/2024 17:43,10/10/2024 17:56,784,end,complete,168bf7d45ac504da,P5_1#1#value|P5_5#1#value|P5_2#1#value,3,1,66,co_0,7,7,1,1,4,98,2,10,2,Muralla,Miami,Autos,Torre eifel,Tokio,1,90,1,100,999,,999,,1,90,1,0,1,1,1,Jac,Changam,Haval,2,2,1,3,2,1,1,1,4,Como amigos,Muy buena,0,0,0,1,2,2,1,0,1,0,0,0,0,0,0,,4,5,0,0,0,0,0,0,0,1,0,,1,2,3,4
9083d3da-13cb-4463-868f-f371bea7f5ff,624692788,1,10/10/2024 15:46,10/10/2024 15:51,335,end,complete,17d50f055844fc77,P5_5#1#value|P5_3#1#value|P5_2#1#value|P5_1#1#value,3,2,23,co_0,2,8,5,46,4,9,2,5,1,Productos,Neoliberalismo,Dictadura,Arte,Autos,1,40,1,40,1,0,999,,1,70,1,1,0,0,0,,,,2,3,2,3,4,1,2,2,3,Mall chino,Sólo en transacciones,0,0,0,1,1,3,1,1,1,1,0,1,0,1,0,,1,4,0,0,1,0,1,0,0,0,0,,99,99,2,5
60406cdf-14e0-48b0-be35-7f5f32f0b3e2,624696557,3,10/10/2024 16:01,10/10/2024 16:17,976,end,complete,183199f448c8aafb,P5_2#1#value|P5_4#1#value,3,2,18,co_0,2,7,6,79,6,9,3,5,3,Historia,Taylor Swift,K-pop,Pintura,Anime,999,,1,50,999,,1,80,999,,1,1,0,0,0,,,,3,3,1,3,3,1,2,2,1,"En los mall, restaurantes, en algun centro turístico",Cordiales,1,1,0,0,2,4,2,,,,,,,,,,1,3,0,1,1,0,0,0,0,0,0,,3,3,4,3
e2a921ca-b9be-4565-a47c-b13a0d1dd50c,624928033,1,11/10/2024 17:03,11/10/2024 17:15,734,end,complete,1871bd2dda661a22,P5_2#1#value|P5_4#1#value|P5_1#1#value|P5_5#1#value|P5_3#1#value,3,1,18,co_0,2,8,2,8,5,1,2,4,3,Sobrepoblacion,Estupidez,Futuro,"Bigote, pan",Tecnologia,1,40,1,60,1,70,1,60,1,80,1,0,1,1,1,Changai,Xiaomi,Huawei,2,2,1,3,3,1,1,2,2,"En locales restaurantes , mall chinos",La de un comprador y vendedor,1,0,0,0,2,2,1,1,1,1,0,0,0,0,0,,3,4,0,1,0,0,0,0,0,1,0,,2,3,3,4
48b7c042-d7a9-4fb9-8dcb-26a952173e00,624562396,1,09/10/2024 21:49,09/10/2024 22:03,828,end,complete,1873131d0b0a7d94,P5_5#1#value,3,2,44,co_0,4,5,13,318,6,98,1,5,1,Karate,Word trick,Taekowdo,Torre ifel,Anime,999,,999,,999,,999,,1,50,1,1,0,0,0,,,,4,4,1,5,4,1,1,2,3,Compras en sus mall,Buenas,0,0,0,1,2,1,1,0,1,1,0,0,0,0,0,,3,4,0,0,0,0,0,0,0,0,1,No se,99,2,4,5
d92e013c-e2c9-4107-bceb-a9a3b33677b5,625003289,1,12/10/2024 0:28,12/10/2024 1:00,1936,end,complete,189d2a4752a44d03,P5_5#1#value|P5_2#1#value|P5_3#1#value|P5_1#1#value|P5_4#1#value,3,2,44,co_0,4,6,5,41,5,4,3,5,3,Tecnologia,Potencia,Desarrollo,Romántica,Tecnologia,1,90,1,80,1,80,1,70,1,50,1,0,1,1,1,Changarro,Cherry,Maxus,3,3,3,,4,2,2,2,2,En los malla chinos y restaurantes chinos,No muy buena,0,0,0,1,2,1,1,0,0,1,0,0,0,0,0,,2,5,0,0,0,0,0,1,0,1,0,,1,1,4,4
abd2a2e4-01a9-482c-9532-cc32fe1d39c0,624968844,3,11/10/2024 20:26,11/10/2024 21:50,894,end,complete,18d3d8023f5669c0,P5_4#1#value|P5_2#1#value,3,1,44,co_0,4,5,16,192,6,98,1,6,1,Muralla china,Estatua de la libertad,Muralla china,Torre Eifell,Zamurai,999,,1,60,999,,1,50,999,,1,0,1,1,1,Huinday,Daweoo,Kia,2,1,3,,5,2,2,2,2,Ninguna,Normal,0,1,1,0,2,1,2,,,,,,,,,,3,5,0,0,0,0,0,0,1,0,0,,2,2,3,4
49276ecc-7e22-4de6-a3e0-328d9abcc1af,624987642,1,11/10/2024 22:17,11/10/2024 22:28,635,end,complete,1944a8090f846b66,P5_5#1#value,3,1,41,co_0,4,2,4,31,6,2,3,5,4,Comida,Estatua de la libertad,Taekwondo,Torre ifel,Animes,999,,999,,999,,999,,1,100,1,1,0,0,0,,,,2,3,1,3,3,2,2,1,1,Cuando voy a comprar en una tienda china,Muy buena honda,1,0,0,0,2,1,1,0,0,0,0,1,0,0,0,,4,4,0,0,0,0,0,0,0,1,0,,2,99,4,3
c8fdcbca-bce3-420b-8e5b-bdabd6d929e6,625339550,1,14/10/2024 19:34,14/10/2024 19:59,1536,end,complete,19c242ba17123699,P5_2#1#value|P5_4#1#value|P5_1#1#value|P5_5#1#value|P5_3#1#value|P20#98#value,3,1,31,co_0,3,7,6,79,6,7,1,4,1,Tecnologia,Capitalismo,Modernidad,Arte,Tecnología,1,90,1,50,1,90,1,60,1,100,1,1,0,0,0,,,,2,2,1,2,2,1,1,2,2,Solo cuando compro,Solanente coml cliente en los mall chinos,0,0,0,1,1,4,1,0,0,1,0,0,0,0,0,,2,4,0,0,0,0,1,0,1,0,0,,3,3,1,4
2658ee9a-82d7-45b7-ac09-62489bdce77b,625038162,1,12/10/2024 8:45,12/10/2024 8:53,476,end,complete,1a2872c7d134d7a8,P5_5#1#value|P5_4#1#value|P5_2#1#value|P5_1#1#value|P5_3#1#value,3,2,53,co_0,5,7,10,248,6,3,1,5,3,Desarrollo,Dinero,Tecnología,Moda,Sociedad desarrollada,1,50,1,50,1,80,1,60,1,100,1,1,0,0,0,,,,2,3,1,2,1,2,2,1,1,Mi hija es descendiente de Chino y conozco personas que son de allá,Muy buena relación con ellos,1,0,1,0,2,2,2,,,,,,,,,,3,1,0,0,0,0,0,1,1,0,0,,2,1,4,4
3dc41d36-9bc7-431d-9ce0-ed80db7e1808,624740912,1,10/10/2024 19:05,10/10/2024 19:42,2255,end,complete,1aca115352a81a55,P5_5#1#value|P5_3#1#value|P5_2#1#value|P5_4#1#value|P5_1#1#value,3,2,70,co_0,7,7,13,313,4,98,3,8,2,"tradiciones milenarias , opresion","Libertad ,patriotismo",Hermano menor de china oprimidos,Cultura europea tradicional,El imñerio del sol naciente,1,0,1,100,1,0,1,100,1,100,3,1,0,0,0,,,,4,3,1,4,3,2,2,2,3,Algunas veces cuando voy a algun mall,Buena,1,0,0,0,2,2,1,1,1,1,0,0,0,0,0,,2,4,1,1,0,0,0,0,0,0,0,,3,1,3,4
99354ed9-a9d5-46af-8f09-33b104221ef9,624793982,1,11/10/2024 0:10,11/10/2024 0:25,930,end,complete,1b155556aa1366cf,P5_3#1#value|P5_5#1#value|P5_1#1#value|P5_2#1#value|P5_4#1#value,3,1,18,co_0,2,7,9,203,6,98,1,7,3,Scissor Seven,Trump,Dramas,Papas,Ramen,1,85,1,95,1,80,1,100,1,90,2,1,0,0,0,,,,3,1,1,4,1,2,2,2,3,Al ir a comprar a algun mall chino,"Han sido buenas, al menos acá son amables",0,0,0,1,2,4,1,0,1,0,0,1,0,1,0,,1,4,0,0,0,1,0,0,1,0,0,,2,2,3,5
92c335b1-283c-4ad3-910d-551bd83801c8,624559918,1,09/10/2024 21:33,09/10/2024 21:45,726,end,complete,1b469a17596b2f71,P5_1#1#value|P5_2#1#value|P5_3#1#value|P5_4#1#value|P5_5#1#value,3,2,27,co_0,3,5,6,88,5,3,3,5,1,Made in china,El sueño americano,Ciudad de los doramas y bandas de kpop,Pais turistico,Fabrica de cosas,1,50,1,80,1,80,1,50,1,50,3,1,0,0,0,,,,2,1,3,,3,1,1,1,3,El dueño del restorant chino es amigo de mi pareja y juega basquetbol con el.,Muy buena,1,0,0,0,2,4,2,,,,,,,,,,3,4,0,0,0,0,0,0,0,1,0,,2,3,4,3
37965169-9660-4e43-b6ab-b25b366e0cb0,625061413,1,12/10/2024 13:50,12/10/2024 13:55,328,end,complete,1b5448354c44d109,P5_2#1#value,3,2,26,co_0,3,5,5,54,6,3,2,5,3,Nada,Nada,Nada,Nada,Nada,999,,1,100,999,,999,,999,,1,1,0,0,0,,,,3,4,1,2,4,2,2,2,3,Con ninguna,No tengo,1,0,0,0,2,4,1,0,0,0,0,1,0,0,0,,1,5,0,0,1,0,0,0,0,0,0,,2,2,2,3
dee6646f-a50a-4cef-a291-1860fef125ea,624689472,1,10/10/2024 15:31,10/10/2024 15:43,702,end,complete,1bfa79d049dd6bc0,P5_2#1#value|P5_1#1#value|P5_5#1#value|P5_4#1#value|P5_3#1#value,1,1,42,co_0,4,8,16,181,3,98,1,1,1,Sociedad rural,crisis del dólar,Grupos musicales pre hechos,Revolución francesa,Tren magnético,1,50,1,0,1,20,1,40,1,60,3,0,1,1,1,Shein,Xiaomi,Redmi,1,2,3,,1,2,1,1,2,"Primero contacto comercial, luego conversaciones personales.",Interesantes.,1,0,0,0,1,4,2,,,,,,,,,,2,5,0,0,0,0,0,1,1,0,0,,1,99,1,5
bfc42e3d-0442-461a-8f4f-3bd218fd6f8b,626173031,2,18/10/2024 16:50,18/10/2024 18:11,1296,end,complete,1c89d10d66d965c4,P5_4#1#value|P5_2#1#value|P5_5#1#value|P5_1#1#value|P5_3#1#value,3,1,59,co_0,6,8,16,175,2,98,1,3,1,Invasión,Capitalismo,Nada,Amistad,Tecnología,1,45,1,20,1,50,1,95,1,80,1,1,0,0,0,,,,3,1,1,4,2,2,2,1,3,Comercial,Normal,1,1,0,0,2,2,1,1,1,1,0,0,0,0,0,,3,4,0,0,1,0,1,0,0,0,0,,2,3,3,4
2676ff9a-bbbd-458b-92f1-4bd59e43bb9a,625017280,1,12/10/2024 3:13,12/10/2024 3:33,1214,end,complete,1cab8a54251c64c7,P5_2#1#value|P5_1#1#value|P5_4#1#value|P5_5#1#value|P5_3#1#value,3,2,45,co_0,5,5,5,47,6,98,1,7,2,Corea,El sueño americano,Nada,Paris,China,1,70,1,90,1,10,1,100,1,60,2,1,0,0,0,,,,2,4,1,3,2,1,1,1,4,CLIENTES,Buena,1,0,0,0,1,2,1,1,1,1,1,1,1,1,0,,1,5,0,0,1,0,0,0,0,0,0,,2,2,3,2
e5c35c6a-77e9-495a-9536-2ca954d26165,625069189,1,12/10/2024 15:08,12/10/2024 15:23,860,end,complete,1d23c897c2258a3b,P5_1#1#value|P5_3#1#value|P5_4#1#value|P5_2#1#value|P5_5#1#value,3,2,44,co_0,4,7,7,128,6,98,4,5,3,Potencia,Peligro,Misiles,Paseo,Potencia,1,80,1,90,1,80,1,60,1,80,2,1,0,0,0,,,,2,4,1,4,3,2,2,2,3,Nada de contacto,Nunca,0,1,0,0,2,2,1,0,1,0,0,0,0,0,0,,1,4,0,0,0,1,0,0,0,0,0,,99,3,4,4
59616845-5e84-4e2f-9038-134017d29d7a,624563608,1,09/10/2024 21:56,09/10/2024 22:08,729,end,complete,1f36638a314a60c4,P5_2#1#value|P5_4#1#value|P5_1#1#value|P5_3#1#value|P5_5#1#value,3,2,68,co_0,7,7,13,307,6,98,4,5,4,Tecnología,Viajes,Cultura,Perfumes,Trabajo,1,40,1,50,1,60,1,50,1,60,3,1,0,0,0,,,,3,4,1,3,2,2,2,2,3,En ninguno,No tengo,0,0,0,1,2,2,1,1,1,1,0,1,0,0,0,,4,5,0,0,0,0,0,0,0,0,1,No hay inversión,3,3,4,4
f6eba772-af3c-4e74-ae38-f2c32fbf8b01,624694779,1,10/10/2024 15:53,10/10/2024 16:17,1480,end,complete,1fb76c6179c7b609,P5_2#1#value|P5_3#1#value|P5_4#1#value|P5_5#1#value|P5_1#1#value|P20#98#value,1,1,70,co_0,7,9,2,8,3,8,1,5,1,inversor peligroso,comercio que se pierde,proveedor,digno de estudio en migrsacion,parecido a china,1,10,1,75,1,20,1,10,1,20,1,0,1,1,1,chery,xiaomi,nike,5,1,1,4,3,1,1,1,2,"por medio de mi hija, tiene una amiga importante",buenas. son personas muy educadas,0,1,0,0,2,3,1,0,0,0,0,0,0,0,1,"Son varias de las mencionadas, la encuesta es muy dirigida",4,4,0,0,1,0,1,0,0,0,0,,3,2,2,2
ce289d9b-a5ea-457b-9d67-7c37c1577f54,624928288,1,11/10/2024 17:04,11/10/2024 17:10,365,end,complete,20dfc30a0b2c5211,P5_1#1#value|P5_4#1#value|P5_3#1#value|P5_2#1#value|P5_5#1#value,3,2,25,co_0,3,3,3,22,6,98,4,5,3,buen proveedor,no lo se,"buen pais, normas fomes",Hermoso,Bueno,1,80,1,100,1,50,1,75,1,70,3,1,0,0,0,,,,5,4,1,3,3,2,2,1,2,En ambito estudios,"buenas, solo que no entiendo",1,0,0,0,2,1,1,0,0,0,0,0,0,0,1,"Empresas, locales",1,3,1,0,0,1,0,0,0,0,0,,2,1,4,4
a6d02320-e0b8-400c-b94a-6434e3d30432,624770942,1,10/10/2024 21:29,10/10/2024 21:46,1005,end,complete,20f2d88718667582,P5_5#1#value|P5_1#1#value|P5_2#1#value|P5_3#1#value|P5_4#1#value,3,2,65,co_0,7,7,10,236,4,98,2,8,2,Control,Organizacion,Innovación,Belleza,Respeto,1,60,1,90,1,90,1,80,1,70,2,0,1,1,1,Alibaba,Great wall,Changan,2,2,1,1,1,2,1,2,2,En el comercio,Amables,1,1,1,0,2,1,2,,,,,,,,,,4,5,0,0,0,0,0,0,1,1,0,,2,2,4,4
938f1bc2-0a33-49f9-8959-2ee1c8918ef8,624782004,1,10/10/2024 22:34,10/10/2024 22:42,479,end,complete,2145d01f02f9572c,P5_5#1#value|P5_3#1#value|P5_4#1#value|P5_2#1#value|P5_1#1#value,3,1,22,co_0,2,8,10,228,5,98,3,4,1,Xiaomi,Macdonalds,Hyundai,Paris,Sushi,1,50,1,60,1,80,1,30,1,80,1,0,1,1,1,Xiaomi,Chery,Changan,2,3,1,3,3,2,2,2,2,Mall chino,Buenas,1,0,1,0,1,4,2,,,,,,,,,,3,4,0,0,0,0,0,1,0,0,0,,2,2,3,4
0104eafb-7356-4846-9c46-3308b5faec84,625040016,1,12/10/2024 9:17,12/10/2024 9:32,863,end,complete,21513735cfbbc878,P5_2#1#value|P6A#2#value,3,2,45,co_0,5,5,16,190,6,98,3,3,1,Proveedor,Traidor y loa único que quiere es dominar y que hagan lo que elloa quieren,Genial,Paris,Pais asiatico,999,,1,0,999,,999,,999,,3,0,1,1,1,GMW.,Great wap poer,Changan,1,3,3,,3,1,1,1,3,Como vecinos en loa mismos mall,Muy buena,1,0,0,0,1,2,1,1,1,1,1,1,1,1,0,,4,3,0,0,0,0,0,1,0,1,0,,3,99,3,4
accd866e-ed94-4226-81fc-0bcd203c580f,624561609,1,09/10/2024 21:44,09/10/2024 21:53,581,end,complete,2152698568c34bbb,P5_2#1#value,3,2,55,co_0,6,7,13,300,4,98,4,2,1,Consumismo,Crisis,Conflicto,Desorden,Disciplina,999,,1,50,999,,999,,999,,1,1,0,0,0,,,,4,4,1,4,3,2,2,2,3,No tengo ningún contacto,No he interactuando,0,0,0,1,2,3,1,1,1,1,0,1,0,0,0,,1,4,0,1,0,0,0,0,0,0,0,,99,99,4,1
59776556-8266-423e-b856-bcf368dfaf71,625637377,1,16/10/2024 5:53,16/10/2024 6:20,1602,end,complete,2172d48a31d30951,P5_3#1#value|P5_4#1#value|P5_5#1#value|P5_2#1#value|P5_1#1#value,3,1,31,co_0,3,5,1,2,7,1,1,5,3,País super desarrollado,Un estado desarrollado,País liberal,Por si capital Paris,Por si cultura,1,90,1,85,1,80,1,81,1,90,1,0,1,1,1,Ali baba,Jac,Yuejin,2,1,1,3,3,2,1,2,2,No tengo,Normal como todo humano,1,1,0,0,2,2,2,,,,,,,,,,2,4,0,0,0,0,0,0,0,1,0,,3,3,4,3
a2b64a4b-eed1-4e9b-aacb-597f70b11766,624790231,1,10/10/2024 23:36,10/10/2024 23:46,561,end,complete,21f893a8c9093340,P5_4#1#value|P5_3#1#value|P5_2#1#value|P5_1#1#value|P5_5#1#value,3,2,24,co_0,2,8,4,26,7,98,3,7,4,Proveedor,Sueño americano,Corrupción,Vida tranquila,Tecnología,1,60,1,85,1,40,1,80,1,70,1,1,0,0,0,,,,3,3,3,,3,1,1,2,1,Comprando,Normal,1,1,0,0,2,2,1,1,0,0,0,0,0,1,0,,1,2,1,0,0,0,0,1,0,0,0,,3,2,4,4
dee429c8-5b2e-4b18-8ad3-3a13b4d38dbd,625002101,1,12/10/2024 0:16,12/10/2024 0:29,804,end,complete,2203fa2fa5c67647,P5_5#1#value|P5_4#1#value|P5_1#1#value|P5_3#1#value|P5_2#1#value,1,1,56,co_0,6,5,4,26,7,1,2,2,1,moll,visa,paseo,roma,comprador,1,10,1,50,1,30,1,20,1,10,1,1,0,0,0,,,,4,1,1,5,2,1,1,1,3,ninguna,buena siempre compro,1,1,1,0,2,2,1,1,1,1,0,0,0,0,0,,4,5,0,0,0,1,0,1,0,0,0,,1,3,4,4
60722c4b-79f5-433f-8ad1-68dd5cbd97bb,625579963,1,15/10/2024 21:21,15/10/2024 21:27,335,end,complete,224483480d85f03a,P5_2#1#value|P5_4#1#value|P5_5#1#value|P5_3#1#value|P5_1#1#value,3,1,36,co_0,4,6,1,1,6,98,3,5,2,Plata,Ladrones,Guetra,Perfume,Tegnologia,1,100,1,0,1,0,1,100,1,100,1,1,0,0,0,,,,4,3,1,5,2,1,1,1,1,Trabajos realizados para ellos,Excelentes personas,0,1,0,0,1,4,2,,,,,,,,,,1,4,0,0,0,0,0,0,1,0,0,,2,2,1,5
fff132ff-b548-4db6-8577-2fe39cf7aed5,624779635,1,10/10/2024 22:19,10/10/2024 22:29,582,end,complete,22dd0b1b116932d8,P5_2#1#value|P5_4#1#value|P5_5#1#value,1,1,68,co_0,7,8,4,26,2,98,4,3,1,muy grande,grande,no se,lindo,tecnologico,999,,1,60,999,,1,60,1,100,2,1,0,0,0,,,,1,1,1,5,3,2,2,2,2,"ninguna, nada","nada, ninguna",0,0,0,1,2,2,1,0,1,1,0,0,0,0,0,,4,5,0,0,1,0,0,0,0,0,0,,2,2,2,2
555f075c-7b7a-4b8a-b800-c67388c1e10c,625003300,1,12/10/2024 0:28,12/10/2024 0:37,572,end,complete,22fa19f414177271,P5_2#1#value|P5_3#1#value|P5_4#1#value|P5_5#1#value|P5_1#1#value,3,1,33,co_0,3,8,5,69,7,98,1,10,2,Mucha potencia,Potencia,Muy avanzados,Buenos,Buenos en todo,1,100,1,100,1,100,1,100,1,100,1,0,1,1,1,Alis express,Alibaba,Temu,5,1,1,5,3,1,1,1,4,Cuando voy ah moll chinos o restaurantes,Bien sin personas tratables,1,1,1,0,1,1,2,,,,,,,,,,3,5,0,0,0,0,0,1,1,0,0,,1,1,4,5
1050088b-910a-43d0-8be5-79930034e7d8,624760505,1,10/10/2024 20:37,10/10/2024 20:47,574,end,complete,230dc1158787c010,P5_5#1#value|P5_2#1#value|P5_1#1#value|P5_4#1#value,3,2,74,co_0,7,9,5,49,3,98,3,8,2,Una potencia economica,Desarrollo,Desarrollo,Revolucion,El país de la tecnologia,1,80,1,70,999,,1,60,1,80,2,1,0,0,0,,,,2,3,2,2,2,1,1,2,1,Solo al comprer,Buenas en general,1,0,0,0,2,2,1,0,0,0,0,1,0,0,0,,1,4,1,0,1,0,0,0,0,0,0,,3,3,4,4
8a9a84b6-4034-45cd-aa22-550bfdfc60ee,624883004,1,11/10/2024 13:34,11/10/2024 13:44,641,end,complete,233c6056da12d359,P5_5#1#value|P5_1#1#value|P5_2#1#value|P5_3#1#value|P5_4#1#value,3,1,23,co_0,2,5,9,196,5,98,3,8,2,Atención,Dolares,Calidad de vida,Paris,Tokio,1,60,1,30,1,99,1,78,1,80,3,0,1,1,1,Huawei,Xiaomi,Sany group,5,4,1,3,5,1,2,2,3,Cuando compro en sus locales o cuando por error cruzamos en la calle,Un poco desagradable,1,0,0,0,2,2,2,,,,,,,,,,3,2,1,0,1,0,0,0,0,0,0,,99,3,3,4
079c7272-04f6-4e65-97bf-cfe8c21e060d,624994752,1,11/10/2024 23:09,11/10/2024 23:20,668,end,complete,23a8bdc657b50024,P5_4#1#value|P6A#4#value,3,2,54,co_0,5,7,10,238,5,98,3,4,1,Mall,Controlador,Gente reprimida,Soñado,Tecnologia,999,,999,,999,,1,50,999,,1,0,1,1,1,Toyota,Changan,MG,5,4,3,,3,1,1,2,3,En todas las tiendas chinas que hay en mi ciudad,Regular,1,0,0,0,2,2,2,,,,,,,,,,4,5,0,0,1,0,0,0,0,0,0,,2,3,3,5
8bcd90c7-b210-4c56-b5d7-54d7cea6edd7,624977274,1,11/10/2024 21:15,11/10/2024 21:44,1682,end,complete,23c7524a3a14212d,P5_4#1#value|P5_1#1#value|P5_3#1#value|P5_2#1#value|P5_5#1#value,3,2,51,co_0,5,6,8,161,5,98,3,8,2,Proveedor del mundo,Potencia,Horror,"Vacaciones, lugar a conocer","Tecnología, equilibrio",1,50,1,70,1,10,1,70,1,80,2,0,1,1,1,Changan,Xiomi,Grett wall,2,2,1,3,3,1,1,2,4,En los Mall y restoranes,Normales,0,0,0,1,2,2,1,1,1,1,0,1,0,1,1,Transporte,4,4,0,0,1,0,0,0,1,0,0,,2,2,4,4
f8a76f16-5103-414b-85ba-8d353e4fc738,624555841,1,09/10/2024 21:09,09/10/2024 21:48,2343,end,complete,23dbbbb481ac359f,P5_2#1#value|P5_3#1#value|P5_5#1#value|P5_1#1#value|P5_4#1#value,3,2,21,co_0,2,3,5,60,7,3,3,2,1,Fabricasion en masa,Aliado,Regimen,Comida,Exportacion,1,100,1,100,1,100,1,100,1,100,1,0,1,1,1,Flawuers,Hoo,Hi,2,3,3,,5,1,1,1,4,Cua do compro comida o voy a ver tiendas del centro,Mm buenas,0,0,0,1,1,2,1,1,1,1,0,0,0,1,1,Limitacion de tierras protejidas,3,4,0,0,0,0,0,0,1,1,0,,1,1,2,4
917a94c6-f739-4054-8710-b1c1e0f2f545,624743157,1,10/10/2024 19:16,10/10/2024 19:25,504,end,complete,23ddcb7545cdadf0,P5_5#1#value|P5_4#1#value|P5_2#1#value|P5_1#1#value|P5_3#1#value,1,2,71,co_0,7,8,10,236,3,98,3,5,1,pobreza,ignorantes,fragilidad,historia,hacinamiento,1,20,1,30,1,50,1,70,1,40,1,1,0,0,0,,,,5,3,2,3,3,1,2,2,4,"ninguna, excepto comprar en mall chino",mala. son mal educados,1,1,1,0,1,4,1,1,1,1,0,1,0,0,0,,4,3,1,0,1,0,0,0,0,0,0,,99,3,3,2
d741657a-948d-49a8-ac86-0f7e154c47c0,625536199,1,15/10/2024 18:05,15/10/2024 18:16,656,end,complete,241717c05f02a301,P5_4#1#value|P5_3#1#value|P5_2#1#value,3,1,25,co_0,3,5,16,175,5,98,4,5,3,Nuevo imperio,Entrometidos,Emergente,Viejo Imperio,Emergente,999,,999,,1,45,1,40,999,,1,1,0,0,0,,,,3,3,2,3,3,1,2,2,3,Ninguna,Ninguna,0,0,0,1,2,1,1,1,1,0,0,1,0,1,0,,3,5,0,0,1,0,0,1,0,0,0,,1,3,4,4
10286857-2b91-4dca-bd3f-257ad89e1c02,624926866,1,11/10/2024 16:58,11/10/2024 17:05,458,end,complete,241bf2ab1ba8ba14,P4_4|P5_2#1#value|P5_5#1#value|P5_1#1#value|P5_3#1#value|P5_4#1#value,3,2,19,co_0,2,7,6,79,5,98,1,5,1,sobrepoblación,oportunidad de vida,cantantes de k pop,mal olor ahsjdj,comida oriental,1,20,1,90,1,40,1,50,1,40,1,0,1,1,1,not co,carozzi,colun,4,2,3,,3,1,2,2,2,"restaurantes chinos, mall chinos y transporte (metro)","me es indiferente, son personas tranquilas y no dan mucho de que hablar",1,1,0,0,2,3,1,1,1,1,0,0,0,1,0,,2,4,0,0,0,0,0,1,1,0,0,,2,1,2,2
1c4f7b33-3aeb-4309-b85d-55fea881da24,624756301,1,10/10/2024 20:16,10/10/2024 20:23,416,end,complete,241f2ba1ba52f131,P5_1#1#value|P5_2#1#value|P5_3#1#value|P5_4#1#value|P5_5#1#value,3,2,23,co_0,2,5,6,92,7,98,2,5,3,Inteligencia,Gringos,Chinitos,Franceses,Nada,1,80,1,80,1,50,1,30,1,40,1,1,0,0,0,,,,4,1,3,,5,1,2,1,1,Moll ventas chinas,Solo pago de mi compra,1,0,0,0,2,1,2,,,,,,,,,,2,4,0,0,0,0,0,0,1,0,0,,2,2,2,3
4f8e9e7d-cb3e-46b1-acc2-3ea7b2601e97,624983950,1,11/10/2024 21:57,11/10/2024 22:07,599,end,complete,244a2d341882b1dd,P5_5#1#value|P5_3#1#value|P5_1#1#value|P5_4#1#value|P5_2#1#value,3,2,53,co_0,5,5,8,165,6,3,3,6,2,Jackie Chan,Disney,División,Torre Eiffel,Disciplina,1,50,1,40,1,80,1,60,1,100,1,0,1,1,1,Aliexpress,Huawei,Alibaba,5,4,1,4,3,2,2,1,3,Dueña de local chino,"Poca, pero han sido respetuosas, de buena experiencia",1,0,0,0,2,1,1,1,1,0,0,1,0,1,0,,2,4,0,0,1,0,0,0,0,0,0,,3,3,4,4
7e30ba85-34f8-4629-88bc-dcb417d9a228,624707382,1,10/10/2024 16:42,10/10/2024 17:15,1986,end,complete,24bc26a8f9d22c26,P5_2#1#value|P5_5#1#value|P5_1#1#value|P5_4#1#value,3,2,68,co_0,7,8,2,8,4,98,3,7,2,Tecnologia,Elecciones,Violencia,Juegos olimpicos,Tecnologia,1,50,1,70,999,,1,80,1,70,2,1,0,0,0,,,,2,3,2,3,3,2,2,2,3,"Directamente no tengo, solo cuando entro a un mall chino",Buena,1,1,0,0,2,4,1,0,1,0,0,0,0,0,0,,2,4,0,0,0,0,0,1,1,0,0,,3,2,4,4
1b006cae-5c5c-4019-aa41-f45a9157238b,625181692,1,13/10/2024 19:32,13/10/2024 19:54,1280,end,complete,255b1c15952642d7,P5_3#1#value,3,1,53,co_0,5,7,3,17,6,98,1,10,3,Es un inversor importante,Es un país más que importante es interesante en relaciones comerciales como diplomaticas,De relaciones entre los dos países es importante ya que se puede tener una importante relación cometcial,Importante en relaciones políticas y diplomatica,Es de tecnología importante,999,,999,,1,100,999,,999,,1,1,0,0,0,,,,2,1,2,5,1,2,2,1,1,No tengo,No tengo interacción,1,0,0,0,2,2,2,,,,,,,,,,4,4,0,0,0,0,0,1,0,0,0,,2,1,2,4
6ba6b0cb-389a-49e4-bf90-ed59ac622b5c,624556011,1,09/10/2024 21:10,09/10/2024 21:19,518,end,complete,25a92d6f09ff4fac,P5_3#1#value|P5_4#1#value|P5_1#1#value|P5_5#1#value|P5_2#1#value,3,1,70,co_0,7,7,15,343,5,98,2,8,2,Tradiciones,Economía,Tecnología,Torre eifel,Cultura,1,99,1,100,1,100,1,100,1,100,1,1,0,0,0,,,,3,2,1,4,2,1,2,2,4,No tengo,No tengo,0,1,0,0,2,1,2,,,,,,,,,,2,5,0,0,1,0,0,0,0,0,0,,99,1,2,1
09d62b1a-698e-4a0c-bd22-7fcf71cfdbd9,624692428,1,10/10/2024 15:44,10/10/2024 15:50,350,end,complete,25d6f8825f0bf2d7,P5_3#1#value|P5_1#1#value|P5_5#1#value|P5_2#1#value|P5_4#1#value,3,2,20,co_0,2,4,10,237,5,98,1,5,3,Tecnología,Cantantes,Kpop,Pan,Anime,1,70,1,20,1,50,1,50,1,50,3,1,0,0,0,,,,1,3,3,,2,1,2,1,1,En tiendas o restaurantes,Buena,1,0,0,0,1,2,1,0,0,0,0,0,0,1,0,,3,4,0,0,0,0,0,0,0,1,0,,2,99,1,4
802138f0-a3e7-4c6a-af85-3046e6fdb735,624753706,1,10/10/2024 20:03,10/10/2024 20:07,206,end,complete,25f21f01fb62b603,P5_3#1#value|P5_4#1#value|P5_5#1#value|P5_2#1#value|P5_1#1#value,3,2,20,co_0,2,7,10,228,7,98,3,5,1,Ramen,Donnal trump,Chinos,Torre,Sushi,1,10,1,100,1,40,1,90,1,50,1,1,0,0,0,,,,5,4,3,,3,2,2,2,3,Ningun contacto,Sus aplicaciones,1,0,0,0,2,3,1,0,0,0,0,0,0,1,0,,3,3,0,0,0,0,1,0,0,0,0,,3,2,3,3
8ac8bec4-5094-4ccb-a4fa-e36fe5f53a39,624553963,1,09/10/2024 20:59,09/10/2024 21:26,1641,end,complete,2632f36a102240a9,P5_2#1#value|P5_3#1#value|P5_5#1#value|P5_1#1#value|P5_4#1#value|P6A#3#value,1,1,54,co_0,5,8,13,311,2,98,3,3,1,mucha gente,huracan,kpop,olimpiadas,samurai,1,60,1,70,1,80,1,90,1,80,1,0,1,1,1,great wall motors,mg,jac,2,3,1,5,2,1,1,2,2,compra en mall chionos,serios,1,1,1,0,2,2,2,,,,,,,,,,1,4,0,0,0,0,0,0,1,0,0,,2,2,4,2
aace047a-a7b7-4390-9ba2-e83237fd4a68,624784326,1,10/10/2024 22:50,10/10/2024 23:06,1003,end,complete,26f76fd6b276237d,P5_2#1#value|P5_5#1#value|P5_4#1#value|P5_3#1#value|P5_1#1#value,1,1,64,co_0,6,7,2,8,4,98,2,5,1,potencia ecómica,potencia,comercio,europa / bello,tecnología,1,80,1,90,1,80,1,100,1,100,1,0,1,1,1,hawei,lenovo,chery,2,2,1,2,2,2,1,2,1,"mall, restaurant",buena,0,1,0,0,2,4,1,1,1,1,0,0,0,1,0,,3,5,0,0,1,0,0,1,0,0,0,,3,3,3,3
ec7e7b0d-1660-4403-a1ed-fc43b8fde07d,624562188,1,09/10/2024 21:47,09/10/2024 21:54,411,end,complete,27140c905558d4c3,P5_2#1#value,3,2,28,co_0,3,5,13,311,5,98,1,5,4,Nada,Nada,Nada,Nada,Nada,999,,1,50,999,,999,,999,,3,1,0,0,0,,,,3,1,2,3,3,2,2,2,2,Ninguna,Ninguna,0,0,0,1,2,2,2,,,,,,,,,,1,4,0,0,0,0,0,1,1,0,0,,99,99,4,3
6303946e-3b81-44c4-8ed7-b8871b312b9c,625358368,1,14/10/2024 21:14,14/10/2024 21:23,509,end,complete,2768d384339cbc02,P5_1#1#value|P5_5#1#value|P5_2#1#value|P5_3#1#value|P5_4#1#value|P6A#4#value,3,1,33,co_0,3,7,6,89,5,8,1,5,1,Produxtos exportacion,Trump,Gobierno militar,Paris,Kay pop,1,70,1,80,1,50,1,50,1,70,3,0,1,1,1,Jim,Haval,JMC,2,3,2,4,3,1,1,2,4,Mall chino,Solo de comprador,1,0,0,0,2,1,1,1,0,0,0,0,0,0,0,,4,4,0,0,0,1,0,1,0,0,0,,99,99,3,4
2143af70-10f7-4e5e-9e0c-1ebe0be92405,624770092,1,10/10/2024 21:25,10/10/2024 21:34,521,end,complete,278b3bafc1052780,P5_5#1#value|P5_1#1#value|P5_2#1#value|P5_4#1#value|P5_3#1#value,3,2,20,co_0,2,7,13,311,7,3,3,5,1,Tecnologia,Trabajo,Mafia,Turismo,Videojuegos,1,60,1,80,1,30,1,90,1,80,1,1,0,0,0,,,,2,3,1,3,3,1,1,2,3,Comprando en negocios,Buena y no hablan,1,1,0,0,2,1,1,0,0,1,0,0,0,0,0,,1,4,0,0,0,0,1,0,0,1,0,,2,3,2,3
cce596c7-d2c1-479c-a3b4-9d019182357d,624992183,1,11/10/2024 22:50,11/10/2024 23:00,601,end,complete,2790cc3fc395a531,P5_5#1#value|P5_1#1#value|P5_4#1#value|P5_2#1#value,3,2,48,co_0,5,7,6,79,5,5,2,8,2,Electrodoméstico,Su bandera,Nada,Torre eiffel,Cerezo en flor,1,80,1,80,999,,1,80,1,80,1,1,0,0,0,,,,3,2,1,3,4,1,1,1,2,Compañero de trabajo,Buenas,1,0,0,0,2,1,1,0,1,1,0,1,0,0,0,,2,4,0,0,0,0,1,0,0,0,0,,3,99,4,4
13e4c5a5-e804-498d-a4b8-b1e5d9662e59,624972933,3,11/10/2024 20:50,11/10/2024 20:58,561,end,complete,27ac02b90ff4f836,P5_5#1#value|P5_3#1#value|P5_4#1#value|P5_2#1#value|P5_1#1#value,3,1,35,co_0,4,7,8,148,6,98,1,10,2,Changan,Ford,Kia,Peugeot,Honda,1,100,1,70,1,40,1,50,1,60,1,0,1,1,1,Changan,Chery,Aliexpress,3,3,1,3,3,1,2,2,2,Con aliexpress,Buena,1,1,0,0,1,3,1,1,1,1,0,1,1,1,0,,3,5,0,0,0,0,0,1,0,1,0,,2,3,1,5
e5da33f1-82b4-4683-8742-4d925cd807e2,626214897,1,18/10/2024 20:22,18/10/2024 20:32,642,end,complete,27b0702b87729a74,P5_1#1#value,3,1,30,co_0,3,5,1,1,7,98,1,5,3,Creciendo,Tiroteos,Modernidad,No es lo que dicen,Moderno,1,1,999,,999,,999,,999,,1,1,0,0,0,,,,2,1,3,,2,2,2,1,2,En elvtrabajo,Buenas,1,0,0,0,2,1,1,1,1,1,0,1,0,1,0,,4,4,0,0,0,0,0,1,0,1,0,,3,2,2,3
ef7511a5-3585-4c31-979f-5c7778adfa68,624712930,1,10/10/2024 17:06,10/10/2024 17:12,331,end,complete,27c8431f9b22816a,P5_4#1#value|P5_1#1#value|P5_5#1#value|P5_2#1#value|P5_3#1#value,3,1,23,co_0,2,5,14,331,6,98,3,8,2,Proveedor,Ropa,Series,Elegancia,Belleza,1,80,1,92,1,86,1,80,1,90,1,1,0,0,0,,,,3,3,1,3,3,2,2,2,4,Ninguno,Bueno,1,1,0,0,2,3,1,0,1,0,0,0,0,0,0,,3,4,0,1,0,0,1,0,0,0,0,,2,2,2,4
c088bd95-2409-4c00-8891-8524ce80deef,625297712,1,14/10/2024 16:19,14/10/2024 16:28,575,end,complete,28d6c17df435b527,P5_2#1#value,3,1,40,co_0,4,6,6,79,6,98,3,5,3,Cultura,Grande,Paisaje,Turismo,Proveedor,999,,1,50,999,,999,,999,,2,1,0,0,0,,,,3,3,1,3,3,2,2,2,2,Respaurante,Pocas,1,0,0,0,2,2,2,,,,,,,,,,4,3,0,0,0,0,0,0,0,1,0,,2,2,4,3
94dda77e-304a-459d-a666-412bbb8487e9,625544865,4,15/10/2024 18:43,15/10/2024 19:55,2453,end,complete,295902a6abd5cb2c,P5_1#1#value|P5_4#1#value|P5_3#1#value|P5_2#1#value,1,1,53,co_0,5,8,16,175,6,98,3,8,2,proovedor,inversion,nada,perfume,proveedor,1,60,1,100,1,0,1,50,999,,2,0,1,1,1,huawei,xiomi,honor,2,3,1,5,2,1,2,2,3,ninguna no conozco,no conozco,1,0,0,0,2,4,2,,,,,,,,,,4,5,0,0,0,0,0,0,1,0,0,,3,3,4,4
e0f50104-5c35-435e-b0bb-926019ff4b05,625011510,1,12/10/2024 1:58,12/10/2024 2:24,1521,end,complete,299402f940c6f565,P5_2#1#value,3,2,59,co_0,6,4,5,49,6,98,3,8,2,Moll chinos,La bandera,No lo conosco,Latorre eiffel,Tv kiotto,999,,1,100,999,,999,,999,,2,1,0,0,0,,,,3,3,3,,3,2,2,2,2,Mall chinos,Pocas veces solo compras,0,0,0,1,2,3,1,0,0,0,0,0,0,1,0,,2,3,0,0,0,0,0,1,0,0,0,,3,3,4,3
d8ff6d53-c5eb-4e0a-930b-1a64adc0079f,625112032,1,13/10/2024 0:50,13/10/2024 0:59,545,end,complete,2a6d206728fdc1a7,P5_2#1#value|P5_3#1#value|P5_5#1#value|P5_1#1#value|P5_4#1#value,3,1,64,co_0,6,7,6,101,5,9,1,5,1,Vanguardia,Modernidad,Progreso,Tradición,Tradicional,1,80,1,60,1,80,1,75,1,70,3,0,1,1,1,Chery,Temu,Sangyon,2,2,1,5,5,1,2,2,3,Ni tengo contacto.,No he tenido contacto,1,1,0,0,2,4,1,1,1,1,0,1,0,0,0,,1,2,0,0,0,0,0,1,0,1,0,,3,99,3,3
e9168505-b8bc-42c7-876b-32156872f5a7,624554006,1,09/10/2024 20:59,09/10/2024 21:06,448,end,complete,2a6dd04125255f45,P5_4#1#value|P5_3#1#value|P5_2#1#value|P5_1#1#value|P5_5#1#value|P6A#2#value,3,2,25,co_0,3,8,13,288,4,7,1,6,1,Murralla,Torres gemelas,Kpop,Pastas,Tokio,1,100,1,100,1,100,1,100,1,100,1,0,1,1,1,Mg,Jac,Xiaomi,5,1,1,3,1,1,1,1,1,Por el mall chino,Son amables,1,0,0,0,1,4,1,0,1,1,0,0,0,0,0,,4,5,0,1,0,0,1,0,0,0,0,,1,1,1,4
67a619b7-2fb0-4d9d-b1bb-b994ea8ae575,624720627,1,10/10/2024 17:38,10/10/2024 17:47,581,end,complete,2ba5624da283a043,P5_5#1#value|P5_2#1#value|P5_3#1#value|P5_1#1#value|P5_4#1#value,1,1,71,co_0,7,7,12,268,3,1,4,5,1,Comunismo/Capitalismo,Neo liberalismo,Industria,Democracia,Robótica,1,50,1,50,1,90,1,100,1,90,1,1,0,0,0,,,,4,2,1,3,3,2,2,2,1,"En ninguna circunstancia, salvo las compras que se realizan y son de manufactura china.",Ninguna interacción.,1,1,1,0,2,4,1,1,1,1,0,1,0,1,0,,3,4,1,0,0,0,1,0,0,0,0,,3,2,4,4
84b6e0a7-880c-40ba-b39b-5dae43f97634,625082757,4,12/10/2024 17:43,12/10/2024 19:19,1135,end,complete,2baf1f5dac932ba7,P5_3#1#value|P5_4#1#value|P5_5#1#value|P5_1#1#value|P5_2#1#value,3,2,45,co_0,5,5,12,268,6,98,3,5,1,Sushi,Disney,Kpop,Torre eiffel,Anime,1,80,1,70,1,90,1,80,1,80,1,0,1,1,1,Changan,Xiaomi,Honor,4,3,2,3,4,2,1,2,2,Solo al ir a comprar,Ellos hablan español,1,0,0,0,1,1,1,0,0,0,0,1,0,0,0,,3,4,1,0,0,0,0,0,0,0,0,,3,3,2,5
12629e4b-c9d4-427c-bc0e-28987e227cd6,625099221,1,12/10/2024 21:17,12/10/2024 21:26,508,end,complete,2bca7b23f9b0625f,P5_5#1#value|P5_1#1#value|P5_4#1#value|P5_3#1#value|P5_2#1#value,3,2,26,co_0,3,8,2,12,5,4,3,7,1,Electrodomésticos buenos,Trabajos rentables,Vida rigida,Spaguetti,Tecnología avanzada,1,100,1,100,1,50,1,100,1,100,3,1,0,0,0,,,,3,4,3,,3,1,1,2,1,"En tiendas Chinas, restaurantes chinos",Buena,1,1,0,0,2,3,1,0,1,0,0,0,0,0,0,,4,3,0,0,0,0,0,1,0,0,0,,2,2,3,3
bb94f0ed-14fb-4694-9931-16a31fcdf85e,625529617,1,15/10/2024 17:35,15/10/2024 17:46,639,end,complete,2bcc6b47a9df9932,P5_4#1#value|P5_5#1#value|P5_3#1#value|P5_1#1#value|P5_2#1#value|P6A#3#value,3,1,62,co_0,6,7,16,175,4,98,2,6,2,Opresion,Libertad,Inversion,Elegancia,Tecnología,1,39,1,100,1,70,1,80,1,100,1,0,1,1,1,Changan,Mg,Gerdau,2,3,3,,4,1,1,1,2,En mall chino,Bien no hay mayor compromiso,0,1,0,0,2,2,2,,,,,,,,,,4,5,1,0,1,0,0,0,0,0,0,,3,1,2,2
e4683da7-1ae8-4e89-b526-73573e801ef4,625793953,1,16/10/2024 21:14,16/10/2024 21:26,738,end,complete,2ca0f71cd1af8336,P5_5#1#value|P5_3#1#value|P5_4#1#value|P5_2#1#value|P5_1#1#value,3,1,31,co_0,3,5,16,180,6,3,3,6,2,Aliexpress,Dolar,Kia,Torres eifel,Shushi,1,70,1,70,1,60,1,60,1,60,1,0,1,1,1,Huawei,Xioami,Aliexpress,4,3,3,,3,1,2,2,2,Cuando me dirijo a comprar algún producto a sus locales,Buena,1,0,0,0,2,1,1,1,0,0,0,0,0,0,0,,3,4,0,0,0,0,1,0,0,0,0,,3,2,3,4
9f895e47-968c-40a8-9c47-ac30747b6739,625015123,1,12/10/2024 2:44,12/10/2024 2:56,712,end,complete,2cffa23175a9a882,P5_3#1#value|P5_2#1#value|P5_1#1#value,3,2,59,co_0,6,5,1,2,5,98,4,5,1,Trabajo,Vacaciones,Guerra,Vacaciones,Trabajo,1,5,1,5,1,0,999,,999,,3,1,0,0,0,,,,3,4,1,3,3,1,1,1,2,Familiares,Normal,0,0,0,1,2,4,1,1,0,0,0,0,0,0,0,,4,3,0,0,1,0,0,0,0,0,0,,99,99,3,5
7639a9c5-f563-4383-9e8b-0827d65c0d8d,624554903,1,09/10/2024 21:04,09/10/2024 21:37,1939,end,complete,2d1af1b7f69dc195,P5_2#1#value|P5_4#1#value|P5_5#1#value|P5_3#1#value|P5_1#1#value,3,2,37,co_0,4,5,13,305,5,98,3,1,4,AliExpress,Disney,"Seúl, paisajes, cafeterías",Torre eiffel,Sushi,1,30,1,50,1,90,1,40,1,70,3,1,0,0,0,,,,1,3,3,,3,1,1,1,2,Trabajo con persona de China,Bien un poco difícil por su idioma pero muy generosa,1,0,0,0,2,1,2,,,,,,,,,,2,4,0,0,0,0,0,0,1,0,0,,2,2,3,3
798c34b2-f461-40d9-abaf-985de3d13607,625958506,3,17/10/2024 16:54,17/10/2024 17:11,1001,end,complete,2f48f991f542752b,P5_3#1#value|P5_5#1#value|P5_2#1#value|P5_4#1#value|P5_1#1#value|P6A#2#value|P6A#3#value,3,1,40,co_0,4,8,3,18,4,98,3,5,4,Consumismo,Herramientas,Anime,Perfume,Tecnologia,1,20,1,50,1,0,1,50,1,100,1,0,1,1,1,Byd,Mg,Changan,4,3,3,,3,2,2,1,3,Conocidos de amigos,Buenas,0,0,0,1,2,3,1,1,1,1,0,0,0,0,0,,1,4,1,0,0,0,0,0,0,0,0,,2,2,4,4
723c92ef-bb97-45a0-9618-9e64ab38e18f,624966521,1,11/10/2024 20:10,11/10/2024 20:33,1328,end,complete,304997177a5057b6,P5_1#1#value|P5_4#1#value|P5_5#1#value|P5_2#1#value,3,1,33,co_0,3,4,6,79,6,1,1,5,4,Tecnologia,Oportunidades,Comunismo,Bonito pais,Tecnologia,1,80,1,90,999,,1,100,1,90,2,0,1,1,1,Lifan,Foton,Great wall,2,2,1,2,2,2,2,1,3,En mall y restaurantes,Intrascendentes,1,0,0,0,2,1,1,0,1,1,0,0,1,0,0,,3,4,0,0,0,0,0,0,1,1,0,,3,2,4,3
eaba72f0-8cd0-4476-8f1a-ec960e4d62ac,625077096,1,12/10/2024 16:40,12/10/2024 16:46,336,end,complete,3085587fff6d9dab,P5_2#1#value|P5_1#1#value|P5_5#1#value|P5_3#1#value|P5_4#1#value,3,2,37,co_0,4,7,6,79,6,1,1,5,2,Covid,Trump,Kimjong un,París,Nose,1,50,1,100,1,0,1,70,1,50,1,1,0,0,0,,,,2,3,1,2,5,2,1,1,2,En restaurante,Muy breves y precisas,0,0,0,1,2,2,1,1,0,1,0,1,0,0,0,,3,4,0,0,1,0,0,1,0,0,0,,3,1,2,4
967c75d6-82fd-47b6-9c95-27e28617f320,624563650,1,09/10/2024 21:56,09/10/2024 22:04,456,end,complete,30b412a528000f4a,P5_4#1#value|P5_3#1#value|P5_1#1#value|P5_2#1#value|P5_5#1#value,3,2,30,co_0,3,8,13,298,4,9,3,2,1,Potencia,Ambición,División,Revolución francesa,Tecnología,1,60,1,50,1,40,1,80,1,90,1,0,1,1,1,Shein,Chery,Changan,2,3,2,3,4,1,1,2,1,Compras aplicaciones internet,Buena,1,1,1,0,2,4,1,0,1,1,0,0,0,0,0,,2,4,0,1,0,0,1,0,0,0,0,,2,3,1,4
eac285c0-eed7-49d8-97ff-8a112274d3dd,624710785,1,10/10/2024 16:57,10/10/2024 17:38,2505,end,complete,30c523c67366a422,P5_5#1#value|P5_4#1#value|P5_1#1#value|P5_3#1#value|P5_2#1#value,3,2,22,co_0,2,7,1,2,4,1,2,5,1,Comunismo,Trump,KPOP,Torre Eiffel,Tokio,1,0,1,80,1,97,1,70,1,80,1,0,1,1,1,"Ariel,Benedictino",Benedictino,Essence,3,3,3,,3,2,2,2,4,Ninguna no conozco a nadie,Me he encontrado en Zofri pero nunca me han hablado,1,0,0,0,2,3,1,0,1,0,1,0,0,1,0,,1,4,1,0,1,0,0,0,0,0,0,,3,2,2,4
98ca91ba-9a81-4343-bf88-94a7e62e6d8c,624565749,1,09/10/2024 22:09,09/10/2024 22:18,559,end,complete,30c951ccb9442b39,P5_2#1#value|P5_4#1#value|P5_1#1#value|P5_5#1#value,1,1,71,co_0,7,7,13,298,4,98,3,10,2,Variedad de productos,Disney,No sé,Torre Eiffel,Autos,1,100,1,100,999,,1,90,1,95,2,1,0,0,0,,,,1,3,1,5,1,1,1,2,3,Ninguno.,Nada.,0,0,0,1,2,1,1,1,0,0,0,0,0,0,0,,2,5,0,0,0,0,0,1,0,0,0,,1,1,1,5
1b9f97b3-35e2-4626-a297-50e22d4e080f,624994581,1,11/10/2024 23:08,11/10/2024 23:20,746,end,complete,312dafda53cba27d,P5_1#1#value|P5_2#1#value|P5_5#1#value|P5_4#1#value|P6A#4#value,3,2,46,co_0,5,5,8,153,6,98,3,5,2,Muy poblado,Torres gemelas,Militar,Torre eifel,Tecnología,1,50,1,50,999,,1,60,1,80,1,0,1,1,1,Changan,Haval,Byd,4,3,1,4,2,2,2,2,1,Solamente cuando voy hacer compras.,Poca interacción,0,1,0,0,1,2,1,1,1,1,0,0,0,1,0,,4,4,1,0,0,0,1,0,0,0,0,,2,2,4,3
7e1ec35f-a5a8-490f-8f91-69eee6a51697,624779598,5,10/10/2024 22:19,10/10/2024 22:43,1433,end,complete,313a0867722c24fb,P4_2|P4_1|P4_5|P4_3|P4_4|P5_4#1#value|P5_2#1#value|P5_1#1#value,1,2,69,co_0,7,5,9,196,5,98,3,10,3,??,??,??,??,??,1,50,1,50,999,,1,50,999,,1,1,0,0,0,,,,2,1,1,3,2,2,2,2,2,En  el comercio,"Buena , la mayoria muy amable",0,1,0,0,2,4,1,1,1,1,0,0,1,1,0,,1,4,0,0,0,0,0,0,1,0,0,,3,3,4,4
0584fc8a-79df-4a8d-9b56-53d8692ac350,625976591,1,17/10/2024 18:15,17/10/2024 18:31,975,end,complete,31431dda99252205,P5_3#1#value|P5_1#1#value|P5_5#1#value|P5_2#1#value|P5_4#1#value,1,1,63,co_0,6,7,1,1,4,98,4,6,1,produccion,modernidad,paciencia,nada,tecnología,1,100,1,100,1,80,1,90,1,100,3,1,0,0,0,,,,2,3,1,3,2,2,2,2,3,"mall chino, restaurante",muy buenas,0,0,0,1,2,3,1,1,1,0,0,1,0,0,0,,4,4,0,0,0,0,0,1,0,0,0,,1,2,3,5
53418e7d-9489-47d9-8cb2-a078d2f023b2,624926749,1,11/10/2024 16:57,11/10/2024 17:05,472,end,complete,315530f57c4761c9,P5_3#1#value|P5_4#1#value|P5_1#1#value|P5_2#1#value|P5_5#1#value,3,1,23,co_0,2,7,3,22,5,1,1,5,3,Estricta sociedad,Economía curiosa,Nada que decir,A nadie le cae bien,Ejemplar cultural,1,40,1,70,1,50,1,20,1,100,1,0,1,1,1,Toyota,Mitsibichi,Nintendo,3,1,1,3,4,2,2,2,4,En tiendas chinas.,De vendedor a comprador,1,0,0,0,2,3,2,,,,,,,,,,2,3,1,0,0,0,0,0,1,0,0,,2,1,4,3
4c61f67b-f08b-46a6-aa91-845ca12c7bef,624993922,3,11/10/2024 23:03,11/10/2024 23:21,1203,end,complete,316c50d3dc445503,P5_3#1#value|P5_2#1#value|P5_5#1#value|P5_1#1#value|P5_4#1#value,3,2,53,co_0,5,6,8,149,5,3,3,8,2,Productos,Gringos,Kdramas,Nada,Compras,1,80,1,90,1,100,1,70,1,80,3,1,0,0,0,,,,2,3,3,,3,2,2,2,4,Solo en compras,Muy poco contacto,0,0,0,1,2,3,1,1,1,0,0,0,0,0,0,,3,2,0,0,0,0,0,0,1,0,0,,2,1,1,4
ca872f81-dc58-4d83-8237-ec74dcecb324,624974674,1,11/10/2024 21:00,11/10/2024 21:10,574,end,complete,320b2982ab9c804b,P5_3#1#value|P5_5#1#value|P5_2#1#value|P5_1#1#value|P5_4#1#value,3,1,54,co_0,5,7,15,343,6,98,3,5,1,Inversión,Capitalismo,Comunismo,Libertad,Cultura,1,50,1,50,1,20,1,50,1,100,3,1,0,0,0,,,,2,3,3,,3,1,2,2,2,En la compra de artículos de los mall chinos,Baja pero bien.,0,0,0,1,1,2,1,0,1,1,0,0,0,0,0,,2,5,0,0,1,0,0,1,0,0,0,,3,1,4,3
9d0c20bd-9e03-487a-a103-62d76c226ceb,624971008,1,11/10/2024 20:38,11/10/2024 20:59,1256,end,complete,32244159c7c402c6,P5_3#1#value|P5_1#1#value|P5_4#1#value|P5_5#1#value|P5_2#1#value,3,2,56,co_0,6,7,7,112,5,98,3,4,1,Importaciones,Importaciones,Dictadura,Torre Eiffel,Electronica,1,40,1,40,1,30,1,50,1,50,1,1,0,0,0,,,,4,4,1,3,3,2,2,2,2,En el comercio,Buena,0,0,0,1,2,3,1,1,0,0,0,0,0,0,0,,3,4,0,0,0,1,0,0,0,0,0,,2,2,4,4
8f36ecb6-db2c-47fe-ab43-1b60568b6de8,624693007,1,10/10/2024 15:46,10/10/2024 16:03,1014,end,complete,3278b3a6fd0c3b11,P5_3#1#value|P5_5#1#value|P5_1#1#value|P5_4#1#value|P5_2#1#value,3,2,68,co_0,7,7,10,247,5,3,3,5,1,Sobre poblado,Uracanes,Cosmopolitan,Chalecos amarillos,Tecnologia,1,50,1,50,1,100,1,70,1,100,1,0,1,1,1,Xiaomi,Huawei,Aliespress,4,3,1,3,3,1,2,1,3,Dueños de un restaurante,Buena,0,1,1,0,2,3,1,1,0,1,0,0,0,0,0,,4,3,0,1,0,0,0,0,1,0,0,,2,99,4,4
20665107-b9dc-480a-bc09-b22dc9a2d392,624971304,1,11/10/2024 20:39,11/10/2024 20:50,635,end,complete,3306161a86b86d08,P5_5#1#value|P5_3#1#value|P5_2#1#value|P5_1#1#value|P5_4#1#value,3,1,41,co_0,4,5,6,100,7,3,1,5,4,Cultura,Oportunidad,Distador,Torre eifel,Comida,1,15,1,50,1,2,1,40,1,10,2,1,0,0,0,,,,3,3,1,3,3,2,2,2,1,Cuando compre,Buenos,1,1,0,0,1,3,2,,,,,,,,,,4,4,0,0,0,0,0,0,0,1,0,,1,1,4,3
9b471d7c-4fcc-4d1a-89fe-5d1cebc32750,625053440,1,12/10/2024 12:31,12/10/2024 12:38,447,end,complete,3351d63d243f3994,P5_2#1#value|P5_1#1#value|P5_4#1#value,3,2,35,co_0,4,5,2,8,5,98,1,5,2,Productos chinos,Viajes,Nose,Torre ifel,Nose,1,70,1,80,999,,1,85,999,,1,1,0,0,0,,,,2,1,1,4,3,1,1,2,2,Solo cuando entro a un local chino,Muy buenas,0,1,0,0,2,1,1,0,1,0,0,0,0,0,0,,4,3,0,0,0,0,0,1,1,0,0,,2,1,4,5
aebb2282-f4e8-4787-84d0-e1b80889b986,625107034,1,12/10/2024 23:20,12/10/2024 23:31,630,end,complete,3405f7afb13c9ffc,P5_3#1#value|P5_1#1#value|P5_5#1#value|P5_2#1#value|P5_4#1#value,1,1,41,co_0,4,8,5,41,5,98,3,5,1,estructura,manipulador,rigidez,cultura,tradicion,1,50,1,50,1,50,1,80,1,80,2,1,0,0,0,,,,2,3,1,3,4,1,1,2,2,"Solo a través de las tiendas o restaurantes chinos, ellos estando en cajas o administración.","Neutrales, se nota que el idioma genera una barrera pero no impide ser educados mutuamente",1,0,0,0,2,2,1,1,1,1,0,0,1,1,0,,3,4,0,0,0,0,0,1,0,0,0,,2,3,4,3
106c1235-1965-4d69-8073-71519860e956,624731301,1,10/10/2024 18:23,10/10/2024 18:29,370,end,complete,34872c6aacd5f3b3,P5_2#1#value|P5_3#1#value|P5_4#1#value|P5_5#1#value|P5_1#1#value,1,2,71,co_0,7,8,5,68,2,98,1,1,1,gran país,imperialista,Corea del Norte,cultura,rituales,1,90,1,30,1,15,1,70,1,70,3,1,0,0,0,,,,2,1,1,2,1,2,2,1,4,medios de prensa,buenísimas,1,0,0,0,2,4,1,0,1,0,0,0,0,0,0,,2,4,0,0,0,0,0,1,0,1,0,,1,3,1,5
d4eae8a1-bf87-4655-8eb3-87e284c5eaaa,625305651,1,14/10/2024 16:48,14/10/2024 16:56,468,end,complete,34b64cb6d5b0ccca,P5_4#1#value|P5_5#1#value|P5_3#1#value|P5_2#1#value|P5_1#1#value,3,1,26,co_0,3,5,10,237,6,98,3,5,1,Comercio,Lakes,Pilsen,Negros,Ojos chicos,1,67,1,50,1,70,1,88,1,50,1,1,0,0,0,,,,2,3,1,2,2,1,1,2,3,En los negocios,Hablar sobre comercio,0,1,0,0,2,2,1,0,1,0,0,0,0,0,0,,2,5,1,0,0,0,0,0,1,0,0,,2,2,4,3
4bf6fc66-bcf4-408a-9fd7-845a823dbd6a,624970895,5,11/10/2024 20:37,11/10/2024 20:48,668,end,complete,35571d89d2c821c8,P5_2#1#value|P5_4#1#value|P5_3#1#value|P5_1#1#value|P5_5#1#value,1,2,42,co_0,4,7,4,27,6,98,1,5,1,modernidad,grande,opresion,hermoso,lejano,1,80,1,80,1,70,1,90,1,80,2,1,0,0,0,,,,3,1,1,4,3,2,2,2,3,"en el comercio,mall o restaurantes",neutral,1,0,0,0,2,2,1,0,0,0,0,1,0,0,0,,1,4,0,0,0,0,0,0,1,0,0,,2,2,3,4
6ee41d15-a276-479f-a4a6-b60f18730d9a,626260157,1,19/10/2024 1:56,19/10/2024 2:07,690,end,complete,358723d0bd3fdda2,P5_3#1#value|P5_5#1#value|P5_4#1#value|P5_1#1#value|P5_2#1#value,3,1,27,co_0,3,4,16,175,6,98,1,1,1,Tecnología,Imperialismo,Cirugía,Vino,Tecnología,1,99,1,66,1,89,1,77,1,98,2,0,1,1,1,Huawei,Lenovo,Baidu,1,1,1,4,2,1,2,2,2,Cuando voy a los malls chinos o en algunos casinos,Bastante agradable,1,0,0,0,2,4,1,1,1,1,0,0,0,0,0,,4,4,0,0,0,0,0,1,1,0,0,,1,99,1,5
aff17558-8b7f-4965-982e-911d5199d78a,624692598,1,10/10/2024 15:45,10/10/2024 15:54,519,end,complete,35b41f99b04c3d35,P5_1#1#value|P5_2#1#value|P5_4#1#value|P5_5#1#value|P5_3#1#value,3,2,22,co_0,2,5,9,196,7,98,3,1,2,Fideos,Trump,Tecnología,Elegancia,Trabajo,1,10,1,20,1,100,1,10,1,10,1,0,1,1,1,"Huawei,",Google,Samsung,3,3,3,,3,1,1,1,4,"Por ida a Mall chinos, o restaurantes",Todas an sido buenas sin ningún problema.,1,0,0,0,2,3,1,0,0,0,0,1,0,1,0,,4,4,0,0,0,0,0,0,0,1,0,,2,3,1,4
6eca18c4-e3be-49b5-a403-85e19784a95b,625103007,1,12/10/2024 22:13,12/10/2024 22:24,639,end,complete,3608723f6271d22d,P5_4#1#value|P5_1#1#value|P5_3#1#value|P5_2#1#value|P5_5#1#value,3,2,50,co_0,5,5,6,108,6,3,3,5,3,Potencia,Trump,Bomba atómica,Torre eiffel,Cultura,1,50,1,70,1,40,1,80,1,70,1,0,1,1,1,Huawei,Xiaomi,Changan,3,3,3,,4,2,2,1,3,Restaurante,Buena,1,1,0,0,2,4,1,0,1,1,0,0,0,0,0,,2,4,0,0,0,0,0,0,1,0,0,,2,3,3,4
140de05c-a78b-4265-b1b1-521bf0a5e9f5,625296977,1,14/10/2024 16:16,14/10/2024 16:26,633,end,complete,360c204cf8023005,P5_5#1#value,3,1,46,co_0,5,4,10,228,7,5,2,5,4,Comercio,Nada,Nada,Naafa,Comercio,999,,999,,999,,999,,1,0,3,1,0,0,0,,,,4,3,1,3,3,2,2,2,1,En ningún contexto,No con ningún,0,0,0,1,2,3,2,,,,,,,,,,1,3,1,0,1,0,0,0,0,0,0,,99,3,3,3
08c32cc0-be84-4005-85e4-ffd8b8815ecc,625006682,1,12/10/2024 1:02,12/10/2024 1:19,1027,end,complete,364f3db5b3d819c2,P5_5#1#value|P5_2#1#value|P5_1#1#value,3,2,52,co_0,5,4,7,138,6,98,4,1,1,Inteligencia,País grande,Fabuloso,Desarrollado,Creador,1,0,1,0,999,,999,,1,0,1,0,1,1,1,Railway,Huawei,Xiaomi,3,3,1,3,3,1,2,2,2,Solo en compras de locales,Buena,1,0,0,0,2,3,1,1,1,1,0,1,0,1,0,,2,3,0,0,1,0,0,0,0,0,0,,3,3,3,5
7dc9d860-a51f-4a74-b942-f0ea3b45a1f9,624683818,1,10/10/2024 15:07,10/10/2024 15:28,1239,end,complete,36a586866f3dfa86,P5_4#1#value,1,2,31,co_0,3,8,1,2,4,98,2,5,1,inversiones,comercio,kdrama,paris,nada,999,,999,,999,,1,50,999,,1,1,0,0,0,,,,2,1,1,3,2,2,1,2,4,restaurantes,buena,0,0,0,1,2,1,1,1,1,1,0,0,0,0,0,,1,4,0,0,0,0,0,0,1,0,0,,2,2,3,4
df0c0f59-40ab-4f10-ac37-0ed6cb91f7ec,625327863,1,14/10/2024 18:32,14/10/2024 18:43,634,end,complete,36c9656c1a335664,P4_2|P5_5#1#value|P5_3#1#value|P5_4#1#value|P5_2#1#value|P5_1#1#value,3,1,33,co_0,3,6,6,111,6,6,1,10,2,No me gusta,Belllo,Me encanta,Hermoso,Lindo,1,0,1,100,1,30,1,100,1,50,2,1,0,0,0,,,,3,3,1,3,3,1,1,2,1,No sé le entiende lo que habla son mal educado,Mala muy mala,1,1,1,0,1,3,1,0,1,1,0,0,1,0,0,,4,2,0,0,0,0,1,0,0,0,0,,3,2,2,3
df342b2c-aacc-47ea-b7e0-7d5a04112c22,625966507,1,17/10/2024 17:31,17/10/2024 17:53,1290,end,complete,371067b870491c3d,P5_1#1#value|P5_5#1#value|P5_2#1#value,3,2,32,co_0,3,7,11,258,4,98,1,3,3,Fabricacion,Trump,Nada,Juegos olimpicos,Respeto,1,50,1,50,999,,999,,1,80,1,0,1,1,1,Xiaomi,Huawei,Changan,2,4,3,,4,2,2,2,2,Cuando voy a comprar al mall chino,Buenas,0,0,0,1,2,1,1,1,0,0,0,1,0,1,0,,3,4,0,0,0,0,0,1,0,0,0,,2,2,4,3
ad09c6e2-f109-4ee3-889b-d40b853b650b,625507550,1,15/10/2024 16:07,15/10/2024 16:11,229,end,complete,3742413b66772aa3,P5_1#1#value,3,1,42,co_0,4,6,1,1,5,1,2,5,1,Chino,Odio,Guerra,U lala,Suchi,1,0,999,,999,,999,,999,,2,1,0,0,0,,,,1,4,3,,5,2,2,2,1,No lo sé,No lo se,0,0,0,1,2,2,2,,,,,,,,,,4,1,0,0,0,0,0,0,0,0,1,No lo se,99,99,4,1
c2d05d50-10b7-4f55-9944-712d02504bcc,625071060,1,12/10/2024 15:29,12/10/2024 15:37,485,end,complete,3753fba88a8acf94,P5_5#1#value|P5_2#1#value|P5_4#1#value|P5_1#1#value,1,2,27,co_0,3,8,2,12,7,98,1,5,3,variedad,obesidad,estricto,croissant,serenidad,1,60,1,60,999,,1,70,1,90,1,1,0,0,0,,,,3,2,3,,4,2,2,2,2,"En un centro con sus multitiendas, restaurantes",vanales,0,0,0,1,2,3,1,1,1,1,0,0,0,0,0,,3,5,0,1,0,0,1,0,0,0,0,,3,3,4,3
5201febb-d01b-40d8-8350-ad830bdb8683,624564429,2,09/10/2024 22:01,10/10/2024 18:47,1277,end,complete,37d3abb66df6f980,P5_1#1#value,3,1,69,co_0,7,3,2,8,6,98,3,5,1,Guy,Guerra,Guerra,Guerra,Guerra,1,19,999,,999,,999,,999,,2,0,1,1,1,Mall,Vehículo,Restaurante,5,3,1,5,1,1,2,2,4,No los veo,Niuno veo,1,0,0,0,2,2,1,1,1,1,1,1,1,0,0,,3,5,1,0,0,0,1,0,0,0,0,,1,1,1,5
73940d8b-4b3a-472f-bbc9-bed941106ac3,625017324,1,12/10/2024 3:14,12/10/2024 3:17,200,end,complete,3853c94370275a74,P5_5#1#value|P5_1#1#value|P5_3#1#value|P5_4#1#value|P5_2#1#value,3,1,45,co_0,5,8,15,343,6,1,2,8,2,Tecnología,Grandeza,Autos,Perfume,Autos de,1,40,1,100,1,70,1,70,1,50,1,0,1,1,1,Samsung,Iphone,Honda,3,3,2,4,4,1,1,1,2,Familia,Muy buenas,0,1,0,0,2,1,1,0,1,0,0,0,0,0,0,,3,4,0,0,0,0,1,0,0,0,0,,2,3,1,4
1a42a2cd-bf4f-440f-88bc-f378ffb93c02,625117271,1,13/10/2024 2:27,13/10/2024 2:41,866,end,complete,38da7f8da1d409bf,P5_5#1#value|P5_1#1#value|P5_4#1#value|P5_2#1#value|P5_3#1#value,3,1,33,co_0,3,8,10,236,5,98,3,6,2,Poder económico,Locura,Imperio,Comida,Perfección,1,90,1,70,1,60,1,50,1,90,1,0,1,1,1,Dongfeng,Great wall motor,Chery,2,3,3,,4,2,2,2,2,Alimenticio,Lejana y cordial,0,0,0,1,2,2,1,1,1,1,0,0,0,0,0,,3,2,0,0,1,0,0,0,0,0,0,,3,3,4,4
9762a692-16aa-44f3-ab5f-4d6b1f5e3980,624759968,2,10/10/2024 20:35,10/10/2024 20:46,568,end,complete,3918c6c50f04c163,P5_2#1#value|P5_4#1#value|P5_5#1#value|P5_1#1#value|P5_3#1#value,1,2,67,co_0,7,9,5,49,3,98,1,5,2,Muralla China,Capitalismo,Expansión,Cultura,Crecimiento,1,40,1,50,1,60,1,70,1,90,2,0,1,1,1,Temu,Sang yon,Ali Express,2,1,1,3,2,1,2,1,2,Educación,De respeto,0,1,0,0,2,2,1,0,1,0,0,0,0,0,0,,1,5,0,0,0,0,0,0,1,0,0,,1,2,4,3
ae9345d7-f596-46e9-8201-947190bde0f7,624969487,1,11/10/2024 20:29,11/10/2024 20:34,298,end,complete,39998c9154da0a9f,P5_2#1#value|P5_1#1#value|P5_5#1#value|P5_4#1#value|P16|P17,3,1,34,co_0,3,5,7,116,6,7,2,5,2,Nada,Donald Trump,Nada,La ciudad del amor,Animes,1,89,1,89,999,,1,100,1,100,1,0,1,1,1,Huawei,Kimy,Toto,3,2,1,3,3,1,1,1,2,Dfffggde,Gjgrhvgjgtghffhh,1,1,1,0,1,2,1,0,1,1,0,1,0,0,0,,4,3,0,0,1,0,1,0,0,0,0,,2,2,2,3
9d79cf15-7d6f-41e0-8a3e-10ad758a045e,624972819,1,11/10/2024 20:49,11/10/2024 21:01,699,end,complete,39b696d882388a45,P5_3#1#value|P5_4#1#value|P5_2#1#value|P5_1#1#value|P5_5#1#value,1,2,64,co_0,6,9,8,151,5,98,3,5,1,manufactura barata,progreso,ropa,turismo,anime,1,35,1,95,1,85,1,98,1,90,1,0,1,1,1,hunday,aliexpress,temu,4,4,2,5,3,2,1,2,2,cuando compro en la tienda o voy al restaurant,"excelentes, son muy amables y respetuosos",0,0,0,1,2,3,1,1,1,1,0,1,0,1,0,,2,4,1,0,1,0,0,0,0,0,0,,3,99,3,3
35639e51-fc8c-47fc-acdc-68c412e02ed8,625055019,1,12/10/2024 12:48,12/10/2024 12:55,421,end,complete,3a130aa19097f062,P5_5#1#value|P5_3#1#value|P5_1#1#value|P5_2#1#value|P5_4#1#value,3,1,39,co_0,4,5,2,8,6,98,4,8,3,Avance tecnológico,Primer mundo,Avance tecnológico,Primer mundo,Avance tecnológico,1,60,1,90,1,80,1,90,1,80,1,1,0,0,0,,,,2,4,3,,4,2,1,2,2,Ninguno,Algunos bien otros no tanto,0,0,0,1,2,4,2,,,,,,,,,,2,4,0,0,0,0,0,1,1,0,0,,2,1,3,3
63013c3c-c63f-4542-8b67-92f4c9fc6190,624697458,1,10/10/2024 16:05,10/10/2024 16:13,505,end,complete,3a9c2106f22c5261,P5_3#1#value|P5_4#1#value|P5_2#1#value|P5_5#1#value|P5_1#1#value|P6A#4#value,3,2,18,co_0,2,8,2,8,5,7,1,6,1,Poder,Tecnología,Bombas,Olimpiadas,Avance,1,65,1,75,1,50,1,55,1,35,1,0,1,1,1,Huawei,Xiaomi,Cnpc,4,2,3,,4,2,2,2,2,Cuando compro comida china,Respetuosas,1,0,0,0,2,3,1,0,1,1,0,0,0,0,0,,3,4,0,1,1,0,0,0,0,0,0,,2,1,2,3
e4e8646c-f5cf-46f7-b5c9-6439a3e4d530,624783674,1,10/10/2024 22:45,10/10/2024 22:56,628,end,complete,3aca97c51a1f1a92,P5_2#1#value|P5_4#1#value|P5_1#1#value|P5_3#1#value|P5_5#1#value,1,1,69,co_0,7,7,5,46,5,3,2,5,3,peligro,falsedad,desarrollo,decadencia,orden,1,05,1,20,1,40,1,20,1,50,1,1,0,0,0,,,,5,2,1,4,4,1,1,2,2,solo comercio,formales,0,0,1,0,2,2,1,1,0,0,0,1,0,0,1,agua,2,4,0,0,1,1,0,0,0,0,0,,99,3,4,1
a11cf25e-601d-4668-8610-47b93c4be2ed,625105038,1,12/10/2024 22:47,12/10/2024 22:59,703,end,complete,3b32a806b1db3df3,P5_2#1#value,3,2,37,co_0,4,7,5,67,6,98,3,5,4,Pobreza,Libertad,Guerra,Marruecos,Tecnologia,999,,1,90,999,,999,,999,,1,0,1,1,1,Chevy,Huawei,Kioto,2,3,1,3,4,1,2,2,4,No conosco,Buenas,0,1,0,0,2,1,1,0,1,1,0,0,0,0,0,,3,4,1,0,0,0,0,1,0,0,0,,3,3,3,3
68e9a5de-320b-4f0d-8740-45bba1127959,624704214,1,10/10/2024 16:30,10/10/2024 16:37,439,end,complete,3c1b9654384ac537,P5_1#1#value|P5_4#1#value|P5_3#1#value|P5_2#1#value|P5_5#1#value,3,2,18,co_0,2,4,9,196,4,98,3,5,1,Tecnología,Armas,Kpop,Olor corporal,Anime,1,60,1,50,1,70,1,50,1,63,1,1,0,0,0,,,,2,3,1,3,2,2,1,1,4,Cuando voy a comprar al mall chino o con una compañera,Cortes,1,0,0,0,1,1,1,0,0,0,0,0,1,0,0,,4,5,0,1,0,0,0,0,0,1,0,,1,2,3,4
bbede55d-a3d8-41b7-a596-4df9a2410b44,625534059,1,15/10/2024 17:55,15/10/2024 18:00,332,end,complete,3c62145048bdaa83,P5_2#1#value|P5_5#1#value|P5_1#1#value|P5_3#1#value|P5_4#1#value,3,1,51,co_0,5,8,3,17,5,98,3,8,2,Comercio,Trump,K pop,Olimpiadas,Sushi,1,100,1,90,1,75,1,78,1,89,1,1,0,0,0,,,,4,2,1,4,2,1,1,2,4,Comercio,Buenas,0,1,0,0,2,3,2,,,,,,,,,,1,4,0,0,1,1,0,0,0,0,0,,1,2,2,4
aa283195-0a71-4bfd-a9ee-1c37af44b76e,624776591,1,10/10/2024 22:00,10/10/2024 22:14,822,end,complete,3d0034a86aa3f0c5,P5_5#1#value|P5_3#1#value|P5_1#1#value|P5_2#1#value|P5_4#1#value,3,2,74,co_0,7,4,15,343,6,98,4,2,1,Progreso,Dominio,Desarrollo,Belleza,Historia,1,3,1,3,1,3,1,2,1,3,3,1,0,0,0,,,,4,3,3,,3,1,2,2,2,No tengo ningún asercamiento,Ninguna,1,0,0,0,2,4,1,0,1,0,0,0,0,0,0,,4,4,0,0,0,0,0,1,0,0,0,,99,99,3,3
84b53fb0-6a4c-4fbe-b8c9-92ba6b4d7d66,625004596,1,12/10/2024 0:40,12/10/2024 0:53,749,end,complete,3d022c2d5da1a0f6,P5_5#1#value|P5_3#1#value|P5_2#1#value|P5_4#1#value,3,2,61,co_0,6,8,5,46,5,98,1,9,3,Muralla,Los parques de Disney,Series,Torre Eiffel,Budismo Nichiren,999,,1,100,1,90,1,90,1,100,1,0,1,1,1,Aliexpress,Temu,No se,3,4,3,,3,1,2,1,2,De sus tiendas y Mall,Lo básico,0,0,0,1,2,1,1,1,1,1,0,0,0,0,0,,2,4,0,0,1,1,0,0,0,0,0,,3,2,2,3
6477d43b-01fd-4705-8773-4203874885d1,625393047,1,15/10/2024 1:50,15/10/2024 2:06,974,end,complete,3d7a6399c7d14ca8,P5_1#1#value|P5_5#1#value|P5_4#1#value|P5_3#1#value|P5_2#1#value,3,1,50,co_0,5,4,6,85,6,98,3,5,3,Tecnología,Donald tram,Bombas,Perfumes,Sushi,1,70,1,60,1,20,1,90,1,80,3,1,0,0,0,,,,3,2,2,4,2,1,1,2,1,Compro en el mol,Grata,0,1,0,0,2,4,1,1,1,1,0,0,0,0,0,,4,2,0,0,0,0,0,1,1,0,0,,2,1,4,3
1b5661fc-e0f1-458b-b8dc-d909a9532144,624783033,1,10/10/2024 22:41,10/10/2024 22:50,559,end,complete,3d94d607777f01b7,P5_3#1#value|P5_4#1#value|P5_1#1#value|P5_2#1#value|P5_5#1#value,3,2,69,co_0,7,7,13,300,4,98,2,5,3,Bella cultura,En.busca del sueño americano,Seguridad,Turismo,Hermoso pais,1,90,1,40,1,90,1,50,1,90,1,0,1,1,1,Shein,Temu,Hawei,2,1,1,5,2,1,1,1,1,Vendedores de mall chinos.,"Amables, risueños, respetuosas.",1,0,0,0,2,3,2,,,,,,,,,,1,5,0,0,0,0,0,1,0,1,0,,1,3,1,5
d517e0b8-c171-4eaf-8123-62225e3a41b6,625354351,2,14/10/2024 20:52,14/10/2024 22:19,668,end,complete,3dbf3c7056d26524,P5_2#1#value|P5_5#1#value|P5_3#1#value|P5_4#1#value|P5_1#1#value|P16|P17,3,1,45,co_0,5,7,10,229,5,7,2,7,2,Barato,Tecnología,Loco,Pan,Ingeniería,1,70,1,80,1,10,1,60,1,90,2,0,1,1,1,Changay,Xiaomi,Cherry,2,3,1,3,5,1,1,1,4,Comercio,Buenas,1,0,0,0,2,4,1,1,1,1,0,1,0,0,0,,4,5,0,1,0,0,1,0,0,0,0,,3,3,1,4
1c4ea7d1-6946-4215-aa3f-2266035ecafe,625515430,1,15/10/2024 16:39,15/10/2024 16:56,1046,end,complete,3f37dbf25adc32bc,P5_5#1#value|P5_4#1#value|P5_2#1#value|P5_1#1#value|P5_3#1#value,3,1,41,co_0,4,6,1,1,4,98,2,5,3,Comercio,Tecnología,Autos,Perfumes,Autos,1,100,1,100,1,100,1,100,1,100,1,0,1,1,1,Changan,Xiaomi,Chevy,2,2,1,3,2,1,1,2,1,"Comida, venta de autos, mall, etc",Excelente,0,0,0,1,2,1,1,1,1,1,0,1,0,1,0,,3,5,0,1,0,0,0,0,1,0,0,,2,2,4,4
b22d6d8d-4e64-488b-a700-18bb7abba66a,624553837,1,09/10/2024 20:58,09/10/2024 21:17,1138,end,complete,3f3bfac5db113707,P5_4#1#value|P5_2#1#value|P5_3#1#value|P5_5#1#value|P5_1#1#value,1,2,28,co_0,3,9,9,196,4,98,3,9,2,proveedor,inversor,neutro,neutra,neutro,1,0,1,50,1,0,1,0,1,50,1,1,0,0,0,,,,3,3,1,3,3,1,2,2,2,"En los mall chinos, nada mas","comprando, ellos siendo vendedores",0,0,0,1,1,2,1,0,1,0,1,0,1,0,0,,3,5,0,0,0,0,0,0,1,0,0,,2,2,2,3
c9757271-acf4-4879-973d-ab2424b1997b,625002432,1,12/10/2024 0:19,12/10/2024 0:34,940,end,complete,3fa144802d5df3bd,P5_2#1#value|P5_3#1#value|P5_4#1#value|P5_5#1#value|P5_1#1#value,3,1,42,co_0,4,5,10,228,7,98,3,3,2,Brucelee,Gueraa,Nada,Sidan,Tokio,1,0,1,100,1,100,1,100,1,100,1,1,0,0,0,,,,4,1,3,,3,2,2,2,2,No tengo,Solo comprando,0,0,0,1,2,3,1,1,1,0,0,0,0,1,0,,3,4,0,0,0,0,0,1,1,0,0,,1,3,3,4
cd50f7b9-a488-4939-85fe-370dff7363a0,626015760,1,17/10/2024 21:34,17/10/2024 21:46,706,end,complete,40fcb78ba5f06aaa,P5_2#1#value|P5_4#1#value|P5_1#1#value|P5_3#1#value|P5_5#1#value,1,1,54,co_0,5,8,1,1,2,98,3,4,1,Lider mundial,Lider mundial,Exportador,Europa,Cultura,1,85,1,80,1,80,1,60,1,80,1,1,0,0,0,,,,2,2,2,4,3,2,1,1,2,en las compras del comercio o restaurantes.,todo bien,0,1,0,0,2,3,2,,,,,,,,,,2,5,0,0,0,0,0,1,1,0,0,,2,1,4,4
bd0533b9-b745-4d38-ac94-7712c5649306,624972359,3,11/10/2024 20:46,11/10/2024 20:57,688,end,complete,411c9b1778a21480,P5_1#1#value|P5_3#1#value|P5_5#1#value|P5_2#1#value|P5_4#1#value,1,1,39,co_0,4,7,8,165,6,98,3,9,2,Comunismo,Libertad,Series,Mano dura,Mangas,1,50,1,70,1,50,1,70,1,60,1,1,0,0,0,,,,2,4,3,,5,1,2,1,4,Competidores del lugar donde trabajo,Agradable y sin problemas,0,0,0,1,2,3,2,,,,,,,,,,3,5,0,0,1,0,0,1,0,0,0,,99,99,4,3
3d97db7d-e7d7-480f-a9e9-106c4988b500,625055354,1,12/10/2024 12:51,12/10/2024 13:10,1127,end,complete,4216205248a33058,P5_5#1#value|P5_2#1#value|P5_3#1#value|P5_4#1#value|P5_1#1#value,3,2,40,co_0,4,7,10,247,5,6,3,5,1,Lider mundial,Grandes producciones de películas,K-pop,Croissant,Tecnología y orden,1,100,1,75,1,100,1,100,1,100,1,0,1,1,1,Alibaba,Hisense,Xiaomi,4,3,1,3,2,1,2,2,2,Cuando uno recurre a sus mall a comprar ahí los ves y ellos están por lo general siempre en las cajas de pago.,"Buena, porque en general son cordiales pues siempre te saludan",0,1,0,0,2,3,1,0,1,1,0,0,0,1,0,,3,4,0,0,1,0,1,0,0,0,0,,3,3,4,3
7b698e73-b859-41b1-a9de-01532935f080,626161820,1,18/10/2024 15:56,18/10/2024 16:06,583,end,complete,42658580105ab87b,P5_2#1#value,3,1,22,co_0,2,7,16,175,4,4,3,5,3,Indrustua,Parria,Gastronomia,Futbol,Anime,999,,1,50,999,,999,,999,,3,1,0,0,0,,,,3,3,3,,3,1,2,1,4,Restaurante,Malas,1,0,0,0,1,4,2,,,,,,,,,,3,5,0,0,0,0,0,0,1,1,0,,2,2,2,4
cba172d2-f6ce-494f-926a-a04247394276,624742635,2,10/10/2024 19:13,10/10/2024 19:22,532,end,complete,426c8b0941898b4a,P5_2#1#value,3,2,23,co_0,2,5,6,86,3,98,1,5,2,Panda,Inglés,Chinos,Torre Eiffel,Anime,999,,1,90,999,,999,,999,,1,1,0,0,0,,,,4,1,1,5,3,2,2,2,4,No tengo contacto,Nunca he tenido contacto,1,0,0,0,1,2,1,0,1,0,0,0,0,0,0,,1,5,0,1,0,0,0,1,0,0,0,,3,2,2,3
38e07eb3-ecea-4b62-89da-3af6ecef5972,624971492,1,11/10/2024 20:41,11/10/2024 21:08,1630,end,complete,42734f996599377f,P5_5#1#value|P5_3#1#value|P5_2#1#value|P5_1#1#value|P5_4#1#value,3,2,50,co_0,5,7,6,104,6,98,4,7,3,Orden,Oprtunidad,Demócrata,Perfume,Orden,1,80,1,95,1,90,1,60,1,90,3,1,0,0,0,,,,4,4,1,3,2,2,2,1,2,En las tiendas Chinas que existen en mi ciudad,"Buena , sin problema",1,1,0,0,2,4,1,0,0,0,0,0,0,0,1,"Comercio , venta al por menos",4,4,0,0,0,0,0,1,0,1,0,,2,2,4,3
1c89e1b5-69ec-4be8-b668-f04f5fdbcc8f,624562195,1,09/10/2024 21:47,09/10/2024 21:59,707,end,complete,42d5038f392fc6a4,P5_5#1#value|P5_3#1#value|P5_2#1#value|P5_1#1#value|P5_4#1#value,3,2,35,co_0,4,7,13,311,5,98,1,7,2,Un desagrado,Biden,Kapop,Pan,Lo más lindo,1,40,1,60,1,70,1,50,1,100,1,1,0,0,0,,,,2,3,1,3,3,1,1,2,4,No tengo,Muy grata,1,1,0,0,2,1,1,0,0,0,1,0,0,0,0,,4,3,0,0,0,0,0,1,1,0,0,,2,1,2,3
96e20e3a-4b17-4eef-bca6-4752cdb13924,624979590,1,11/10/2024 21:30,11/10/2024 21:43,802,end,complete,42ff203c4d7b0826,P5_1#1#value,3,2,39,co_0,4,5,8,143,5,98,3,10,2,Chinos,Lujos,Compras,Viaje,Chinos,1,100,999,,999,,999,,999,,1,1,0,0,0,,,,5,1,1,5,3,1,2,1,4,Amistad y cocina,Buena,0,0,0,1,2,2,2,,,,,,,,,,1,5,0,0,0,0,0,0,1,0,0,,1,1,1,5
3b46e4fc-298e-4dd4-b356-2cda3c2b767d,625041343,1,12/10/2024 9:38,12/10/2024 9:50,737,end,complete,44617b40266b9755,P5_3#1#value|P5_1#1#value|P5_2#1#value|P5_4#1#value|P5_5#1#value,3,1,55,co_0,6,7,5,49,5,3,3,6,1,Proveedores,Fuerza,Temor,Aliado,Tecnologia,1,70,1,60,1,0,1,70,1,60,1,1,0,0,0,,,,2,3,1,3,2,1,1,2,3,No tengo,Buenas,0,1,0,0,2,1,1,0,0,0,0,0,0,1,0,,2,4,0,0,0,0,0,1,0,0,0,,99,3,4,4
bc217d9b-cbbc-4556-be45-f898ac5a852d,624979223,1,11/10/2024 21:27,11/10/2024 21:40,760,end,complete,44a36d6536f9fc6d,P5_4#1#value|P5_5#1#value|P5_1#1#value|P5_2#1#value|P5_3#1#value|QA_EVAL#1#value,3,1,43,co_0,4,6,4,26,6,4,1,5,3,Tecnología,Respeto,Tradición,Perfumes,Estilo de vida,1,50,1,80,1,50,1,50,1,50,1,1,0,0,0,,,,2,1,1,3,2,1,1,1,3,Ex empleador,Buenas,0,1,0,0,1,2,1,0,0,0,0,0,0,1,0,,4,4,0,0,0,0,0,0,1,1,0,,3,2,4,3
033e4471-4ce3-4d65-a33e-e653dbec0067,624718130,1,10/10/2024 17:28,10/10/2024 17:40,720,end,complete,44dcf4bb35759113,P5_5#1#value,3,1,77,co_0,7,8,1,2,4,98,2,6,2,Sistema economico vs politico,Ejemplo de democracia,Potencia,La marsellesa,Tecnologia,999,,999,,999,,999,,1,100,3,1,0,0,0,,,,2,2,1,4,2,2,1,1,3,Restaurante,Buenas,0,1,0,0,2,3,1,0,0,0,0,1,0,0,0,,1,4,0,0,0,0,0,1,0,1,0,,1,1,3,4
2f87ae7c-e898-4e1c-9d69-e82ec39ca58d,624914562,1,11/10/2024 16:00,11/10/2024 16:12,715,end,complete,456cd179421930d0,P5_4#1#value|P5_5#1#value|P5_2#1#value|P5_1#1#value|P5_3#1#value,3,1,18,co_0,2,5,6,79,4,98,3,4,3,comercio,miami,tecnología,torre eiffel,anime,1,60,1,80,1,75,1,80,1,70,2,1,0,0,0,,,,2,3,3,,3,2,2,2,3,solo tengo interacciones con personas de china cuando voy a algún mall chino,No han sido experiencias malas,0,0,0,1,2,1,1,0,0,0,0,0,0,1,0,,3,4,0,0,0,0,0,0,1,0,0,,3,3,4,3
2bb26a50-e8f8-4874-adfa-fe6c827e25e6,624778099,1,10/10/2024 22:10,10/10/2024 22:26,938,end,complete,4595d025340892ad,P5_2#1#value|P5_4#1#value|P5_5#1#value|P5_1#1#value|P5_3#1#value,3,1,67,co_0,7,8,8,173,3,98,2,4,1,Productos malos,Aprovechadores,Guerra,Torre eifel,Buena calidad,1,10,1,60,1,10,1,80,1,90,1,1,0,0,0,,,,4,4,1,5,2,2,2,2,4,Mall chino,Buena,0,1,0,0,2,1,1,1,1,1,0,0,0,1,0,,1,2,0,0,1,0,0,0,0,0,0,,3,1,3,2
74265615-d4b7-442c-8339-9af111856990,625148060,1,13/10/2024 12:33,13/10/2024 12:39,394,end,complete,45b436764702fd63,P5_1#1#value|P5_4#1#value|P5_5#1#value|P5_3#1#value|P5_2#1#value,3,1,47,co_0,5,9,5,46,5,98,4,5,2,Conunismo,Diminio,Disciplina,Economía,Porencia,1,50,1,100,1,100,1,70,1,100,1,1,0,0,0,,,,5,4,1,3,3,1,1,1,4,Restaurante,Buena,1,0,0,0,2,4,1,0,1,1,0,0,0,0,0,,3,3,1,0,0,0,0,0,1,0,0,,2,2,2,3
d7c757f2-597e-459f-83da-05df9bd28c97,625513414,1,15/10/2024 16:30,15/10/2024 16:35,262,end,complete,45cf552bba05d082,P5_2#1#value|P5_3#1#value|P5_4#1#value|P5_5#1#value|P5_1#1#value,3,1,42,co_0,4,5,2,12,5,98,2,5,1,Cobre,Potencia mundial,Potencia mundial,Macron,Investigación,1,100,1,100,1,100,1,50,1,100,2,1,0,0,0,,,,3,2,2,3,3,2,2,2,4,Ninguna comunicación,No aplica,0,1,0,0,2,1,2,,,,,,,,,,3,3,0,0,0,0,0,0,0,0,1,No aplica,2,1,4,4
b9e96bcb-bff5-4dfc-a715-8d407f2e5e8b,624762702,1,10/10/2024 20:47,10/10/2024 21:06,1132,end,complete,462150071bd70815,P4_3|P5_1#1#value,3,2,23,co_0,2,5,9,196,7,8,3,3,4,Mayor exportador,Tornados,Noseee,La película de Ratatouille,Anime,1,50,999,,999,,999,,999,,1,1,0,0,0,,,,2,3,2,3,3,2,2,2,2,Cuando voy a comprar,Saludar,1,1,0,0,2,4,1,0,0,0,0,1,0,0,0,,4,5,0,0,0,0,0,1,0,1,0,,2,2,3,4
88e78601-54cb-41f4-9e2a-66ce88c469f8,624558866,1,09/10/2024 21:27,09/10/2024 21:35,496,end,complete,4676b9193b8f659a,P5_3#1#value|P5_4#1#value|P5_1#1#value|P5_5#1#value|P5_2#1#value,3,2,32,co_0,3,7,13,282,5,98,2,5,4,Los mejores en el mercado,El infierno echo realidad,Guerra luego seguro,Que chile fueron como ellos en todo sentido,Los mejores en los negocios,1,100,1,50,1,0,1,100,1,100,2,1,0,0,0,,,,1,4,2,3,1,1,1,2,3,Solo en los locales de ellos,Un poco toscos pero al final son agradables,1,1,0,0,2,2,2,,,,,,,,,,3,5,0,0,0,0,0,0,1,1,0,,1,1,4,5
16103744-f275-4d7d-abf3-edab6ff87c13,625019946,1,12/10/2024 3:58,12/10/2024 4:07,528,end,complete,46aaa4d27bb92050,P5_1#1#value|P5_4#1#value|P5_5#1#value|P5_3#1#value|P5_2#1#value,3,2,29,co_0,3,8,3,18,5,1,3,5,4,Mercado,Ingles,Tendencia,Espagueti,China,1,100,1,100,1,100,1,100,1,100,3,0,1,1,1,Shein,Jac,Mercado libre,3,3,1,1,5,1,1,2,3,No lo se,Bien,1,0,0,0,2,1,2,,,,,,,,,,2,5,0,0,0,0,0,0,1,1,0,,1,1,4,1
5c599f3b-e026-42b6-a833-ad6091b17075,625028110,1,12/10/2024 6:08,12/10/2024 6:18,617,end,complete,46b2476052c49f7c,P5_5#1#value|P5_3#1#value|P5_1#1#value|P5_2#1#value|P5_4#1#value,3,2,52,co_0,5,7,10,232,5,98,3,6,2,Inventos,Demasiado poblado,Ropa,Elegancia,Tecnologia,1,6,1,5,1,5,1,6,1,5,3,0,1,1,1,Shein,Temu,Amazon,3,3,3,,3,1,2,2,2,Comprador en moll,Normal,0,0,0,1,2,2,1,0,0,0,0,0,0,1,0,,4,3,0,0,0,0,0,1,0,1,0,,2,2,4,4
993a60d7-c4a9-4525-960e-e548c4bed7e4,624783768,1,10/10/2024 22:46,10/10/2024 23:06,1194,end,complete,46f7395f636c0d9a,P5_4#1#value|P5_5#1#value|P5_1#1#value|P5_2#1#value|P5_3#1#value|P6A#2#value,3,1,69,co_0,7,9,13,301,2,98,4,5,3,Gigante asiático,Potencia económica,Potencia industrial,Top ten de la economía mundial,Tecnología de avanzada,1,50,1,60,1,80,1,80,1,100,1,0,1,1,1,BYD,Changan,Xiaomi,3,3,2,4,3,2,1,1,2,De tipo profesional y de tipo comercial,En lo profesional muy buena y agradable.  En lo comercial me es indiferente.,0,1,0,0,2,4,1,1,1,0,0,0,0,0,0,,4,4,1,1,0,0,0,0,0,0,0,,2,2,3,3
0232484a-ac75-4fd9-a356-27eaa394fe7c,625351343,1,14/10/2024 20:35,14/10/2024 20:53,1084,end,complete,46fc7fc26ad7689b,P5_3#1#value|P5_2#1#value|P5_1#1#value|P5_5#1#value|P5_4#1#value,1,1,33,co_0,3,5,2,8,6,98,2,5,3,variedad de cosas,calidad de vida,caro,turistico,interesante,1,70,1,65,1,50,1,60,1,70,1,0,1,1,1,aliexpress,shein,shopee,1,1,3,,5,1,2,2,2,solo al comprar en mall chino,normal,1,0,0,0,2,3,2,,,,,,,,,,1,5,0,0,0,0,0,1,1,0,0,,1,3,4,5
fa30e702-a3c7-4b73-9c48-f66fc7165b71,624555308,1,09/10/2024 21:07,09/10/2024 21:21,865,end,complete,4780426229bf63f1,P5_1#1#value|P5_4#1#value|P5_5#1#value|P5_2#1#value|P5_3#1#value,3,2,20,co_0,2,7,8,161,7,98,1,5,2,Explotación,Estatua de la libertad,Estereotipos,Elegancia,Cultura,1,20,1,70,1,80,1,60,1,80,1,1,0,0,0,,,,4,4,3,,2,1,2,2,2,Cuando voy a un mall chino,Buenas,0,1,0,0,2,3,1,0,1,0,0,0,0,0,0,,2,4,0,0,0,1,0,1,0,0,0,,1,1,1,5
24f6899d-bce3-414e-bfde-f1ab75b82d96,624926690,3,11/10/2024 16:57,12/10/2024 19:17,1081,end,complete,47f1c1165363fb6f,P5_3#1#value|P5_2#1#value|P5_4#1#value|P5_1#1#value|P5_5#1#value,3,1,18,co_0,2,5,16,175,6,98,3,6,3,Chinos,Gringos,Asiáticos,Paris,Tecnología,1,65,1,90,1,80,1,100,1,100,1,1,0,0,0,,,,3,3,1,3,3,2,2,1,3,En algún mall chino,Comprarles,0,0,0,1,2,2,1,0,1,0,0,0,0,0,0,,4,5,0,1,0,0,0,0,0,0,0,,99,2,2,3
df099698-385b-4d3f-ba8e-5a77e8aea947,625315059,1,14/10/2024 17:31,14/10/2024 17:39,535,end,complete,480f07ab1d2603c9,P5_1#1#value|P5_2#1#value|P5_5#1#value,3,2,36,co_0,4,7,6,86,4,2,3,5,4,Virus,Bello,Guerra,Ediondos,Limpieza,1,100,1,100,999,,999,,1,100,3,0,1,1,1,Cheing,Mall chino,Delicias china,3,3,1,3,4,1,1,1,4,Hola y chao,"Mala son muy gritones , enojones",1,0,0,0,2,1,1,0,1,0,0,0,0,0,0,,1,4,1,0,0,0,0,0,0,0,0,,1,1,4,4
2e480956-c5ee-44f3-9876-1670a0edf3fc,624986050,1,11/10/2024 22:09,11/10/2024 22:14,313,end,complete,483db75cba6277c5,P5_1#1#value,3,2,50,co_0,5,8,2,8,6,98,1,3,4,Habilidosos,Sieño,Super,Placer,Potencia,1,100,999,,999,,999,,999,,1,1,0,0,0,,,,5,3,3,,2,2,2,1,1,Compras,Buena,1,0,0,0,1,3,1,0,0,0,0,1,0,0,0,,1,5,0,0,0,0,0,1,0,0,0,,2,3,3,3
2e335150-b5bc-4fa7-8713-b1d9c6cd61c7,624562006,1,09/10/2024 21:46,09/10/2024 22:01,866,end,complete,4855ca021178c423,P5_5#1#value|P5_3#1#value|P5_2#1#value|P5_1#1#value|P5_4#1#value,3,2,61,co_0,6,8,13,300,2,98,3,4,1,Productores,Potencia,Series,Romance,Potencia,1,100,1,100,1,100,1,100,1,100,3,1,0,0,0,,,,1,3,1,3,2,1,2,1,2,Mis padrinos,Excelente,0,0,0,1,2,1,1,1,1,1,0,0,0,0,0,,3,4,0,0,0,0,0,1,0,0,0,,2,2,3,3
e44a5650-6e31-48b0-878a-05c40809a045,625067381,1,12/10/2024 14:50,12/10/2024 15:00,647,end,complete,487c1a49c4cad3b0,P5_5#1#value,3,2,58,co_0,6,7,15,343,6,6,1,5,4,Ideal,Racial,Doramas,Hermoso,Mi favorito,999,,999,,999,,999,,1,100,3,1,0,0,0,,,,4,1,2,4,2,1,1,2,3,Por los small chinos,Buena,0,1,0,0,2,2,1,1,1,1,1,1,1,1,0,,3,3,0,0,1,0,1,0,0,0,0,,99,99,3,4
deefcc14-7dc0-4c8d-bce0-431077e1244d,624985098,1,11/10/2024 22:03,11/10/2024 22:14,655,end,complete,4912609b57b6a0bc,P5_4#1#value,3,2,30,co_0,3,5,12,268,6,98,3,1,3,Fabricantes,New York,Nulo,Idioma impresionante,Nulo,999,,999,,999,,1,100,999,,1,0,1,1,1,Huawei,Xioami,IPhone,4,1,3,,5,1,2,2,1,Solo cuando trabaje en el mall chino,Normal,0,0,0,1,2,4,2,,,,,,,,,,1,4,0,0,0,0,0,0,0,1,0,,3,3,4,4
761dcf45-4b46-4e27-bc80-d6d942edd045,624558687,1,09/10/2024 21:26,09/10/2024 21:35,527,end,complete,493bb3c835715087,P5_5#1#value|P5_1#1#value|P5_4#1#value|P5_2#1#value|P5_3#1#value,1,1,40,co_0,4,4,5,41,7,98,3,7,2,comercio,turismo,linea blanca,quesos,articulos,1,50,1,50,1,50,1,50,1,50,1,1,0,0,0,,,,4,3,3,,2,1,1,2,2,no ninguna,ninguna,1,0,0,0,2,2,2,,,,,,,,,,3,4,0,0,0,1,0,1,0,0,0,,2,1,3,4
b61d7f6c-70a8-4de6-9cf3-9e408e98db82,625077499,1,12/10/2024 16:44,12/10/2024 16:52,456,end,complete,49fa2c7f08c05250,P4_5|P5_3#1#value,3,2,34,co_0,3,5,3,17,7,6,3,1,1,Nada,Ladrones,Narcisismo,Amo,Mmm nada,999,,999,,1,0,999,,999,,1,1,0,0,0,,,,3,3,2,2,5,1,1,2,3,Mall chinos,Buena,0,0,0,1,2,4,1,0,0,0,0,1,0,0,0,,4,1,0,0,0,0,0,1,0,1,0,,3,3,3,4
07460b3d-cb9e-4fa9-a8c1-c52e33285580,624980877,1,11/10/2024 21:39,11/10/2024 21:57,1072,end,complete,4a09d3cdaf9c6236,P5_2#1#value|P5_1#1#value|P5_5#1#value|P5_4#1#value|P5_3#1#value,3,2,58,co_0,6,6,5,49,5,98,3,4,1,Comercio,Invasor,Estudiantes,Macron,Tecnología,1,100,1,40,1,50,1,100,1,100,2,0,1,1,1,Lenovo,Jac,Huawei,2,3,1,3,3,1,2,1,4,"Era una niña q vino a estudiar a Chile y se fue, pero vivió varios años acá","En los negocios y restaurantes bien. En los mall o tiendas son arrogantes, cara de palo y ni responden saludo",1,0,1,0,2,4,2,,,,,,,,,,4,3,0,0,0,0,0,0,0,1,0,,1,3,4,4
58b49a1d-9e5d-42f4-830c-ca2c5a35f48e,624928120,1,11/10/2024 17:03,11/10/2024 17:15,707,end,complete,4ab7d20734851b8f,P5_3#1#value|P5_2#1#value|P5_4#1#value|P5_5#1#value|P5_1#1#value,3,1,24,co_0,2,6,14,338,4,8,3,3,1,Dictadura,Imperio nacionalista opresor con los pueblos,Racistas oprimidos,Fascistas,Racistas conquistadores,1,40,1,60,1,45,1,55,1,65,1,1,0,0,0,,,,2,3,2,3,3,1,2,2,4,Interacciones de comercio/ servicio como consumidor,"Escasas, normalmente hablan en chine y muy poco español, generalmente corteses",1,0,0,0,1,2,1,1,1,1,0,1,0,1,1,Salud,2,2,0,1,0,0,0,1,0,0,0,,3,3,4,3
6f9b862f-bb9c-49b6-9835-cc09716ccdca,625057535,1,12/10/2024 13:11,12/10/2024 13:43,1909,end,complete,4b01ca92b62711c7,P5_1#1#value|P5_5#1#value|P5_2#1#value|P17,3,1,44,co_0,4,7,6,101,7,98,3,4,1,Pais cultural,Idiotas,Reglas estrictas,Glamour,Pais turistico,1,5,1,7,999,,999,,1,20,3,0,1,1,1,Xiomi,Samsun,Esun,1,3,1,3,3,2,2,2,4,Cliente y,Jjjdjdjdjdjdjddjnk,0,0,0,1,2,4,1,1,0,0,0,0,0,0,0,,2,3,0,0,1,0,0,0,0,0,0,,2,2,3,4
034b7b59-0284-45c2-b70e-a3985350f008,624921178,4,11/10/2024 16:31,11/10/2024 16:54,1293,end,complete,4b1da225a6b36644,P5_1#1#value|P5_2#1#value|P5_5#1#value|P5_4#1#value|P5_3#1#value,3,2,21,co_0,2,5,5,73,7,98,3,4,1,Chinos,Comida rápida,Flores,Torre eifel,Cerezo,1,50,1,50,1,50,1,50,1,50,3,1,0,0,0,,,,2,3,1,5,2,2,2,2,1,No hay contexto,No he tenido,1,0,0,0,2,3,2,,,,,,,,,,4,4,0,1,0,0,0,0,0,0,0,,99,99,4,2
f5efb293-8ef2-455c-8af7-e9be55bb8bcd,624556985,1,09/10/2024 21:16,09/10/2024 21:28,770,end,complete,4b339dcd982f75b0,P5_2#1#value|P5_4#1#value|P5_1#1#value,3,2,49,co_0,5,5,13,283,6,98,3,5,4,Productos baratos,Diversion,Novelas,Torre ifel,Comida,1,50,1,100,999,,1,100,999,,1,1,0,0,0,,,,1,3,2,3,2,2,1,2,4,Solo al momento de entrar y compara algún producto en una tienda china,Buena,0,0,0,1,2,4,1,0,0,1,0,0,0,1,0,,1,2,0,0,0,0,0,1,1,0,0,,2,2,3,4
0486c9ad-a182-4e69-afd4-df4c8870752d,624968749,1,11/10/2024 20:25,11/10/2024 20:32,398,end,complete,4bd1afcc04bb0313,P5_1#1#value,3,2,30,co_0,3,5,16,190,7,98,3,6,2,Sushi,Hablar ingles,Nada,Nada,Nada,1,100,999,,999,,999,,999,,1,1,0,0,0,,,,5,3,1,5,2,2,2,2,1,Cuando voy a comprar a algún local chino,Buena hasta el momento,1,0,0,0,2,1,1,1,0,0,0,0,0,0,0,,3,2,0,0,0,1,0,1,0,0,0,,3,3,4,4
d59e3efe-af80-420a-ba49-5523ddc37a8c,625955136,1,17/10/2024 16:39,17/10/2024 16:53,833,end,complete,4bd5bd973ffd3026,P5_2#1#value|P5_3#1#value|P5_1#1#value|P5_4#1#value|P5_5#1#value,3,1,52,co_0,5,8,3,22,3,98,2,9,2,Electrónica,Buenos autos,Hiunday,Torre Eiffel,Automóviles,1,60,1,100,1,90,1,100,1,100,1,0,1,1,1,Hafei,Changan,Green wall,5,2,1,2,1,2,1,1,3,Compras y encuentro social.,Buenas son gente muy amable.,1,1,0,0,2,4,2,,,,,,,,,,3,5,1,0,0,0,0,0,1,0,0,,1,1,4,4
b46d21bb-440d-4dd2-9647-31b75142bd11,625307532,1,14/10/2024 16:56,14/10/2024 17:04,509,end,complete,4bd82cd07f2860bc,P5_5#1#value|P5_3#1#value|P5_1#1#value|P5_4#1#value|P5_2#1#value,3,1,60,co_0,6,6,6,86,5,98,3,4,1,Potencia,Drogadictos,Vehículos,Colonistas,Sumisos,1,80,1,30,1,60,1,50,1,60,2,0,1,1,1,Jac,Maxus,Vivo,2,2,2,1,2,1,1,1,2,Restaurantes,Buena,1,0,0,0,1,4,1,1,0,1,0,1,0,0,0,,3,4,1,0,0,0,1,0,0,0,0,,2,3,3,4
9ca1da74-9704-4c96-9421-fe1f62f2a55f,624753503,1,10/10/2024 20:02,10/10/2024 20:14,694,end,complete,4c71c1d9b978692b,P5_1#1#value|P5_5#1#value|P5_4#1#value|P5_3#1#value|P5_2#1#value,3,1,18,co_0,2,7,13,279,6,3,3,5,4,Tecnología,Comida rápida,Dorama,Pan,Anime,1,40,1,30,1,70,1,60,1,80,1,0,1,1,1,Xiaomi,Huawei,AliExpress,3,3,1,3,3,2,1,1,3,Amigo cercano.,"Regular, aveces altaneros",0,0,0,1,2,2,1,0,0,0,1,0,0,0,0,,4,3,0,0,0,0,0,0,0,1,0,,99,99,4,3
d700b02a-88d1-4edb-9966-a63227470781,625078553,2,12/10/2024 16:55,12/10/2024 17:34,997,end,complete,4c8aa2fc2397834a,P5_2#1#value|P5_4#1#value|P5_3#1#value|P5_5#1#value|P5_1#1#value,3,2,59,co_0,6,6,6,79,5,98,4,6,3,Kong kong,Nueva York,Seul,Paris,Tecnología,1,40,1,40,1,10,1,20,1,30,1,1,0,0,0,,,,4,3,1,3,2,1,1,2,2,"No mucha aunque mi hija está en Corea del Sur. Becada por un cemestre de universidad, ella es alumna de la u católica de santiago campus san Joquin","Solo el tiendas y restaurantes, ha sido cordial y muy amable.",1,1,0,0,1,4,1,0,0,0,0,0,0,1,0,,2,2,0,0,0,0,1,0,0,0,0,,3,3,3,3
ebe7097d-a5c1-4a2e-9adf-2f8bf4dd34ad,624975298,3,11/10/2024 21:05,11/10/2024 21:23,1109,end,complete,4cac16aab6ca0af2,P5_2#1#value|P5_3#1#value|P5_5#1#value|P5_1#1#value|P5_4#1#value,3,2,33,co_0,3,7,5,60,6,98,3,5,3,Arroz,Disneylandia,Busan,Torre eifel,Chinos,1,100,1,100,1,100,1,100,1,100,2,0,1,1,1,Shein,Temu,Aliexpress,4,3,2,2,3,1,1,2,2,No tengo personalmente,No tengo interacciones con personas de china más que las aplicaciones,1,0,0,0,2,4,1,0,0,0,0,1,0,0,0,,2,4,0,0,0,0,0,1,0,0,0,,3,3,4,3
fb61581c-25dd-47e9-8ce6-9f8740e1c4b9,624780693,1,10/10/2024 22:26,10/10/2024 22:36,628,end,complete,4d03742796ccf9a3,P5_3#1#value|P5_4#1#value|P5_5#1#value|P5_2#1#value|P5_1#1#value,1,2,23,co_0,2,6,7,112,5,98,2,5,1,Buena economía,Violencia,Dictadura,Buena economía,Tecnologías,1,0,1,100,1,0,1,100,1,0,2,1,0,0,0,,,,4,2,1,1,5,2,1,2,4,Ninguna sólo cuando voy a sus locales,Buena son amables,1,0,0,0,2,3,2,,,,,,,,,,3,3,0,0,0,0,0,0,0,1,0,,2,2,3,3
909f1cc0-01ea-431d-9f07-1841fe53ca31,624760848,1,10/10/2024 20:39,10/10/2024 20:50,638,end,complete,4f2c3d4249b1d05b,P5_4#1#value|P5_5#1#value|P5_2#1#value|P5_1#1#value|P5_3#1#value,3,2,70,co_0,7,8,8,174,4,98,3,7,2,Ropa,Comercio,Comercio,Comercio,Ropa,1,90,1,50,1,70,1,10,1,90,1,1,0,0,0,,,,4,4,1,3,3,1,2,1,1,Whatsapp,Muy  buena  me  han  ayudado,0,1,0,0,1,3,1,0,0,1,0,1,0,0,0,,2,3,0,0,1,1,0,0,0,0,0,,1,2,3,3
185e97fc-3008-4a64-95b8-41defc932b51,624994443,1,11/10/2024 23:06,11/10/2024 23:14,447,end,complete,4f31a2a199d231b4,P5_4#1#value|P5_1#1#value|P5_3#1#value|P5_5#1#value|P5_2#1#value,3,1,37,co_0,4,7,6,104,6,2,2,8,2,Comunismo,Guerra,Guerra,Vino,Sushi,1,70,1,90,1,50,1,100,1,100,3,1,0,0,0,,,,1,2,1,3,4,1,2,2,1,Compra en mall chinos,"Buena, cordial",0,0,0,1,1,3,2,,,,,,,,,,2,5,0,0,0,0,0,1,0,0,0,,2,2,4,3
3353e372-94e0-4e0f-830b-bc41dbc8b77c,625062173,1,12/10/2024 13:57,12/10/2024 14:11,875,end,complete,5083a69b301279dc,P5_5#1#value|P5_4#1#value,3,1,27,co_0,3,4,6,84,7,7,3,5,3,Sushi,Los simpson,Bandera,Intercambio cultural,Autos,999,,999,,999,,1,90,1,80,1,1,0,0,0,,,,2,3,3,,3,2,2,2,1,"Locales chinos, tienda chinas",De buen parecer aun que no se logra comunicación por el iidioma,0,0,0,1,2,3,1,1,0,0,0,0,0,0,0,,4,5,0,0,0,0,0,1,1,0,0,,2,3,4,4
6e6e74c6-ad8b-41f4-b97c-49d3134fc83b,624992437,1,11/10/2024 22:52,11/10/2024 22:58,393,end,complete,509018d75d5b147b,P5_4#1#value|P5_2#1#value|P5_3#1#value|P5_5#1#value|P5_1#1#value,1,2,47,co_0,5,7,6,79,5,98,3,6,3,mercancia,disney,series,croissant,anime,1,80,1,90,1,80,1,90,1,80,1,1,0,0,0,,,,3,3,3,,3,1,1,2,4,"quizas en alguna tienda o mall chino.... el minimo, por lo general no veo a los chinos",muy pocas o nulas,0,0,0,1,2,1,1,0,0,0,0,0,0,0,1,no tengo idea,1,4,0,0,0,0,0,1,0,0,0,,2,2,4,3
954e471f-08dc-4fc4-a1b3-0e96145b0394,625110582,1,13/10/2024 0:23,13/10/2024 0:34,648,end,complete,50c57b52f0308bf0,P5_4#1#value|P5_1#1#value|P5_2#1#value|P5_5#1#value|P5_3#1#value,3,1,36,co_0,4,8,5,41,5,98,3,6,3,Productos,Dollar,Series,Torre eiffet,Anime,1,70,1,90,1,60,1,90,1,70,3,1,0,0,0,,,,2,3,1,1,2,2,2,2,2,Solo si compro en alguna tienda china,Indiferente,1,1,0,0,1,3,1,1,1,1,0,0,1,1,0,,2,4,0,0,0,0,0,1,0,0,0,,3,1,2,4
19da4c44-998b-433c-9bc8-f99aac2e44e7,624700457,1,10/10/2024 16:15,10/10/2024 16:25,596,end,complete,512222c73930d39b,P5_5#1#value|P5_2#1#value|P5_3#1#value|P5_1#1#value|P5_4#1#value|P6A#4#value,1,1,71,co_0,7,9,4,27,2,98,3,3,1,Inteligentes,Imperio,K-pop,Humanismo,Trabajadores,1,70,1,30,1,50,1,90,1,70,2,0,1,1,1,Huawei,Tian Quing,ByD,2,1,1,1,2,2,2,2,1,Ocasionalmente cuando voy a comer a un lugar de comida china o a comprar a un mall chino.,No tengo opinion.,1,1,0,0,2,1,1,1,1,1,0,0,0,0,0,,3,4,0,0,0,0,0,1,0,1,0,,2,99,4,5
4654d744-6886-40dd-aaf9-4ac49d3daf59,625243697,1,14/10/2024 11:24,14/10/2024 11:35,690,end,complete,515a55139f76969d,P5_5#1#value|P5_3#1#value|P5_2#1#value|P5_4#1#value|P5_1#1#value,3,1,50,co_0,5,7,6,79,5,98,2,5,1,Acaparador de poder,Torres gemelas,País en peligro,Torre ifel,Bomba atómica,1,0,1,80,1,90,1,90,1,100,1,1,0,0,0,,,,5,2,1,4,2,1,1,2,1,Cuando compro comida,Son muy sinvergüenza,0,1,0,0,2,1,1,1,1,1,0,0,0,1,0,,2,4,0,0,1,0,1,0,0,0,0,,99,99,3,4
f49657c3-13c3-41fe-996f-c0f785b2f3e5,624970641,1,11/10/2024 20:36,11/10/2024 20:45,557,end,complete,5164693c0ad47db5,P5_4#1#value|P5_3#1#value|P5_2#1#value|P5_5#1#value|P5_1#1#value,3,2,36,co_0,4,5,6,93,6,98,3,5,4,Tecnología,Dólares,Autos,Alimentos,Potencia,1,90,1,40,1,80,1,50,1,90,1,1,0,0,0,,,,3,3,3,,3,1,2,2,2,En el moll chino,Normales,1,0,0,0,2,3,1,1,1,1,0,0,1,0,0,,2,4,1,0,0,0,0,0,0,1,0,,3,3,3,4
2f9ce62f-ba38-4fbc-991c-52b3fee34b24,625430044,1,15/10/2024 9:15,15/10/2024 9:26,619,end,complete,5188005ff7482a95,P5_3#1#value|P5_2#1#value|P5_4#1#value|P5_5#1#value|P5_1#1#value,3,2,32,co_0,3,5,16,190,6,4,3,10,2,Comunismo,Derecha,Cominismo,Derecha,Comunismo,1,0,1,100,1,100,1,100,1,0,1,1,0,0,0,,,,5,2,2,3,5,2,2,1,2,En restaurant,Solo los he visto,1,0,0,0,2,4,1,1,1,1,0,1,0,1,1,Que traigan sus productos de mala calidad aqui,4,1,0,0,0,0,1,0,1,0,0,,99,2,3,3
e6ae8ff2-1bdf-4da9-b8b6-7365e97dbfd0,624997985,1,11/10/2024 23:36,11/10/2024 23:46,569,end,complete,518db2ca157c5412,P5_4#1#value|P5_3#1#value|P5_5#1#value|P5_1#1#value|P5_2#1#value,3,2,49,co_0,5,5,8,143,6,98,3,6,1,Explotación,Potencia,Musica pop,Vacaciones,Proveedores,1,30,1,80,1,50,1,80,1,70,1,0,1,1,1,Chaomi,Huawei,Kioto,4,3,3,,4,2,2,2,2,No tengo relaciones,No tengo comunicación,1,1,0,0,2,4,1,1,1,1,0,0,0,1,0,,1,4,1,0,1,0,0,0,0,0,0,,2,2,2,4
cf03a15b-f9ba-40c1-84cb-80316af6983e,624557021,1,09/10/2024 21:16,09/10/2024 21:20,277,end,complete,51d1076038b4524a,P5_3#1#value|P5_5#1#value|P5_1#1#value|P5_4#1#value|P5_2#1#value,3,1,33,co_0,3,8,3,17,3,98,1,5,1,Tecnología,Guerra,Nada,Futbol,Disciplina,1,100,1,50,1,50,1,50,1,100,1,1,0,0,0,,,,5,1,1,5,1,1,1,1,1,Trabajo,Buenas,1,0,0,0,1,3,1,1,0,0,0,0,0,0,0,,4,5,0,0,0,0,0,0,0,1,0,,1,1,1,5
daf2c326-5ba1-4522-96c6-400d889077ac,624726680,1,10/10/2024 18:01,10/10/2024 18:13,685,end,complete,51d5c75326c5adc3,P5_1#1#value|P5_5#1#value|P5_4#1#value|P5_2#1#value,1,1,66,co_0,7,5,12,268,5,98,1,5,1,productos baratos,vehiculos seguros,productos baratos,la torre eifel,vehiculos de buena calidad,1,50,1,80,999,,1,70,1,60,1,1,0,0,0,,,,4,3,1,5,2,1,2,2,2,cuando compreo en algun mall chino.,ni buena ni mala porque la única interacción es pagar el producto que llevo.,0,1,0,0,2,1,1,1,1,1,0,1,0,0,0,,2,5,0,0,0,0,0,0,1,0,0,,2,1,3,3
4626db26-b83b-4933-9153-66a94470f3e1,625362610,1,14/10/2024 21:42,14/10/2024 21:57,911,end,complete,528a8dc0b1f372fa,P5_4#1#value|P5_5#1#value|P5_2#1#value|P5_3#1#value|P5_1#1#value,1,1,39,co_0,4,5,3,17,6,98,1,5,2,Desarrollo Tecnologico,Inversiones,Turismo,Turismo,Turismo,1,60,1,50,1,40,1,50,1,80,1,0,1,1,1,Hisense,Lenovo,Xiaomi,1,3,3,,2,2,2,2,2,"Cuando busco contenido para distraerme mediante Youtube por ejemplo relacionado con gastronomia, asmr","En su mayoria positivas, aunque lo que he llegado a ver esque el tema de ir de turismo hacia alla es muy complicado en cuanto a la relacion de idiomas, pero en su mayoria son amables.",1,1,0,0,1,3,1,0,0,0,0,0,0,1,0,,2,4,0,0,0,0,0,1,0,1,0,,2,3,4,5
ef84ab9d-8964-442a-b8a3-405ba4dafc25,625065407,1,12/10/2024 14:28,12/10/2024 14:43,910,end,complete,5348d433547d0f9d,P5_3#1#value|P5_4#1#value|P5_2#1#value|P5_5#1#value|P5_1#1#value,3,2,50,co_0,5,5,5,41,6,98,3,3,1,Tecnología,Donald Trump,Diversidad cultural,"La torre ifel,macront",Importaciones,1,50,1,100,1,100,1,100,1,70,1,1,0,0,0,,,,2,3,1,3,3,1,1,1,4,Un jefe de mi hijo,Buenas,1,0,0,0,2,4,2,,,,,,,,,,2,5,0,0,0,0,0,1,1,0,0,,3,99,4,4
b2ec52dc-d35a-447e-97e2-adf3ec269de4,625264375,1,14/10/2024 13:52,14/10/2024 14:05,823,end,complete,5352852016059c15,P5_2#1#value|P5_4#1#value|P5_5#1#value|P5_1#1#value,3,1,32,co_0,3,7,6,100,7,4,3,6,2,Manufactura,Economia,Conflicto,Inestabilidad,Cultura,1,70,1,50,999,,1,30,1,90,3,0,1,1,1,Huawei,Xiaomi,Aliexpress,1,3,2,1,2,2,2,1,2,Compra de materiales,Buenas sin mayores complicaciones,0,0,0,1,2,3,2,,,,,,,,,,1,5,0,0,0,0,0,1,0,0,0,,1,2,4,4
e099e112-6d52-4cba-85c5-73a8051c168b,624560198,1,09/10/2024 21:35,09/10/2024 21:45,629,end,complete,53b4a2546cf938d6,P4_4|P5_2#1#value|P5_5#1#value|P5_4#1#value|P5_3#1#value|P5_1#1#value,3,1,43,co_0,4,8,10,247,3,4,2,4,1,Dictadura,Entrometidos,Dictadura,Ue,Irochima,1,20,1,35,1,20,1,45,1,30,1,1,0,0,0,,,,2,1,1,3,2,2,2,2,3,Solo en comprar sus priductos,No e tenido,0,1,0,0,2,4,2,,,,,,,,,,3,2,0,0,1,0,0,0,0,0,0,,2,3,3,4
56bd6291-3147-4497-8443-1d5b0abd225b,624991174,1,11/10/2024 22:43,11/10/2024 22:51,487,end,complete,547a78521428b79f,P5_4#1#value|P5_3#1#value|P5_5#1#value|P5_1#1#value|P5_2#1#value,3,2,26,co_0,3,5,4,27,6,3,3,10,3,Tokio,Miame,Hombres,Torre,Interesante,1,90,1,50,1,100,1,100,1,80,3,1,0,0,0,,,,2,3,1,3,3,2,2,1,1,Por trabajo,Buenos jefes,1,0,0,0,2,4,2,,,,,,,,,,3,4,0,0,0,0,0,1,1,0,0,,3,3,1,3
09e7f1b9-603a-4a9b-8b0e-567f6091ae6f,625316016,1,14/10/2024 17:35,14/10/2024 17:45,594,end,complete,54fb666880c95633,P5_1#1#value|P5_4#1#value|P5_5#1#value|P5_3#1#value|P5_2#1#value,3,1,64,co_0,6,5,6,79,7,3,3,6,2,Construccion,Potencia,Guerra,Turismo,Luces,1,30,1,60,1,10,1,20,1,40,1,0,1,1,1,Aliexpres,Jac,Furton,2,3,2,3,2,2,1,2,1,No tengo,Solo en negocios,0,0,0,1,2,2,1,0,1,0,0,0,0,0,0,,4,4,0,0,1,0,0,1,0,0,0,,2,2,4,3
e8ece00e-eefd-411f-99a4-3dd484d4ebc8,624993094,1,11/10/2024 22:57,11/10/2024 23:24,1634,end,complete,5521dd2635744ff9,P5_4#1#value,3,2,45,co_0,5,7,10,232,6,3,4,1,4,Autos,Estatua de la libertad,Trabajo,Pizza,Celular,999,,999,,999,,1,70,999,,3,1,0,0,0,,,,3,4,1,3,5,1,2,1,4,Colegas,Bastantes fabulosos,0,0,0,1,2,4,1,0,0,0,0,0,0,0,1,No lo sé,3,4,0,0,1,1,0,0,0,0,0,,99,99,4,4
3c20e2c8-966d-4d3b-865a-4a751f3816a4,624776959,1,10/10/2024 22:02,10/10/2024 22:18,919,end,complete,553f443b3a3972c9,P5_2#1#value|P5_4#1#value|P5_3#1#value|P5_5#1#value|P5_1#1#value|P6A#4#value,3,1,72,co_0,7,7,6,79,3,1,2,4,1,Industria,Polución,Industria,Cultura,Culturs,1,70,1,40,1,70,1,60,1,70,2,0,1,1,1,Chery,Habal,Byd,4,2,1,2,2,1,1,2,2,En comercio,Normal pero lejana,1,0,0,0,2,2,1,1,0,0,0,0,0,0,0,,3,5,0,0,1,0,0,1,0,0,0,,2,3,3,4
0fe8cd27-b815-4071-bfa1-59d31bff40d6,624981196,1,11/10/2024 21:41,11/10/2024 21:51,600,end,complete,56f73562c46082ad,P5_4#1#value|P5_3#1#value|P5_2#1#value|P5_1#1#value|P5_5#1#value,3,2,51,co_0,5,7,5,67,6,3,3,7,2,Producción,Derecha,Izquierda,Igualdad,Producción,1,50,1,100,1,0,1,100,1,50,1,0,1,1,1,"China aeroespace, Xiaomi, Huawei",Xiaomi,Huawei,4,3,1,5,2,1,1,2,4,Mall chinos,"En los mall chinos , son amables",1,0,0,0,2,3,2,,,,,,,,,,1,5,0,0,0,1,0,0,1,0,0,,1,1,3,3
788093a9-435f-4073-80b4-dc85f3d64af3,624693720,1,10/10/2024 15:49,10/10/2024 15:55,395,end,complete,572b69f9219f91bf,P4_3|P5_2#1#value|P5_4#1#value|P5_3#1#value|P5_5#1#value|P5_1#1#value,3,2,19,co_0,2,5,3,17,5,98,3,4,1,Mall chino,Vivir,Bts,Torre Eiffel,Juegos,1,10,1,80,1,60,1,30,1,30,3,1,0,0,0,,,,2,3,3,,4,1,1,2,2,Comprando en malls chinos,"Corta, cordial",0,1,0,0,1,1,1,1,1,1,0,0,0,0,0,,2,4,0,1,0,0,0,1,0,0,0,,3,2,2,5
39e50434-bdb2-4a51-8926-029289bb7e7b,625059624,1,12/10/2024 13:31,12/10/2024 13:48,1014,end,complete,57ad04b84c198836,P5_3#1#value|P5_2#1#value,3,2,48,co_0,5,5,2,12,6,98,3,5,4,Potencia comercial,Potencia mundial,Cultura diferente,País bonito,Comercio,999,,1,50,1,50,999,,999,,3,1,0,0,0,,,,3,2,1,3,2,1,1,2,2,Al comprar,Buena,0,0,0,1,2,1,1,0,0,0,0,0,0,1,0,,1,3,0,0,0,0,0,1,0,1,0,,2,3,4,3
f10989ed-cedd-4d4a-bb80-185a49a11a93,625088130,1,12/10/2024 18:51,12/10/2024 19:05,885,end,complete,587c75cff5fb0cb9,P5_1#1#value|P5_3#1#value|P5_2#1#value|P5_5#1#value|P5_4#1#value,3,2,49,co_0,5,6,5,61,5,98,4,5,4,Comida,Hamburguesas,Series coreanas,Perfumes,Sushi,1,50,1,50,1,30,1,90,1,20,1,1,0,0,0,,,,3,4,2,3,3,2,2,2,3,Restaurante y malla chino,Buena,0,1,0,0,2,3,1,1,1,1,1,1,1,1,0,,4,2,0,0,0,0,0,1,0,0,0,,2,99,3,3
30e3cffa-f7b4-4635-bc84-078d145ca8ed,624974740,1,11/10/2024 21:01,11/10/2024 21:07,374,end,complete,589faf0b35951aa6,P5_5#1#value,3,2,25,co_0,3,7,10,228,6,98,3,10,2,Temu,Chiken nuggets,Lindo,Plenitud,Comida rica,999,,999,,999,,999,,1,100,3,1,0,0,0,,,,1,3,1,1,5,1,2,2,1,Mall chino o restaurant,Muy grato,0,0,0,1,2,4,1,0,0,0,1,0,0,0,0,,4,2,0,1,0,0,0,0,1,0,0,,99,2,3,4
bcedd68b-8691-4369-8996-b32a19671140,624727954,1,10/10/2024 18:07,10/10/2024 18:16,530,end,complete,5929358c275834ba,P5_5#1#value|P5_4#1#value|P5_3#1#value|P5_1#1#value|P5_2#1#value,1,1,75,co_0,7,8,4,27,3,98,2,3,1,GRANDE,UNA POTENCIA,UN PAIS,HERMOSA,RARO,1,30,1,20,1,10,1,20,1,20,3,1,0,0,0,,,,2,3,1,5,2,2,2,2,4,"EN NADA, SOLO COMERCIO",BIEN POR AHORA,0,1,0,0,2,1,2,,,,,,,,,,4,4,0,0,0,1,0,0,1,0,0,,2,3,3,4
9892cb2a-c8bb-4a25-af44-fa9708b5982b,625305584,1,14/10/2024 16:48,14/10/2024 17:07,1150,end,complete,594c0a1196f3197c,P5_1#1#value|P5_4#1#value|P5_3#1#value|P5_5#1#value|P5_2#1#value,1,1,61,co_0,6,8,16,175,6,98,1,6,4,importador,importador,exportador,importador,exportador,1,70,1,60,1,70,1,50,1,60,1,1,0,0,0,,,,2,2,1,3,1,2,2,2,1,restauranes,positivas,1,1,0,0,2,3,1,1,1,1,0,0,0,0,0,,3,5,0,0,0,0,0,1,1,0,0,,2,2,2,4
40e43616-da12-4b66-bf97-78860562da4c,625307054,1,14/10/2024 16:54,14/10/2024 17:03,551,end,complete,59db8a8a94c20502,P5_2#1#value|P5_4#1#value|P5_5#1#value|P5_1#1#value|P5_3#1#value,3,1,30,co_0,3,8,2,8,6,98,1,7,2,Productos,Países aliados,Musica,Lugares turísticos,Tecnología,1,50,1,78,1,60,1,60,1,80,1,0,1,1,1,Foton,Chery,Lifan,5,1,1,4,3,2,1,2,2,Cuando compro productos para el hogar o festivos o incluso cuando compro comida,Positivas en comparación con personas venezolanas,1,1,0,0,2,3,1,1,1,0,0,0,0,0,0,,2,4,0,0,0,0,0,0,0,1,0,,2,2,4,4
a378b67b-15d8-45f7-b410-0f63e07164cc,624791540,1,10/10/2024 23:48,10/10/2024 23:57,577,end,complete,5a6839df991aff5d,P5_4#1#value,3,2,22,co_0,2,9,3,17,7,6,3,6,2,pino,gordos,locos,locos,feo,999,,999,,999,,1,30,999,,2,1,0,0,0,,,,3,3,2,3,2,1,1,1,3,empresas,empresas,0,1,0,0,2,2,1,0,1,0,1,0,0,1,0,,4,4,0,0,0,1,0,1,0,0,0,,2,2,2,4
d7c728c4-a365-4c24-be87-e61478049fbb,624694543,1,10/10/2024 15:52,10/10/2024 16:00,491,end,complete,5a89a17a09f7f8ad,P5_4#1#value|P5_5#1#value|P5_3#1#value|P5_1#1#value|P5_2#1#value,3,1,70,co_0,7,7,15,343,5,1,1,4,1,Desarrolla,America,Autos,Vacaciones,Tecnología,1,80,1,70,1,70,1,70,1,70,1,0,1,1,1,Sangyong,Huawei,Chery,2,1,1,5,4,1,2,2,2,No tengo,Ninguna,1,1,0,0,2,2,2,,,,,,,,,,3,5,0,0,0,0,0,0,0,1,0,,3,3,2,2
7308f7ed-6bf9-41b6-bf4a-3643355d808a,624560679,1,09/10/2024 21:38,09/10/2024 21:45,406,end,complete,5afc87f5bf7ab306,P5_5#1#value|P5_1#1#value|P5_3#1#value|P5_4#1#value|P5_2#1#value,3,1,33,co_0,3,8,13,293,5,3,3,7,4,Proveedores,Fanaticos,Kpop,Gente desagradable,Excelencia,1,70,1,60,1,70,1,30,1,100,1,0,1,1,1,Baltex,Geely,Jetour,1,3,3,,1,1,1,1,2,"Trabajo, tenían una compañera de ascendencia china",Agradable,0,0,0,1,2,4,2,,,,,,,,,,3,5,0,0,0,0,0,1,0,1,0,,3,2,4,4
50866e32-7c57-400f-9145-279617692341,624693031,1,10/10/2024 15:47,10/10/2024 15:53,382,end,complete,5b12f662cad2bca3,P5_2#1#value|P5_1#1#value|P5_3#1#value|P5_5#1#value|P5_4#1#value,3,2,22,co_0,2,5,14,331,5,9,3,5,1,Trabajo,Comercio,Tecnología,Relajo,Innovación,1,80,1,90,1,85,1,90,1,85,1,0,1,1,1,Zhonzhen,Kia,Aoc,3,3,1,4,2,1,1,1,3,En trabajos,Son muy mandones,1,0,0,0,2,2,1,0,1,0,0,0,0,0,0,,4,4,0,0,0,0,0,1,1,0,0,,2,2,4,4
ceb72efd-a328-4d30-9230-8609fb1493ba,625530424,1,15/10/2024 17:39,15/10/2024 17:46,431,end,complete,5b47a2923301ca6b,P5_3#1#value|P5_4#1#value|P5_2#1#value|P5_1#1#value|P5_5#1#value,3,1,27,co_0,3,8,16,175,4,98,3,7,3,Covid,Comida rápida,Kpop,Vinos,Anime,1,65,1,85,1,80,1,70,1,90,1,0,1,1,1,JAC,CHERY,TENCENT,3,1,1,3,4,1,1,2,3,Por trabajos en los mall chinos,Buena,1,0,0,0,1,2,2,,,,,,,,,,4,4,0,1,0,0,0,0,0,1,0,,3,1,2,3
729a2c6f-d368-4d43-8553-9dc118a8c16c,625365053,1,14/10/2024 21:58,14/10/2024 22:03,271,end,complete,5b5812502da9912c,P4_2|P4_1|P4_5|P4_4|P4_3|P5_5#1#value|P5_3#1#value|P5_4#1#value|P5_2#1#value|P5_1#1#value|P6A#4#value,3,1,39,co_0,4,5,16,181,6,6,2,8,3,50,50,30,30,10,1,10,1,10,1,10,1,10,1,50,2,0,1,1,1,Magi,Upo,Mh,4,2,2,4,3,1,1,1,2,Avaygkj gjj,Eccema,1,1,1,0,1,1,1,0,0,1,1,1,0,0,0,,1,4,1,0,1,0,0,0,0,0,0,,2,2,3,4
3eef0eee-72cb-4c8d-af3b-33253fe56c38,625341801,1,14/10/2024 19:45,14/10/2024 20:18,1949,end,complete,5bb4a85d1b7f2d11,P5_5#1#value|P5_2#1#value|P5_3#1#value|P5_4#1#value|P5_1#1#value,1,1,28,co_0,3,5,3,17,6,98,3,5,2,Desarrollo Tecnologico,Atractivos Turisticos,Turismo,Futbol,Gastronomia,1,40,1,40,1,30,1,30,1,70,1,0,1,1,1,Xiaomi,zte,Hauwei,1,3,1,3,2,2,2,2,2,"Cuando juegos videojuegos o cuando estoy buscando IRL mediante Twitch, Youtube para ir conociendo diversas culturas, mediante los comentarios/chat","La mayoria de las veces con consultas sobre videojuegos, comida, en su mayoria positiva",1,0,0,0,1,1,1,0,0,0,0,0,0,1,0,,2,5,0,0,0,0,0,0,1,1,0,,2,3,1,5
77cd7874-752b-40f2-9300-052d13832004,625196103,1,13/10/2024 23:04,13/10/2024 23:12,475,end,complete,5c0dfad7fc8f23b8,P5_2#1#value,3,1,40,co_0,4,6,7,139,5,6,3,5,3,Dragon,Disney,Chowchow,Eifel,Anime,999,,1,6,999,,999,,999,,1,0,1,1,1,Donfeng haval,Mall,Chery,4,4,3,,5,1,1,2,1,En restaurant,Tranquila,0,0,0,1,2,2,1,1,0,0,0,0,0,0,0,,4,4,0,0,1,0,0,1,0,0,0,,3,3,3,3
82c5f38f-687a-448f-9467-af091fa5a74b,624779087,1,10/10/2024 22:16,10/10/2024 22:23,413,end,complete,5c454d18681d6f6b,P5_4#1#value|P5_1#1#value|P5_5#1#value|P5_3#1#value|P5_2#1#value,3,1,72,co_0,7,7,15,343,5,98,3,5,1,Comercio,Poder,Tranquilo,Torre eiffel,En bajada,1,90,1,100,1,80,1,80,1,80,1,0,1,1,1,Todo,Todo,Todo,2,2,3,,3,1,1,1,3,Amigo comerciante,Buena,1,1,0,0,2,1,2,,,,,,,,,,1,4,0,0,0,0,0,1,1,0,0,,1,1,1,4
eb330efc-22a4-42c4-9783-a56e44eb1c8b,625067862,1,12/10/2024 14:55,12/10/2024 15:07,752,end,complete,5c54fc11c75f96b7,P5_4#1#value|P5_5#1#value|P5_1#1#value|P5_3#1#value|P5_2#1#value,1,2,61,co_0,6,7,2,12,5,98,3,5,4,economia,imperio,turismo,cultura,historia,1,80,1,20,1,50,1,30,1,90,3,0,1,1,1,ali expres,toyota,isuzu,1,3,1,3,3,1,1,1,4,conocidos,"positivas, con amistad",0,0,0,1,2,3,2,,,,,,,,,,1,4,0,0,0,0,0,1,1,0,0,,2,3,4,2
dadbb1c7-918a-4636-b0d9-5a5eb3677220,624563166,1,09/10/2024 21:53,09/10/2024 22:03,576,end,complete,5c62da234b6a2dc9,P5_3#1#value|P5_5#1#value|P5_4#1#value|P5_1#1#value|P5_2#1#value,3,2,48,co_0,5,5,13,300,6,98,2,8,2,Muralla china,Miami,No se,Torre eifel,Suchi,1,50,1,100,1,50,1,60,1,50,1,1,0,0,0,,,,3,3,1,3,2,1,1,1,2,No me acuerdo,Buena,0,1,0,0,2,4,2,,,,,,,,,,2,3,0,0,0,1,0,1,0,0,0,,2,2,4,4
6cd40bd7-f6b0-406e-8bbe-befde24bd33f,624558250,1,09/10/2024 21:23,09/10/2024 22:00,2246,end,complete,5c97ad190a536d77,P5_1#1#value|P5_2#1#value|P5_4#1#value,3,2,60,co_0,6,8,13,292,2,98,3,5,3,Comercio,Desarrollo,Libertad,Turismo,Cultura,1,50,1,80,999,,1,80,999,,1,1,0,0,0,,,,2,3,2,2,2,1,1,2,1,No la tengo,Solo de atención personal a público,1,0,0,0,2,3,1,0,1,0,0,0,0,0,0,,1,4,0,0,0,0,0,0,1,1,0,,2,2,4,2
9f3ad02a-c389-4377-9028-2a72af7823dd,624929043,1,11/10/2024 17:07,11/10/2024 17:12,316,end,complete,5cdcc1f4507f6c5d,P5_2#1#value|P5_1#1#value|P5_5#1#value|P5_4#1#value|P5_3#1#value,3,1,18,co_0,2,5,14,336,4,98,3,5,3,Sobrepoblación,Tiroteos,Kpop,Mbappe,Anime,1,50,1,80,1,80,1,80,1,100,3,1,0,0,0,,,,3,3,2,3,3,2,2,2,1,Ninguno.,No he tenido interacción,1,1,0,0,2,2,2,,,,,,,,,,2,4,0,0,0,0,0,0,1,0,0,,2,2,3,3
106b5754-82e9-4380-a4d0-df288fd18793,624755047,1,10/10/2024 20:10,10/10/2024 20:23,816,end,complete,5d89cca9203d5a9d,P5_5#1#value,3,2,70,co_0,7,8,2,8,3,98,2,4,1,Ropa china,Ingles,Lejos,Eifel,Habilidosos,999,,999,,999,,999,,1,100,1,1,0,0,0,,,,4,2,1,4,2,1,1,2,4,Ningunosolo en los negocios chinos,"No he tenido,",0,0,0,1,2,1,1,0,1,1,0,0,0,0,0,,1,4,0,0,1,1,0,0,0,0,0,,2,3,4,4
3d5498c4-8b5b-44ab-88fa-63dee794bee5,625044877,1,12/10/2024 10:41,12/10/2024 10:53,723,end,complete,5fa4bfad2d99707d,P5_1#1#value,3,2,53,co_0,5,4,6,104,6,98,3,10,2,Casas desechables,Potencia mundial,Miedo,No se,Progreso,1,50,999,,999,,999,,999,,3,1,0,0,0,,,,5,4,1,4,4,1,1,1,1,Apoderados del colegio,Normal,1,0,0,0,2,2,1,0,1,1,0,0,0,1,0,,4,3,0,0,0,0,0,0,1,0,0,,2,1,4,3
36964717-281c-46c9-9df5-2aef713744ea,626162343,1,18/10/2024 15:59,18/10/2024 16:16,1057,end,complete,5fb55d3acb484812,P5_4#1#value|P5_3#1#value|P5_2#1#value|P5_5#1#value|P5_1#1#value|P6A#4#value,3,1,20,co_0,2,7,1,2,7,98,3,6,1,Un buque en el puerto cargado con mercadería de china,New York,El presidente,La torre eiffel,Su cultura,1,20,1,100,1,30,1,50,1,20,1,0,1,1,1,Huawei,Xiaomi,MG,2,3,1,5,2,1,1,1,3,Cuando voy a un restaurante chino,Excelente,1,1,0,0,2,2,1,0,1,0,0,0,0,1,0,,2,4,0,0,1,0,0,0,0,0,0,,2,2,4,5
6d7351cb-d65a-468a-8975-444855c030ac,624966268,1,11/10/2024 20:09,11/10/2024 20:29,1213,end,complete,60869510917461b2,P5_2#1#value,3,2,47,co_0,5,2,11,258,7,98,2,6,3,Comunista,Democrata,Dictadura,Democrata,Democrata,999,,1,90,999,,999,,999,,2,1,0,0,0,,,,4,1,2,4,2,1,2,2,3,Solo comprar en mool,No opino,1,0,0,0,2,3,1,0,1,1,0,1,0,0,0,,2,4,0,1,1,0,0,0,0,0,0,,3,3,3,3
66d751c0-2ae9-4ee2-a342-778008f9df9a,625398731,1,15/10/2024 3:07,15/10/2024 3:19,711,end,complete,60a0c257d3c8a36f,P5_1#1#value|P5_2#1#value,1,1,33,co_0,3,5,6,84,6,98,3,5,1,potencia,Oportunidades,conflictivo,lo desconosco,lo desconosco,1,100,1,80,999,,999,,999,,1,1,0,0,0,,,,1,3,3,,3,2,2,2,1,no tengo contacto con nadie de china,mas o menos,0,0,0,1,2,3,1,1,0,0,0,0,0,0,0,,2,3,0,0,0,0,0,0,0,1,0,,99,99,4,3
1d4a4750-6890-4494-8d1b-4a46f7681a01,624818547,1,11/10/2024 4:33,11/10/2024 4:51,1089,end,complete,60c0571414f9d0c6,P5_1#1#value|P5_3#1#value|P5_4#1#value|P5_2#1#value|P5_5#1#value,3,2,23,co_0,2,7,7,112,5,98,3,5,1,Negocio,Moderno,Tradición,Elegante,Innovación,1,60,1,80,1,70,1,45,1,90,3,1,0,0,0,,,,3,3,3,,3,2,1,1,3,En mall chinos o en algunas ferias y negocios.,"Bastante normales, son personas muy enfocadas en su trabajo por lo que a veces resultan un poco intimidantes",0,1,0,0,2,4,2,,,,,,,,,,4,4,0,0,1,0,0,1,0,0,0,,2,1,4,4
9cdb5f0e-fb43-47fa-952e-e1a8e5c657c9,626162846,1,18/10/2024 16:01,18/10/2024 16:10,538,end,complete,6131f7acc8242123,P4_3|P5_1#1#value|P5_4#1#value|P5_3#1#value|P5_5#1#value|P5_2#1#value,3,1,20,co_0,2,7,16,178,6,98,2,10,2,Comida china,Trump,Bts,Baguets,Sushi,1,50,1,100,1,100,1,98,1,100,1,1,0,0,0,,,,5,1,3,,3,1,2,2,3,Ningun contacto,Ninguna interacción,1,1,0,0,2,1,1,1,1,1,0,0,0,1,0,,4,4,0,0,0,1,1,0,0,0,0,,2,1,2,2
a142bbd3-4fc6-487d-a5ee-cdf61c6fcdfa,625206655,1,14/10/2024 2:01,14/10/2024 2:06,312,end,complete,61932cb143a593b3,P5_2#1#value,3,1,53,co_0,5,5,15,343,5,98,1,3,1,Arroz,Dólar,Arroz,Champagne,Arroz,999,,1,50,999,,999,,999,,3,1,0,0,0,,,,4,1,1,4,2,1,1,1,4,no tengo interacción,No tengo in,1,0,0,0,2,1,1,1,0,0,0,0,0,0,0,,4,4,0,0,0,0,0,1,0,0,0,,3,3,2,4
c25a4e3e-2710-414f-abc8-bc4f62592db4,624977947,3,11/10/2024 21:19,11/10/2024 21:58,2332,end,complete,61da553512644d74,P5_2#1#value|P5_1#1#value|P5_5#1#value|P5_4#1#value,3,2,55,co_0,6,7,1,1,6,3,3,5,3,Skincare,Nueva York,Sus mandatarios,La torre Eifell,Sus edificaciones,1,60,1,55,999,,1,58,1,50,1,1,0,0,0,,,,2,3,2,2,3,2,2,2,2,En mi niñez tuve contacto con una familia y ahora vecinos lejanos,En general han sido agradables sobre todo esa manera serena de ser.,1,1,1,0,2,3,1,1,1,0,1,0,1,0,1,Agua,4,4,0,0,0,1,0,1,0,0,0,,2,3,4,4
cebe6c49-ea65-492c-989c-ad9a630777d1,625063474,1,12/10/2024 14:09,12/10/2024 14:16,411,end,complete,62840c05938b0959,P5_5#1#value|P17,3,1,50,co_0,5,7,6,96,6,4,3,2,1,Proveedor,Corrupcion,Inversion,Romance,Tecnología,999,,999,,999,,999,,1,100,1,1,0,0,0,,,,1,2,1,3,1,1,2,2,4,Solo voy de compras a los malla chinos,Nóooooooooo,0,1,0,0,2,3,1,1,1,1,0,1,0,0,0,,2,4,1,0,0,0,0,0,0,0,0,,2,99,1,4
c264ed8e-96eb-4d10-a6a7-d8bc6fa4b079,625304758,2,14/10/2024 16:45,16/10/2024 20:10,678,end,complete,62a4fbb6ab3da753,P5_2#1#value|P5_1#1#value|P5_3#1#value|P5_5#1#value|P5_4#1#value,3,1,42,co_0,4,5,12,268,6,98,1,5,2,Guerra,Nada,Guerra,Mi hija,Samurai,1,20,1,50,1,20,1,70,1,100,3,0,1,1,1,"Aliexpress,",Toshiba,Panasonic,5,1,1,4,5,2,1,2,4,Atraves de aliexpress,Buenas,1,0,0,0,2,4,1,0,1,1,0,0,0,1,0,,1,2,1,0,0,0,0,0,0,0,0,,99,99,4,3
3eec631b-a428-4dc4-aaf8-dc851c45c92b,626058312,1,18/10/2024 2:43,18/10/2024 2:52,533,end,complete,62d661db3920d4cd,P5_1#1#value|P5_5#1#value|P5_4#1#value|P5_2#1#value|P5_3#1#value,3,1,25,co_0,3,7,3,17,6,98,2,8,2,Arroz,Capitalismo,No sé,Bufandas,Anime,1,50,1,80,1,50,1,70,1,80,2,1,0,0,0,,,,2,2,1,3,3,1,1,2,2,Comprando en mall chino o comida china,Efímeras,1,0,0,0,2,1,1,0,0,0,0,1,0,0,0,,3,4,0,0,0,0,0,0,1,0,0,,2,2,2,4
bdb8c2f1-1c4c-44cc-a5bf-a7c2d984f477,625763134,1,16/10/2024 18:35,16/10/2024 18:43,486,end,complete,63348d5677db06d3,P5_4#1#value|P5_2#1#value|P5_5#1#value|P5_3#1#value|P5_1#1#value,3,2,29,co_0,3,5,16,175,7,3,3,10,2,Proveedor,Guerra,Guerra,Guerra,Proveedor,1,100,1,100,1,100,1,100,1,100,3,1,0,0,0,,,,1,4,3,,5,1,1,2,4,En los mall chino esta lleno aquí en chillan,Pésima me siguen por todo el local están locos,0,0,0,1,2,2,1,0,0,0,0,0,0,0,1,Nose,4,1,1,0,0,0,0,0,0,0,0,,99,2,2,1
06a6b239-9002-4b2e-be09-66a7683335c9,625296409,1,14/10/2024 16:13,14/10/2024 16:20,409,end,complete,636d88aa3585dfb4,P5_4#1#value|P5_5#1#value|P5_3#1#value|P5_2#1#value|P5_1#1#value,3,1,25,co_0,3,5,7,112,6,2,2,1,1,Sobrepoblacion,Capitalismo,Tecnología,Ratas,Anime,1,50,1,0,1,0,1,0,1,0,2,1,0,0,0,,,,3,2,1,3,2,1,1,1,3,En los restaurantes y tiendas,Buenas,0,0,0,1,2,2,2,,,,,,,,,,4,5,0,0,0,0,0,0,1,1,0,,1,3,1,5
69b2e318-9f71-4699-b444-a59102271812,624984877,1,11/10/2024 22:02,11/10/2024 22:14,737,end,complete,63da961f60192a30,P5_2#1#value,3,2,48,co_0,5,5,7,112,6,98,1,6,4,Productos economicos,Poderoso,Turismo,Turismo,Comprador de cobre,999,,1,80,999,,999,,999,,2,1,0,0,0,,,,2,3,1,2,2,1,1,2,2,En el comercio,Comprar en su tienda comercial,0,1,0,0,2,4,1,1,0,0,0,0,0,0,0,,1,4,0,0,0,0,0,1,1,0,0,,3,2,4,3
b9a6e38b-7c40-4c02-888f-2f1b0f9aeb1f,625548985,1,15/10/2024 18:59,15/10/2024 19:05,365,end,complete,63f83ab7f60fbd81,P4_5|P5_2#1#value|P5_3#1#value|P5_5#1#value|P5_1#1#value|P5_4#1#value,3,1,37,co_0,4,3,1,1,6,3,2,9,1,Inventos,Carro,Carate,Idioma,Tv,1,89,1,100,1,100,1,90,1,86,1,1,0,0,0,,,,4,2,1,4,2,1,1,2,4,Amigo y amigas de china,Muy buenas,0,1,0,0,1,3,2,,,,,,,,,,2,4,0,0,0,0,0,1,0,0,0,,1,1,1,4
8c55c9b4-6c7b-4ba8-be34-049d4baa97c1,624561709,1,09/10/2024 21:44,09/10/2024 21:49,299,end,complete,642b45d82bf04bd6,P5_4#1#value|P5_1#1#value|P5_2#1#value|P5_3#1#value|P5_5#1#value|P6A#3#value,3,2,25,co_0,3,8,8,149,6,98,3,4,1,Productos,Economía,Guerra,Pasta,Desarrollo,1,60,1,80,1,40,1,70,1,80,1,0,1,1,1,Chery,ByD,Changan motors,2,3,2,4,2,2,1,1,2,Deportes,Buenas,1,1,0,0,1,1,1,0,1,1,0,1,0,1,0,,2,4,0,0,0,0,0,1,1,0,0,,2,2,4,4
ca18b6e3-654d-4fa8-9fc7-c497f55891f9,625028665,2,12/10/2024 6:18,12/10/2024 6:33,714,end,complete,644a6046b6477b71,P5_3#1#value|P5_5#1#value|P5_1#1#value|P5_4#1#value|P5_2#1#value,3,2,64,co_0,6,6,5,60,6,98,3,3,1,La muralla,Uracanes,El dictador coreano,Revueltas,Terremotos,1,60,1,100,1,10,1,60,1,100,1,0,1,1,1,Havan,Foton,Kia,4,3,1,5,4,1,1,1,2,Solo de vista,Nada especial,0,1,0,0,2,4,1,0,0,0,0,0,1,0,0,,1,2,0,0,1,0,0,0,0,0,0,,1,1,3,3
8f14635e-e359-4f95-a195-cd71c70fb62f,624776514,1,10/10/2024 22:00,10/10/2024 22:13,799,end,complete,6452193419461a04,P5_3#1#value|P5_5#1#value|P5_2#1#value|P5_4#1#value|P5_1#1#value|P6A#3#value,1,1,70,co_0,7,8,5,41,2,98,3,7,2,comercio barato,potencia productos de calidad,pais en progreso,conflictivo,industrial serio,1,70,1,98,1,90,1,70,1,95,2,0,1,1,1,einhell,BYD,Maxus,2,3,1,3,3,1,1,1,4,"familia, comercio y dueña de restaurant",buena,0,0,0,1,2,1,1,1,1,1,0,0,0,0,0,,4,5,0,0,0,0,0,1,1,0,0,,3,2,4,3
d8d1a2d8-f162-4653-b634-4ce6a6f90acd,624709298,1,10/10/2024 16:50,10/10/2024 16:59,521,end,complete,64b22c20a2d57249,P5_5#1#value|P5_1#1#value|P5_4#1#value|P5_2#1#value|P5_3#1#value,3,1,22,co_0,2,8,9,215,4,8,4,6,1,Gigante asiático,Libertad impuesta,Innovación,Libertinaje,Organización,1,78,1,68,1,78,1,67,1,70,3,0,1,1,1,Kawasaqui,Toyota,Huawei,4,2,3,,4,2,2,2,2,Cuando compro en el mall Chino,Buena,0,0,0,1,2,1,1,0,1,1,0,0,0,0,0,,2,4,0,0,0,0,0,0,1,0,0,,2,2,3,4
66c8af86-1404-4cdc-95e8-1a390a8202b0,626221916,1,18/10/2024 20:56,18/10/2024 21:06,577,end,complete,6521950368d61aa7,P5_2#1#value,3,1,57,co_0,6,5,1,2,5,9,3,5,1,Loza,Dólar,Misiles,Torre,Vehículos,999,,1,10,999,,999,,999,,1,1,0,0,0,,,,3,1,1,3,3,1,1,2,4,Ninguna,Buenas,0,0,0,1,2,3,1,1,1,1,0,1,0,0,0,,3,5,0,0,0,0,0,1,0,1,0,,2,2,3,3
27070895-6be0-4383-a242-1a0c666a14f1,624754228,6,10/10/2024 20:06,10/10/2024 20:20,778,end,complete,6545df4cf477238a,P5_2#1#value|P5_3#1#value|P5_1#1#value|P5_4#1#value|P5_5#1#value,3,1,77,co_0,7,8,2,8,2,98,3,7,1,Potencia comercial,Potencia militar,Industria automotriz,Cultura,Tecnología,1,60,1,70,1,70,1,75,1,70,1,0,1,1,1,Tianki,Norinco,Lenovo,3,2,1,3,2,2,1,1,3,Descendientes de segunda generación,"Buena, amables pero su cultura los hace fidtantes",0,0,1,0,2,1,1,0,0,0,0,1,0,0,0,,4,4,1,0,0,1,0,0,0,0,0,,3,3,4,4
0350a425-e98a-4fe5-b443-371343bf4eb1,624993610,1,11/10/2024 23:00,11/10/2024 23:13,738,end,complete,65d322b80dc33ccc,P5_4#1#value|P5_2#1#value|P5_5#1#value|P5_3#1#value|P5_1#1#value,3,1,36,co_0,4,5,6,93,6,98,1,7,2,Buen país,La oportunidad de latino América,Izquierda extrema,Paisajes,Un país que me gustaría visitar alguna ves,1,100,1,100,1,70,1,100,1,100,3,1,0,0,0,,,,2,1,1,3,2,1,2,2,2,En el moll chino,Buena aunque no entiendan mucha el español,0,0,0,1,2,3,1,0,0,0,0,0,0,1,0,,2,5,0,0,0,0,0,0,1,1,0,,2,2,4,4
7f5544b8-ecfb-41fe-b03d-92cce7f81587,625332470,1,14/10/2024 18:56,14/10/2024 19:08,678,end,complete,66ad7f42b11bc7cc,P5_3#1#value|P5_5#1#value|P5_2#1#value|P5_4#1#value|P5_1#1#value,1,1,47,co_0,5,4,10,228,6,98,3,1,1,exportacion,guerra,series,macron,tecnologia,1,100,1,20,1,100,1,20,1,100,1,0,1,1,1,eliexpress,souyan,leemotors,1,3,1,3,1,2,2,2,4,no tengo interaccion ni contacto,no tengo,1,0,0,0,2,1,2,,,,,,,,,,4,5,0,0,0,0,0,0,0,1,0,,1,99,1,5
c9947216-85ad-4c34-9ca7-4de032e44ce7,625010405,1,12/10/2024 1:45,12/10/2024 1:58,769,end,complete,66c42330d1fc6802,P5_1#1#value|P5_2#1#value,3,2,38,co_0,4,5,14,342,6,98,1,5,3,Arroz,Disneyland,Nada,La torre eifel,Autos,1,50,1,50,999,,999,,999,,1,1,0,0,0,,,,4,1,3,,3,2,2,2,2,En ninguna,Al ir al moll chino solamente,1,0,0,0,2,2,1,1,0,0,0,0,0,1,0,,4,4,0,0,0,0,0,1,0,1,0,,2,2,4,2
ae3173c4-b17d-4d75-ab86-adfe5d3fca84,624778510,1,10/10/2024 22:13,10/10/2024 22:32,1163,end,complete,66cca529a197ab34,P5_5#1#value|P5_4#1#value|P5_2#1#value|P5_3#1#value|P5_1#1#value,3,2,20,co_0,2,5,13,304,5,98,1,6,2,Avanzado,Crecimiento,Presion,Bonito,Moderno,1,30,1,50,1,0,1,80,1,70,1,1,0,0,0,,,,1,1,1,5,3,1,1,2,4,Cuando voy a restaurantes chinos o mall chinos,Indiferente,1,0,0,0,1,4,1,1,0,0,0,0,0,0,0,,4,5,0,1,0,0,0,0,1,0,0,,2,2,2,5
c169a656-31f4-495c-a8ed-49570ddf6795,624736808,1,10/10/2024 18:45,10/10/2024 18:54,533,end,complete,66db14f86a670453,P5_3#1#value|P5_4#1#value|P5_2#1#value|P5_1#1#value|P5_5#1#value,1,1,85,co_0,7,8,14,331,2,98,2,3,1,Cultura,Explotaciónj,Titere,Arte,Tradición,1,60,1,10,1,20,1,80,1,60,3,0,1,1,1,"Great Wall, Sang Yong, TikTok",Es una marca automotriz,Una plataforma,2,2,1,3,3,1,1,1,2,Son clientes mios en temas legales en Chile,Excelentes,0,1,0,0,1,3,1,1,1,1,0,1,0,0,0,,1,3,0,0,0,0,0,1,0,0,0,,2,99,4,4
d6fbe3d4-fda1-4d32-a1c0-b46206f15f30,625513796,1,15/10/2024 16:31,15/10/2024 16:39,476,end,complete,67c2d7729f055bb9,P5_2#1#value|P5_5#1#value|P5_3#1#value|P5_1#1#value|P5_4#1#value,3,1,51,co_0,5,7,11,258,5,98,3,6,1,Baratijas,Conglomeracion,Orden,Perfumes,Anime,1,50,1,1,1,60,1,50,1,50,2,1,0,0,0,,,,3,3,3,,5,2,2,2,1,No tengo contacto. En mi ciudad hay estos famosos Mall chinos. Pero esa gente son como.muebles.,No exite tal interaccion,1,0,0,0,2,2,1,1,1,1,1,1,1,1,1,Todo.,4,5,0,0,1,0,0,1,0,0,0,,3,3,4,3
86ccb25b-f50f-408b-b81f-2b95174c72c2,624929548,1,11/10/2024 17:09,11/10/2024 17:18,503,end,complete,68bc3154c831c733,P5_3#1#value|P5_4#1#value|P5_2#1#value|P5_1#1#value|P5_5#1#value,3,2,21,co_0,2,8,8,161,6,2,2,5,1,barato,potencia,cultura,europa,gastronomía,1,4,1,5,1,6,1,6,1,5,1,0,1,1,1,changan,huaweii,xiaomi,4,4,1,3,2,1,1,2,4,al ir a un mall chini,malas,1,0,0,0,2,4,1,1,1,0,0,0,0,0,0,,4,3,0,0,0,1,0,1,0,0,0,,3,3,3,5
29702aa2-8946-4802-82eb-76f9425536ee,624559591,1,09/10/2024 21:31,09/10/2024 21:41,559,end,complete,68cc01a7cb4a178f,P5_1#1#value|P5_5#1#value|P5_4#1#value|P5_3#1#value|P5_2#1#value,1,1,54,co_0,5,8,4,36,3,98,3,5,2,gran muralla,estatua de la libertad,kimchi,louvre,suchi,1,100,1,100,1,100,1,100,1,100,3,1,0,0,0,,,,1,3,2,3,3,2,1,2,4,"nada, no tengo ningun contacto",no he tenido ninguna,0,0,0,1,2,3,2,,,,,,,,,,1,5,0,0,0,1,0,0,0,0,0,,2,99,4,5
97091d58-643c-4257-a352-1f0681759698,624559634,1,09/10/2024 21:32,09/10/2024 21:47,934,end,complete,68f1b75a6406ac82,P5_4#1#value|P5_1#1#value|P5_3#1#value,3,2,30,co_0,3,5,13,281,6,98,2,6,1,juguetes,Juguetes,juguetes,Perfumes,juguetes,1,100,999,,1,0,1,0,999,,1,1,0,0,0,,,,5,3,1,4,2,2,2,2,3,Ninguno,No conosco a nadie de china,1,0,0,0,2,4,1,0,0,0,0,1,0,0,0,,4,3,0,0,0,0,0,0,1,0,0,,1,1,4,4
e916f764-ba89-4b68-a264-9fafaad4b810,625002969,3,12/10/2024 0:24,12/10/2024 3:10,570,end,complete,690278d60b148cdb,P5_2#1#value,3,2,27,co_0,3,5,2,8,6,3,1,5,1,Arroz,Caos,Kim,Rata,Paz,999,,1,50,999,,999,,999,,1,1,0,0,0,,,,4,2,1,3,3,2,1,2,2,Solo para comprar la comida y uja conversacion corta,Buenas,0,0,0,1,2,4,1,0,1,0,0,0,0,0,0,,1,4,0,0,0,0,0,0,1,0,0,,2,3,3,4
d7b7b51b-0783-4479-b7e1-c21d8cedb3ea,624727663,1,10/10/2024 18:06,10/10/2024 18:14,518,end,complete,698ac4f496510955,P5_4#1#value|P5_1#1#value|P5_5#1#value|P5_2#1#value|P5_3#1#value,3,2,66,co_0,7,8,8,161,3,98,1,3,1,Poder,Poder,Conflicto,Eficiente,Tiernos,1,50,1,30,1,10,1,80,1,80,1,0,1,1,1,Shein,Changan,Ali express,2,1,1,4,2,2,1,1,4,"Almorzar en restaurant chino, comprar en alguna tienda china, apoderados de unos estudiantes",Buenas,0,0,0,1,2,1,1,0,1,1,0,1,0,1,0,,2,4,0,0,0,0,0,1,1,0,0,,2,3,3,4
6f2c2133-ee8f-4ca4-b4c7-2f6eb5b35acf,625009028,1,12/10/2024 1:29,12/10/2024 1:41,756,end,complete,6b3272bbbfcc250a,P5_2#1#value|P5_5#1#value|P5_4#1#value|P5_1#1#value,3,2,55,co_0,6,5,10,247,7,4,4,5,2,Comercio,Alaska,Arquitectura,Torre eifel,Edificio de nuves,999,,1,70,999,,1,88,1,80,3,1,0,0,0,,,,2,3,1,4,5,1,2,1,2,Trabaje en un restaurant . Tb  crié un niño,Muy buena,0,1,0,0,1,1,1,0,0,0,0,1,0,0,0,,3,3,0,0,1,0,0,0,0,0,0,,2,2,4,3
8b46acbd-b7c6-47ee-9832-5cc96cb28199,624559568,1,09/10/2024 21:31,09/10/2024 22:07,2168,end,complete,6b61c0220b2bfd0b,P5_2#1#value|P5_5#1#value|P5_1#1#value|P5_3#1#value|P5_4#1#value|P6A#4#value,1,1,72,co_0,7,7,13,288,3,2,4,9,2,"Buen copiador, creador de mala y buena calidad",Protector de occidente y trinchera de la Libertad,Poderoso productor de calidad,"Libertad, casi libertinaje en todo","Ordenado, limpio y gran productor de calidad",1,50,1,90,1,80,1,70,1,90,1,0,1,1,1,"Great Wall,",Haval,BYD,4,3,2,4,3,1,1,1,3,"Por consumo en sus restaurantes con frecuencia, me gustan sus preparaciones.","Buena, son de perfil bajo, respetuosos, considerados y siento que disfrutan su estancia en un país LIBRE en democracia y prosperidad.",0,1,0,0,2,4,1,1,1,1,0,1,1,1,1,"Agua potable, Frutícola y otras energías.",1,5,0,0,1,0,1,0,0,0,0,,3,2,2,3
fef4e066-4429-4880-a5ba-82215182683c,624895415,1,11/10/2024 14:30,11/10/2024 14:40,604,end,complete,6b6dac67aa278831,P5_3#1#value|P5_1#1#value|P5_5#1#value|P5_4#1#value|P5_2#1#value,3,1,24,co_0,2,5,4,38,4,2,4,8,3,Guerra comercial,Principal exportador,Destino turistico,Paris,Locomotriz,1,79,1,79,1,89,1,79,1,90,3,1,0,0,0,,,,4,3,1,3,2,2,2,2,2,Cuando voy a algún mall chino o restaurante chino,"Malas, son mal educados principalmente por el mal trato que te dan y por lo poco que les importa su trabajo",1,1,0,0,2,4,2,,,,,,,,,,2,5,0,0,0,0,0,0,0,0,1,La perdida de confianza con los principales inversores competidores de china como estados unidos,3,2,2,2
7d0c5c70-6237-4b5e-901a-62be7994f8c7,624974989,2,11/10/2024 21:03,12/10/2024 13:08,495,end,complete,6b925d57c3db4541,P5_1#1#value|P5_4#1#value,3,1,46,co_0,5,5,2,8,6,1,3,5,4,Tecnologia,Posibilidades,Tecnologia,Moda,Viaje,1,5,999,,999,,1,5,999,,1,1,0,0,0,,,,3,3,3,,3,2,1,1,1,En comercio,Mala.ya q no se les entiende,0,0,0,1,2,3,1,0,1,1,0,0,0,0,0,,1,4,0,0,0,0,0,1,1,0,0,,2,2,4,4
848b0add-cd58-43d5-9ad7-a7d6e6c9b41e,624776932,1,10/10/2024 22:02,10/10/2024 22:16,841,end,complete,6b931753f23a3c22,P5_4#1#value|P5_3#1#value|P5_1#1#value|P5_5#1#value|P5_2#1#value|P6A#2#value|P16,1,1,71,co_0,7,5,13,300,4,3,2,5,1,ejemplo a seguir,antes era muy importante hoy el negocio es la guerra,un pais ejemplar,un pais como siempre gentil y atrayente,un pais muy inteligente,1,100,1,90,1,100,1,90,1,90,1,0,1,1,1,BYD,EN ESTE MOMENTO NO ME ACUERDO,id al anterior,2,4,1,3,2,2,1,2,1,cuando vas de compra y te relacionas con alguno de ellos como la pregunta es mayor son serios de pocas palabras pero no son indiferentes al comentarios de nosotros sea bueno o malo y lo mas cordial son muy caballeros sobre todo con las personas mayores,buena,1,1,1,0,2,4,1,1,1,0,0,0,0,0,0,,3,5,0,0,0,0,0,1,0,1,0,,2,2,4,3
7467fde9-41a2-4316-a31c-a3576aeb0474,625445664,1,15/10/2024 11:23,15/10/2024 11:34,687,end,complete,6c053541b11c2993,P5_4#1#value|P5_3#1#value|P5_5#1#value|P5_2#1#value|P5_1#1#value,2,1,58,co_0,6,4,16,175,6,7,3,5,1,Trabajo,Modernidad,Kpop,Comida,Tecnología,1,50,1,70,1,30,1,80,1,60,1,1,0,0,0,,,,3,3,1,3,3,1,2,1,2,"Compro en comercio chino, a veces",Regular,0,0,0,1,2,1,1,0,1,1,1,0,1,0,0,,1,4,0,0,0,0,0,1,1,0,0,,2,2,4,4
220f77ba-e0a5-4089-bf55-98f0d48bbbc2,624699258,1,10/10/2024 16:11,10/10/2024 16:22,668,end,complete,6c1b496a01596267,P5_3#1#value|P5_4#1#value|P5_5#1#value|P5_2#1#value|P5_1#1#value,3,1,24,co_0,2,7,3,17,5,98,2,5,1,Control poblacional,Capitalismo extremo,Modernidad y tecnología,Turismo sobrevalorado,Modernidad y tecnología,1,50,1,50,1,80,1,70,1,80,1,0,1,1,1,Aliexpress,Xiaomi,Temu,4,3,1,3,3,1,1,1,4,Compañeros académicos,Normal,0,0,0,1,1,1,1,1,1,1,1,1,1,1,0,,1,2,0,1,0,0,1,0,0,0,0,,3,3,3,3
a6d0b6de-d190-416b-90d4-68d6cd960fdc,624563806,4,09/10/2024 21:57,11/10/2024 9:01,1766,end,complete,6c2bc801056740f0,P5_4#1#value|P5_1#1#value|P5_2#1#value|P5_5#1#value,3,2,51,co_0,5,5,13,304,5,98,3,6,1,Innovación,Desarrollo,Dictadura,Igualdad,Tecnología,1,70,1,85,999,,1,80,1,90,1,1,0,0,0,,,,3,3,2,5,3,1,1,1,3,Clientes,Buenas,0,0,0,1,1,1,1,1,1,1,0,0,0,1,0,,2,4,1,0,1,0,0,0,0,0,0,,2,2,2,4
2888c180-4e11-42e9-95bb-0660da29e766,624563750,1,09/10/2024 21:57,09/10/2024 22:09,763,end,complete,6c2c7dad5b4b409b,P5_1#1#value|P5_3#1#value|P5_2#1#value|P5_5#1#value|P5_4#1#value|P22#98#value,3,2,49,co_0,5,8,13,279,2,98,1,7,2,Comunismo capitalista,Comercio y finanzas,Comercio,Desastre,Cultura,1,50,1,80,1,80,1,65,1,80,2,1,0,0,0,,,,2,1,1,1,1,1,1,2,4,Si voy a una tienda cuyos dueños sean chinos.,Normales,1,0,1,0,2,3,1,1,0,0,0,0,0,0,0,,4,4,0,0,0,0,0,0,0,0,1,"Qué pregunta, como si supiera claramente en qué invierte China en esta comuna. Malísima la encuesta en general.",3,2,4,2
2ddd2b04-1b27-43d0-8751-456c6b42e175,625187355,1,13/10/2024 20:57,13/10/2024 21:07,584,end,complete,6c6764df074fa681,P5_3#1#value|P5_2#1#value|P5_5#1#value|P5_4#1#value|P5_1#1#value,1,1,59,co_0,6,5,2,8,5,3,1,5,1,cultura,potencia,gran pais,comida,habitantes,1,80,1,100,1,100,1,100,1,100,1,1,0,0,0,,,,4,1,3,,3,2,2,2,3,no no tengo contacto con gente de china,no interastuado con ningun chino,0,0,0,1,2,3,1,1,0,0,0,1,0,1,0,,1,4,0,0,0,0,0,1,0,1,0,,2,2,2,4
4d1d441b-1c5c-44b4-a06b-cdeb609f023d,624745210,1,10/10/2024 19:26,10/10/2024 19:34,462,end,complete,6c7cc701b21869af,P5_3#1#value|P5_1#1#value|P5_2#1#value|P5_4#1#value|P5_5#1#value,3,2,20,co_0,2,7,14,331,4,3,3,5,1,Importaciones,Capitalismo,K drama,Panadería,Anime,1,80,1,70,1,80,1,70,1,80,1,0,1,1,1,Flower Secret,Changan motors,Chery,3,3,1,3,2,1,2,2,2,"En la universidad, tiendas de conveniencia y mall chino",Normales,1,1,1,0,2,1,1,1,1,1,0,0,0,1,0,,1,3,0,0,0,0,1,0,0,1,0,,2,3,4,4
0c512fbd-c05c-4661-bf2b-b36f90d363f2,625174902,1,13/10/2024 17:57,13/10/2024 18:11,801,end,complete,6d36638dd5f4cdf8,P5_2#1#value|P5_4#1#value|P5_5#1#value|P5_3#1#value|P5_1#1#value,3,1,29,co_0,3,4,10,236,5,3,1,10,2,Potencia mundial,Potencia mundial,Gente de campo,Torre ifel,Dragón ball,1,50,1,100,1,30,1,60,1,80,1,0,1,1,1,Jac motors,Great wall,ByD auto,4,1,2,2,3,1,1,1,2,Muy poca,Excelente,1,0,0,0,2,2,2,,,,,,,,,,1,5,0,0,1,0,0,0,0,0,0,,3,1,2,3
ad7a931a-dbfd-41be-9f24-5d43a3b7391b,624927050,1,11/10/2024 16:58,11/10/2024 17:09,662,end,complete,6d3d74f291c984bd,P5_2#1#value|P5_4#1#value|P5_3#1#value|P5_5#1#value|P5_1#1#value,3,2,19,co_0,2,5,2,12,7,1,4,5,1,Mucha gente,Dinero,Tokio,La comida,Nada,1,30,1,50,1,30,1,50,999,,1,1,0,0,0,,,,3,3,1,3,3,1,1,2,2,"Poco, cuando voy a un mall chino","Nada, muchos no hablan español",1,0,0,0,1,1,1,0,0,0,0,1,0,0,0,,3,4,0,0,1,0,0,1,0,0,0,,2,2,2,4
e54194a4-2e92-4f8a-94c7-80b0641bf5e9,624698387,1,10/10/2024 16:08,10/10/2024 16:19,652,end,complete,6d452427f79d6219,P5_2#1#value|P5_3#1#value|P5_1#1#value|P5_5#1#value|P5_4#1#value,1,1,62,co_0,6,7,10,228,5,98,3,5,4,Avance,Progreso,Conflicto,Belleza,Tecnología,1,70,1,90,1,80,1,85,1,95,1,0,1,1,1,Geely,Jac,SangYong,4,1,1,3,2,2,1,2,3,Yendo al Mall Chino,Buenas,0,0,1,0,2,2,1,1,0,0,0,0,0,0,0,,4,4,0,0,0,1,0,0,1,0,0,,2,1,3,2
66d848bf-d526-490c-b576-821fa4c3feb0,624732633,1,10/10/2024 18:28,10/10/2024 18:33,335,end,complete,6d520b8fd6342b59,P5_4#1#value,1,2,38,co_0,4,8,5,49,4,98,2,4,3,compras,bolsa de valores,comida,perfume,dulces,999,,999,,999,,1,80,999,,1,1,0,0,0,,,,5,3,1,4,3,2,2,2,3,compras al extranjero,buenas,1,0,0,0,2,1,2,,,,,,,,,,1,3,0,1,0,0,0,0,0,0,0,,2,2,2,3
3ead5415-3391-49cf-9e94-0db5b3df03b1,625019630,1,12/10/2024 3:52,12/10/2024 4:00,452,end,complete,6f056d78db11745c,P5_1#1#value|P5_2#1#value|P5_3#1#value|P5_5#1#value|P5_4#1#value,3,2,26,co_0,3,7,16,188,6,1,2,5,1,Industria,Miami,Seul,París,Anime,1,100,1,80,1,100,1,90,1,60,1,1,0,0,0,,,,3,3,2,4,3,1,2,1,3,Solo de vista durante el tiempo que se camina en una zona central,"No mucho interacción, por la diferencia de idiomas",1,0,0,0,2,3,2,,,,,,,,,,4,4,0,0,1,0,0,0,1,0,0,,3,3,4,3
26f6cae7-064c-45cb-aa6d-a895045cea56,624927636,1,11/10/2024 17:01,11/10/2024 17:11,579,end,complete,6f71d7478b249dd7,P5_2#1#value|P5_3#1#value|P5_1#1#value|P5_5#1#value,3,1,22,co_0,2,7,7,125,6,98,3,5,4,Economía,Capitalismo,Peligro,La torre ifel,Anime,1,60,1,50,1,30,999,,1,60,1,1,0,0,0,,,,2,3,3,,4,1,1,2,2,Cuando voy a los mall chinos,Neutrales,0,0,0,1,2,1,1,0,0,1,1,0,0,0,0,,1,3,0,0,0,0,1,0,0,0,0,,3,3,4,4
405e8e84-9061-4d5d-9799-953fac2922dc,625515472,1,15/10/2024 16:39,15/10/2024 16:55,995,end,complete,6ffca36fc039bf92,P5_2#1#value|P5_3#1#value|P5_4#1#value|P5_1#1#value|P5_5#1#value,3,1,37,co_0,4,5,16,175,5,3,3,8,4,Importacion,Tump,Emperador coreano,Macron,Animaciones,1,100,1,60,1,30,1,70,1,50,1,0,1,1,1,"Huawei,",Lenovo,Alibaba,1,3,1,3,3,1,1,2,4,Tiendas y restaurantes,Buenas,1,1,0,0,2,1,2,,,,,,,,,,3,4,0,0,0,0,0,0,1,1,0,,2,99,1,5
36876573-3a20-4b2e-9b9e-d5c7fa930d31,625952870,1,17/10/2024 16:27,17/10/2024 16:36,545,end,complete,7011f3276f56528c,P5_1#1#value,1,2,41,co_0,4,7,11,258,4,9,3,5,4,muchas cosas,paisajes,millonarios,hermoso,riqueza,1,100,999,,999,,999,,999,,2,1,0,0,0,,,,3,3,1,3,3,1,2,1,4,mall chino,poca por lo poco que lo he visto,0,0,0,1,2,1,2,,,,,,,,,,4,3,0,0,0,0,1,0,0,0,0,,1,1,1,5
4a53b114-933f-45c7-96cf-72de98ef82bd,624989611,1,11/10/2024 22:31,11/10/2024 22:41,635,end,complete,7020a1d64f426022,P5_3#1#value|P5_1#1#value|P5_5#1#value|P5_4#1#value|P5_2#1#value,3,2,60,co_0,6,7,5,49,6,3,1,10,2,Buenos actores,Buenos cantantes,Dramas,Torre 8fel,Peliculas,1,100,1,100,1,100,1,50,1,100,1,1,0,0,0,,,,5,4,3,,5,1,2,2,1,Actores chinos muy buenos,Neutral ni buena ni mala,1,0,0,0,2,3,1,0,0,1,0,0,0,0,0,,4,5,0,0,1,0,0,0,0,0,0,,3,1,3,3
4e5ddfc0-f724-4da0-8588-5728a77813bc,625140174,1,13/10/2024 10:34,13/10/2024 10:43,541,end,complete,70320d1287863148,P5_5#1#value|P5_4#1#value|P5_2#1#value|P5_1#1#value|P5_3#1#value,3,1,38,co_0,4,4,3,17,6,98,1,5,4,No se,No se,Ni se,No se,No se,1,2,1,6,1,1,1,5,1,4,2,1,0,0,0,,,,3,3,1,3,2,2,2,2,2,Ninguna,No e tenido ninguna experiencia,0,1,0,0,2,1,2,,,,,,,,,,2,4,0,0,0,0,0,0,0,1,0,,2,2,3,3
86d6f7a5-e9d5-4357-afee-ecd1ea037365,624928855,1,11/10/2024 17:06,11/10/2024 17:11,294,end,complete,70a009aaa52fda55,P5_1#1#value|P5_5#1#value|P5_4#1#value|P5_2#1#value|P5_3#1#value,3,2,19,co_0,2,5,4,27,6,98,4,5,1,Comida,Dinero,Kpop,Perfumes,Anime,1,50,1,60,1,50,1,70,1,80,2,1,0,0,0,,,,3,4,3,,3,2,1,2,1,Solo cuando compro comida china,"La verdad buena, son respetuosos",1,0,0,0,1,4,2,,,,,,,,,,1,4,0,0,0,1,0,0,1,0,0,,2,2,3,4
ed87c638-8989-48d4-b9cf-04e022210468,625007249,1,12/10/2024 1:09,12/10/2024 1:39,1837,end,complete,70d526abdb46734c,P5_4#1#value,3,2,52,co_0,5,6,3,25,5,3,3,5,1,Comercio,La estatua de la libertad,Comercio,Perfume franceses,Comercio,999,,999,,999,,1,89,999,,1,1,0,0,0,,,,3,3,1,3,3,1,1,1,4,Una sra que vive cerca de donde yo trabajo,Como con cualquier otra persona,1,0,0,0,2,1,1,1,1,0,0,1,0,1,0,,1,2,0,1,0,0,0,0,0,0,0,,3,3,4,4
223d8ab8-79eb-4501-9fac-4b372ff0e476,624967838,1,11/10/2024 20:19,11/10/2024 20:24,291,end,complete,70f9360088373fbd,P5_1#1#value|P5_5#1#value|P5_2#1#value|P5_4#1#value|P5_3#1#value,3,1,43,co_0,4,5,8,143,6,7,1,5,4,Celulares,Wall street,Musica,Turismo,Animé,1,40,1,70,1,25,1,67,1,100,1,0,1,1,1,Huawey,Aliexpress,Alibaba,3,1,1,3,2,2,2,2,1,Ninguna,Buenas,1,0,0,0,2,3,2,,,,,,,,,,4,5,0,0,0,0,0,1,1,0,0,,2,1,4,5
960e2c17-75c3-4b87-b6de-8789559dc82a,624736732,1,10/10/2024 18:45,10/10/2024 18:51,354,end,complete,7127205f0ac1b67d,P5_1#1#value|P5_2#1#value,3,2,21,co_0,2,7,16,190,6,98,2,5,1,Tecnología,Ropa linda,Futuro,Elegancia,Lindo,1,70,1,95,999,,999,,999,,1,1,0,0,0,,,,4,3,3,,3,1,2,2,1,En los Moll chinos,Indiferente,1,0,0,0,2,3,1,0,1,0,0,0,0,0,0,,4,4,0,0,1,0,0,0,0,0,0,,2,2,3,4
e124aebe-3b98-4d63-8d60-a98089877aac,624563067,1,09/10/2024 21:53,09/10/2024 22:01,518,end,complete,713a3c67d534c888,P5_4#1#value|P5_5#1#value|P5_1#1#value|P5_2#1#value|P5_3#1#value,3,2,49,co_0,5,5,13,280,4,98,3,6,2,covid,Biden,series,Paris,Tecnología,1,80,1,70,1,95,1,90,1,90,3,1,0,0,0,,,,1,4,2,5,3,2,1,2,2,Cuando voy a comer a un restaurante chino,"Escasa, no hablan mucho",0,1,0,0,2,4,1,0,1,1,0,0,0,0,0,,2,4,0,0,0,0,0,1,0,0,0,,2,2,4,4
81286ef7-86ad-44e5-b101-e1fd4528e2d0,624757614,1,10/10/2024 20:22,10/10/2024 20:33,628,end,complete,71845aa7728f1970,P5_5#1#value|P5_2#1#value|P5_1#1#value|P5_4#1#value|P5_3#1#value,1,1,79,co_0,7,8,11,258,1,4,2,3,1,Competencia peligrosa,Amigos poco confiables,Lucha con Correo del Norte,La Tour Eiffel,Depredadores del mar,1,30,1,50,1,30,1,70,1,30,1,1,0,0,0,,,,3,2,1,5,2,2,2,2,2,"Solo por compras en supermercado en Coyhaique , mi ciudad , en Santiago por locales en Parque Arauco","Igual a cero , solo sonrisas mecánicas por ser un eventual comprador de sus mercaderías",0,0,1,0,2,4,1,0,0,1,0,0,0,0,0,,3,4,0,0,0,1,0,0,0,0,0,,99,99,4,2
e4cfea97-7a73-4241-812c-64a339278d9b,624770512,1,10/10/2024 21:27,10/10/2024 21:39,732,end,complete,72120f7942d1c8c1,P5_4#1#value|P5_2#1#value|P5_3#1#value|P5_5#1#value|P5_1#1#value,3,1,70,co_0,7,9,5,41,2,1,1,5,1,Multitecnologia,Tecnologia,Sorpresa,Tecnologia,Innovacion,1,85,1,95,1,70,1,90,1,80,3,0,1,1,1,Shein,Temu,Sinopec,2,3,1,3,2,1,2,2,3,Usuario  como comprador de productos.,Normales en la mayoria de los casos.,1,0,0,0,1,4,1,0,0,0,0,0,0,1,0,,3,5,0,0,0,0,0,1,0,1,0,,2,2,4,4
b664b2b8-0fda-42e4-be22-4c09149b9eb7,624713131,1,10/10/2024 17:07,10/10/2024 17:19,694,end,complete,723bdac6937656dd,P5_1#1#value|P5_3#1#value|P5_4#1#value|P5_2#1#value|P5_5#1#value,3,2,34,co_0,3,7,15,343,5,9,1,10,2,Potencia,Potencia,Orden,Contaminación,Orden,1,88,1,98,1,98,1,78,1,100,1,1,0,0,0,,,,2,3,3,,5,1,1,1,2,"En el trabajo, cuando voy de compras, etc",Bien son personas muy correctas,1,0,1,0,2,1,2,,,,,,,,,,4,5,0,0,0,0,0,1,1,0,0,,2,3,1,5
5b75a2d9-1843-4ccd-9e28-71a0bd23d33f,625976253,1,17/10/2024 18:14,17/10/2024 19:58,6266,end,complete,7257f7adc34ac49b,P5_1#1#value|P5_3#1#value|P5_5#1#value|P5_4#1#value|P5_2#1#value|P6A#4#value,3,1,43,co_0,4,8,11,258,3,3,3,9,2,Producción,Innovación,Eficiencia,Cultura,Calidad,1,50,1,70,1,60,1,60,1,60,3,0,1,1,1,Xiaomi,Huawei,Byd,2,3,1,3,2,2,2,1,3,Cliente,Normales,1,1,0,0,2,4,2,,,,,,,,,,1,5,0,0,0,0,0,0,0,1,0,,2,3,4,4
5f490bd1-0b57-44c7-a0b8-c038fed6e711,624713807,1,10/10/2024 17:11,10/10/2024 17:25,853,end,complete,725a151d3b661680,P5_5#1#value,3,1,66,co_0,7,5,8,153,5,98,1,5,4,Electrónica,País turístico,Inportadora,Perfumes,Exportadores de autos,999,,999,,999,,999,,1,100,1,1,0,0,0,,,,5,4,1,3,1,1,2,2,3,No tengo,Indiferente,0,1,0,0,1,4,1,1,1,0,0,1,0,0,0,,2,3,0,0,0,0,0,0,1,0,0,,99,2,3,3
27cb590f-4597-4047-a2ec-50ddd69b705f,625347120,1,14/10/2024 20:12,14/10/2024 20:22,574,end,complete,734ba8916d54c496,P5_3#1#value|P5_1#1#value|P5_4#1#value|P5_5#1#value|P5_2#1#value,1,2,46,co_0,5,5,6,79,7,3,2,6,3,comercio,trump,kpop,la torre eiffel,sushi,1,50,1,80,1,50,1,40,1,50,1,0,1,1,1,aliexpress,temu,shein,2,3,3,,4,2,1,2,3,en los mall chinos,poco cercanas,1,0,0,0,2,2,1,1,0,0,0,0,0,0,0,,4,4,0,0,0,0,0,1,0,0,0,,3,2,4,3
d67a8f27-b97a-4816-94d1-a390816eada2,624781310,1,10/10/2024 22:30,10/10/2024 22:39,561,end,complete,73c714f3359ff02b,P5_2#1#value|P5_3#1#value,3,1,76,co_0,7,6,3,17,5,98,4,10,2,Esclavitud,Democracia,Libertad,Nada,Tsunami,999,,1,100,1,100,999,,999,,3,1,0,0,0,,,,5,3,1,5,3,2,2,2,4,Ninguna pero mi ciudad está invadida con negocio chino,"Cero, ninguna relación",0,1,0,0,2,2,2,,,,,,,,,,2,4,0,0,1,0,1,0,0,0,0,,2,1,3,2
87d56fe2-f35d-4bde-97dc-4308982200dd,624556684,1,09/10/2024 21:14,09/10/2024 21:35,1237,end,complete,7409f58c86a9cb60,P5_5#1#value|P5_2#1#value|P5_4#1#value|P5_1#1#value|P5_3#1#value,3,2,59,co_0,6,7,5,49,2,98,3,6,1,Industria,Tornado,"Seúl, comercio",Torre,Tecnologia,1,70,1,60,1,60,1,50,1,60,1,0,1,1,1,Tencent,Alibaba,Huawei,2,3,1,3,2,1,2,2,4,El que atiende en mall chino,Cordial pero muy pocos hablan español,0,0,0,1,2,2,1,0,1,1,0,0,0,0,0,,3,4,0,0,0,0,0,1,0,0,0,,3,3,4,4
7704cca7-9ada-4440-850f-fe537e407794,624971284,1,11/10/2024 20:39,11/10/2024 20:44,257,end,complete,741d563a89ac4a03,P5_5#1#value|P5_1#1#value|P5_3#1#value|P5_2#1#value|P5_4#1#value,3,1,36,co_0,4,5,7,141,6,2,1,10,2,Muchas cosas,Apple,Samsung,Vinos,Autos,1,100,1,100,1,100,1,100,1,100,2,1,0,0,0,,,,3,1,2,3,3,2,2,2,2,En nada,Cero,0,1,0,0,2,2,2,,,,,,,,,,4,3,0,0,0,0,0,0,0,1,0,,2,2,2,3
36d8a692-4776-47ad-9452-99c07af4f207,624701020,1,10/10/2024 16:17,10/10/2024 16:27,549,end,complete,7514f378c0bbccc0,P5_3#1#value|P5_2#1#value|P5_5#1#value|P5_1#1#value|P5_4#1#value,1,2,72,co_0,7,8,13,301,4,98,1,4,1,comprador fruta,inmigracion,potencia,potencia,mucha población,1,30,1,20,1,10,1,10,1,30,1,0,1,1,1,TEMU,SHEIN,ALIEXPRESS,2,2,1,3,3,1,1,1,4,En los comercios que existen cerca de mi residencia,No hablen español por lo tanto no tienen comunicación con los clientes,0,1,0,0,2,2,1,0,0,1,0,0,0,0,0,,3,5,1,0,0,0,0,0,0,0,0,,3,3,3,4
506b81ad-0951-48d0-8f9c-ee38595c48da,624560479,1,09/10/2024 21:37,09/10/2024 21:48,660,end,complete,753bab53373c4418,P5_5#1#value|P5_3#1#value|P5_1#1#value|P5_2#1#value|P5_4#1#value,1,2,63,co_0,6,7,13,311,4,8,4,5,1,barato,libertad,cporea del norte,monumentos,respeto a ancianos,1,70,1,70,1,50,1,70,1,70,2,0,1,1,1,shein,temu,ali baba,2,2,1,3,2,2,1,2,2,Ninguno. Solamente compras on line,Buena,1,0,0,0,2,1,2,,,,,,,,,,4,5,0,0,1,0,0,0,0,0,0,,99,99,4,4
38bc2344-b0ed-4a93-947e-6b6bf06c1641,624969447,1,11/10/2024 20:29,11/10/2024 20:40,674,end,complete,75560c50d4179168,P5_2#1#value|P5_4#1#value|P5_3#1#value|P5_5#1#value|P5_1#1#value,3,1,43,co_0,4,5,10,228,7,98,3,10,2,Tecnología mundial,Potencia americana,Potencia mundial,Buenos perfumes,Inteligencia,1,50,1,50,1,50,1,50,1,50,1,0,1,1,1,Huawei,Temu,Xiaomi,3,3,1,3,3,2,2,2,2,Ninguna,Ninguna,0,0,0,1,2,1,1,1,1,1,0,0,0,1,0,,3,4,0,1,0,0,1,0,0,0,0,,3,3,3,3
09cf1cba-dfe1-4fd4-934f-9f598d3c5f07,624555099,1,09/10/2024 21:05,09/10/2024 21:13,485,end,complete,759fd3f6942a506d,P5_5#1#value|P5_2#1#value|P5_4#1#value|P5_1#1#value|P5_3#1#value|P6A#4#value,3,2,30,co_0,3,8,13,296,2,98,3,2,1,Mucha gente,Inmenso,Aestetic,Comida,Bonito y seguro,1,60,1,70,1,90,1,80,1,100,1,0,1,1,1,Temu,Huawei,MG,4,3,1,3,2,1,1,2,4,En los malls y comida china,"Pocas palabras, lo justo y necesario",1,0,0,0,2,2,1,1,0,1,1,0,0,1,0,,3,4,0,1,0,0,0,1,0,0,0,,99,99,4,4
c1ca3a10-019d-4f39-b44c-608bc58f2d79,624988041,4,11/10/2024 22:20,11/10/2024 22:28,566,end,complete,75a20af5396a4d22,P5_3#1#value|P5_1#1#value|P5_2#1#value|P5_4#1#value|P5_5#1#value,3,2,56,co_0,6,5,2,8,5,1,3,5,2,Vendedor de productos,Aliado,Terrorismo,Modelos,Consumismo,1,50,1,60,1,50,1,30,1,50,1,0,1,1,1,Shein,Temu,AliExpress,3,3,1,3,2,2,1,2,2,Cuando compro en los mall chinos,Buena cercanía de,0,0,0,1,2,1,1,1,1,1,0,0,1,0,0,,4,4,0,0,0,0,0,1,0,0,0,,2,2,4,3
c4b4dcd9-29b8-49c4-b35d-251691bb648b,624992483,1,11/10/2024 22:52,11/10/2024 23:00,503,end,complete,75b20db99a229226,P5_4#1#value|P5_5#1#value|P5_2#1#value|P5_1#1#value,3,2,55,co_0,6,7,4,27,5,98,3,8,2,Gran pais,Disney,Ninguna,La Torre eifel,Gran pais,1,80,1,60,999,,1,50,1,90,3,1,0,0,0,,,,3,3,2,4,4,2,2,2,2,No tengo,No nada,1,0,0,0,2,4,1,0,0,0,0,0,1,0,0,,3,4,0,0,0,0,1,0,1,0,0,,3,3,3,3
1b5d3e4e-1fe2-4033-8b0b-d92db0b07333,624928298,1,11/10/2024 17:04,11/10/2024 17:13,576,end,complete,76c4909564188550,P5_2#1#value|P5_3#1#value|P5_5#1#value|P5_4#1#value,3,2,21,co_0,2,7,16,175,5,2,3,5,4,Tecnologia,Gobierno,Limites,Moda,Desarrollo progresivo,999,,1,0,1,0,1,7,1,6,1,1,0,0,0,,,,3,3,1,2,4,1,2,2,2,"Ninguna, mas que simple ficcion en netflix y ver alguna que otra asendencia por locales o visitantes",Solo hablo con alguien de esta ascencia cuando voy a comprar en los mall,0,0,0,1,2,4,1,0,1,1,0,0,0,0,0,,2,4,0,0,1,0,0,1,0,0,0,,2,3,4,4
5d70fb43-f4b6-4807-9bc3-2462469334c7,625218110,1,14/10/2024 5:50,14/10/2024 5:59,544,end,complete,76cb6516cc041021,P5_5#1#value|P5_3#1#value|P5_4#1#value|P5_1#1#value|P5_2#1#value,3,1,30,co_0,3,5,10,228,6,98,3,3,1,Exportación,Libre mercado,Orden,Comida,Anime,1,50,1,50,1,30,1,70,1,30,1,1,0,0,0,,,,3,3,1,3,2,1,2,2,2,"Las veces que voy al mall chino, que son muy pocas las veces que voy ahí. (1 vez al mes más o menos)",Muy poca,1,1,0,0,2,3,1,0,1,1,0,0,0,0,0,,3,4,0,0,0,1,0,0,0,0,0,,3,2,2,4
66259102-026f-4bf9-971c-68b25fc6feff,624968379,1,11/10/2024 20:23,11/10/2024 20:31,502,end,complete,76cfc0b6bad7f10d,P5_3#1#value,3,2,27,co_0,3,5,10,237,7,98,4,5,4,Nada,Nada,Nada,Nada,Nada,999,,999,,1,0,999,,999,,3,1,0,0,0,,,,2,3,1,1,5,2,2,1,2,Estube trabajando en un local chino,Super buenas.,0,0,0,1,2,4,2,,,,,,,,,,1,4,0,0,0,0,0,1,1,0,0,,99,99,1,5
8cbbdf09-d41c-4a8f-9bed-746a1f5728bf,624880721,1,11/10/2024 13:23,11/10/2024 13:38,877,end,complete,76db783f7b989df0,P5_4#1#value|P5_5#1#value|P5_1#1#value|P5_2#1#value|P5_3#1#value,3,2,23,co_0,2,6,10,228,4,98,3,6,2,Superpotencial mundial,Multicultural,Disciplina,Desarrollo,Disciplina,1,90,1,75,1,60,1,80,1,85,1,0,1,1,1,Chery,Huawei,Xiaomi,2,3,3,,3,1,2,1,1,Al momento de realizar alguna compra,Bien,1,1,0,0,1,4,1,0,1,0,0,0,0,1,0,,1,2,0,0,0,0,0,1,1,0,0,,2,2,3,4
9907337d-3a3d-444b-83f6-712ae302cdf9,625951275,1,17/10/2024 16:18,17/10/2024 16:28,595,end,complete,7727c7724cd41f9f,P5_1#1#value|P5_5#1#value,3,2,59,co_0,6,4,11,258,6,98,3,5,4,Muralla,Torre gemela,Ejército,Marsillesa,Su gente,1,68,999,,999,,999,,1,20,2,1,0,0,0,,,,2,3,1,3,3,2,2,2,2,No para nada,No tengo,1,1,0,0,2,1,2,,,,,,,,,,1,5,0,0,1,0,0,1,0,0,0,,2,3,4,4
bf0e79c0-7a56-4d3d-bd16-60eb09bc5d9d,624807798,1,11/10/2024 2:10,11/10/2024 2:16,408,end,complete,77678a437fa47cf6,P5_3#1#value|P5_4#1#value|P5_5#1#value|P5_2#1#value|P5_1#1#value,3,2,24,co_0,2,8,7,113,4,98,1,6,2,Perros,Estrellas,Sushi,Macarrones,Autos,1,50,1,50,1,50,1,50,1,50,3,0,1,1,1,Temu,Shein,Sei,3,4,1,3,3,2,2,2,2,En los malls,Buena atencion,0,1,0,0,2,1,1,0,0,0,0,0,0,0,1,No sabría,1,3,0,1,0,0,1,0,0,0,0,,3,3,4,3
e622f3a0-e1c3-4db2-8288-da7105ffba1e,625347243,1,14/10/2024 20:13,14/10/2024 20:29,961,end,complete,77abaab33b57d824,P5_1#1#value|P5_4#1#value|P5_2#1#value|P5_3#1#value|P5_5#1#value,3,1,46,co_0,5,7,6,79,5,7,1,10,3,Inteligencia,Inteligencia,Socialismo,Desarrollo,Desarrollo,1,100,1,100,1,80,1,80,1,90,1,0,1,1,1,Xiaomi,Huawei,Sanu group,3,1,3,,3,1,1,2,3,Cuando voy mall o un centro comercial,No he tenido,1,0,0,0,2,3,1,0,0,1,0,0,0,0,0,,3,5,0,0,0,0,0,0,0,1,0,,1,1,1,3
861f226f-be23-4ee9-a576-47bc2b7f6555,624828671,1,11/10/2024 6:48,11/10/2024 6:55,414,end,complete,77b95cfcc45d40fa,P5_4#1#value|P5_3#1#value|P5_2#1#value|P5_5#1#value|P5_1#1#value,3,1,24,co_0,2,3,2,15,7,1,3,6,1,COVID-19,Macdonalds,Heung min son,Mbappe,Sushi,1,15,1,50,1,100,1,100,1,100,3,1,0,0,0,,,,3,3,3,,3,1,2,1,4,Con los cajeros del mall chino,Muy buena,0,0,0,1,2,2,2,,,,,,,,,,2,4,0,0,0,0,0,1,0,1,0,,1,2,4,3
a9cfdeb8-75bb-4a08-bcf9-ccf417328d0d,625179294,1,13/10/2024 18:57,13/10/2024 19:05,500,end,complete,77cb43234700c9b7,P5_2#1#value|P5_4#1#value|P5_3#1#value|P5_5#1#value|P5_1#1#value,3,1,43,co_0,4,5,2,8,6,1,2,5,4,Comida,Pollo frito,Comida,Perfumes,Comida,1,09,1,5,1,0,1,3,1,10,3,1,0,0,0,,,,3,2,1,3,3,1,2,1,4,Conocido,Sin comentarios,1,0,0,0,2,3,1,0,0,1,0,0,0,0,0,,3,3,0,0,1,0,0,1,0,0,0,,3,3,4,3
99a68aab-93d4-4b8c-945d-cb26a50e59a3,624970322,1,11/10/2024 20:34,11/10/2024 20:41,425,end,complete,782fb6a8bb0c64cd,P5_5#1#value|P5_3#1#value|P5_4#1#value|P5_2#1#value,3,1,50,co_0,5,5,4,34,6,1,2,5,4,Copias,Oprtunidad,Tecnología,Turismo,Inteligentes,999,,1,70,1,50,1,50,1,20,1,1,0,0,0,,,,3,2,3,,3,1,1,2,2,En ninguno,Ninguna,0,1,0,0,2,1,2,,,,,,,,,,3,4,0,0,0,0,0,0,1,0,0,,2,2,4,3
c8532ac3-9732-42c0-beab-c90f22c8ee7b,625255674,1,14/10/2024 12:54,14/10/2024 13:01,401,end,complete,784f23c957a1b5c4,P5_2#1#value|P5_1#1#value|P5_5#1#value|P5_3#1#value|P5_4#1#value,1,1,38,co_0,4,6,7,125,5,2,2,8,2,sobre poblacion,economia,king hong hung,paris,inteligencia,1,80,1,70,1,50,1,70,1,80,1,1,0,0,0,,,,4,3,3,,2,2,2,2,3,cuando compro en un local chino,basico,0,1,0,0,2,2,1,0,1,0,0,0,0,0,0,,4,5,0,0,0,0,0,0,1,0,0,,1,2,3,3
e31733b7-af31-43ba-943b-f8cf574f7641,624974930,1,11/10/2024 21:02,11/10/2024 21:17,916,end,complete,78ffb834751ad599,P5_2#1#value|P5_1#1#value|P5_4#1#value|P5_5#1#value|P5_3#1#value,3,2,34,co_0,3,5,6,79,6,98,4,5,1,Anime,Tercer mundista,No sé ocurre,La torre effiel,Potencia mundial,1,50,1,40,999,,1,60,1,80,1,0,1,1,1,Wish,Aliexpress,Shein,2,3,1,5,2,1,1,2,2,Cuando voy a una tienda china,Sin interacción,0,1,0,0,2,1,2,,,,,,,,,,1,4,1,0,0,0,0,0,1,0,0,,2,3,3,5
db9c61e0-0d1e-4f63-ac4c-469d633427c2,624971350,1,11/10/2024 20:40,11/10/2024 20:47,449,end,complete,7915c4a77dd0969c,P5_4#1#value|P5_2#1#value|P5_5#1#value|P5_3#1#value|P5_1#1#value,3,1,44,co_0,4,7,2,8,6,98,4,7,2,Comida frita,Nugets,Comida,Hablar,Comida,1,60,1,30,1,40,1,50,1,40,1,1,0,0,0,,,,5,1,1,5,2,2,2,2,4,Amigos scout,Buena,1,1,0,0,2,4,2,,,,,,,,,,1,5,0,1,0,0,0,0,0,0,0,,2,2,1,5
030cce92-fd46-40eb-9e2f-758c0dc2a8d3,625060468,1,12/10/2024 13:40,12/10/2024 13:54,846,end,complete,7ab8967c3fb107cc,P5_1#1#value|P5_2#1#value|P5_5#1#value|P5_4#1#value,3,1,41,co_0,4,5,16,193,7,9,3,6,2,Artes marciales,Tierra de oportunidades,Belleza,Torre Eiffel,Tecnología,1,70,1,100,999,,1,100,1,100,1,1,0,0,0,,,,2,1,2,4,3,2,2,2,2,En mall chino,Normales,1,0,0,0,2,4,1,0,0,0,0,0,0,1,0,,3,5,0,0,0,0,0,1,0,0,0,,99,3,4,4
cb962267-fdff-4cf3-bcc0-6450e04f73a6,625920156,1,17/10/2024 14:08,17/10/2024 14:13,301,end,complete,7b27129b637b1c58,P5_1#1#value|P5_3#1#value|P5_2#1#value|P5_4#1#value|P5_5#1#value,1,1,34,co_0,3,8,16,180,3,4,3,8,1,Armonia,Casa Blanca,Dictadura,Paris,Sushi,1,75,1,90,1,25,1,90,1,90,1,1,0,0,0,,,,3,2,3,,3,2,2,2,3,En restaurentes o mall,Muy amables,0,1,0,0,2,3,2,,,,,,,,,,3,4,0,0,0,0,0,0,0,1,0,,2,2,2,4
1fa08995-ba4d-4221-9ca6-bb7793f53f1c,624564633,1,09/10/2024 22:02,09/10/2024 22:15,791,end,complete,7b38131dd5560927,P5_3#1#value|P5_4#1#value|P5_2#1#value|P5_1#1#value|P5_5#1#value|P6A#3#value,3,1,70,co_0,7,8,6,99,3,98,3,4,1,comida,armas,orden,tour eiffel,familia,1,70,1,40,1,80,1,70,1,80,3,0,1,1,1,mazda,byd,suzuki,4,3,1,3,2,2,2,1,1,compañero de trabajo,buenas,1,0,1,0,2,3,1,1,1,1,0,0,0,0,0,,1,4,0,0,0,0,0,0,0,0,1,monopolio electrico en la region,2,3,4,4
0682a949-e203-4960-a75b-e171c5c82938,624977645,1,11/10/2024 21:18,11/10/2024 21:23,329,end,complete,7bf1781fc18aac98,P5_3#1#value|P5_2#1#value|P5_1#1#value|P5_5#1#value|P5_4#1#value,3,2,42,co_0,4,7,6,79,6,98,1,7,1,Potencia,Potencia,No me agrada,Hermosa,Novedades,1,30,1,50,1,10,1,80,1,10,1,1,0,0,0,,,,4,3,1,2,4,1,1,1,3,Restaurant de comida china,Más o menos,0,0,0,1,2,4,1,0,0,1,0,0,0,0,0,,2,3,0,0,0,0,0,0,1,0,0,,3,2,2,3
ab64f5ee-a7cf-498e-94b4-422b34ca4a3b,624562381,1,09/10/2024 21:49,09/10/2024 22:02,818,end,complete,7c6a2c7179292c0b,P5_1#1#value|P5_3#1#value|P5_5#1#value|P5_4#1#value|P5_2#1#value,1,1,65,co_0,7,5,5,49,6,98,3,4,1,progreso,huracanes,cultura,bellesa,terremotos,1,70,1,55,1,33,1,50,1,33,2,0,1,1,1,temu,wawei,alibaba,2,4,1,3,3,1,2,2,1,mall chinos,lo encuentro muy pesados,0,0,0,1,2,4,1,1,1,1,1,1,0,0,1,medico,3,2,0,0,0,0,0,0,0,1,0,,1,3,4,5
ee126361-c1a9-4851-bcf3-9b9f42ffb5c7,624557961,1,09/10/2024 21:21,09/10/2024 21:35,836,end,complete,7d267947da61f580,P5_2#1#value|P5_5#1#value|P5_3#1#value|P5_4#1#value|P5_1#1#value,1,2,50,co_0,5,9,13,308,6,98,4,7,2,"COMUNISTA TOTAL, AMENAZA MUNDIAL",POTENCIA EN VARIOS SENTIDOS Y GRAN INFLUENCIA MUNDIAL,COMUNISMO TOTAL AMENAZA TOTAL,TERRIBLE SITUACIÓN CONTRA LIBERTAD RELIGIOSA - COMUNISMO,"AVANZADO, SOLIDEZ ECONÓMICA",1,0,1,7,1,0,1,0,1,7,1,1,0,0,0,,,,5,4,3,,5,1,1,1,3,"Tiendas, negocios, restaurantes atendidos directamente por ellos.",Muy malas,1,0,0,0,2,2,1,1,1,0,1,1,1,1,0,,3,3,0,0,1,0,1,0,0,0,0,,99,2,2,3
dcae6bbd-fcdc-481f-89f9-0ee81b80101d,625520111,1,15/10/2024 16:57,15/10/2024 17:04,390,end,complete,7df1860867233a2b,P5_3#1#value,3,1,50,co_0,5,8,16,192,4,98,1,10,3,Litio,Estabilidad,Guerra,Turismo,Tecnologia,999,,999,,1,0,999,,999,,1,1,0,0,0,,,,5,1,3,,5,2,2,1,1,Amigo compañero de colegio,Excelentes,1,1,0,0,2,4,1,0,0,1,0,0,0,0,0,,1,5,0,0,0,0,0,0,1,0,0,,2,1,2,3
93092d39-318e-48c9-85a1-dece240426fe,624781149,1,10/10/2024 22:29,10/10/2024 22:38,553,end,complete,7f6703b021f5a2a0,P5_1#1#value,3,2,22,co_0,2,7,13,329,5,98,3,8,1,Yihuu,Times square,Chinos,Torre Eiffel,Chinos,1,80,999,,999,,999,,999,,1,1,0,0,0,,,,3,3,1,4,3,2,2,1,3,En compras mayoristas en alibaba,Por la aplicación alibaba,1,0,0,0,2,3,1,0,1,0,0,0,0,0,0,,2,4,0,0,0,1,0,0,0,1,0,,2,2,4,4
2351f845-7b8e-4ba5-8bd8-e720a3026c87,624998294,2,11/10/2024 23:39,12/10/2024 0:39,1455,end,complete,806531ad02705005,P5_3#1#value|P5_2#1#value|P5_5#1#value|P5_4#1#value|P5_1#1#value,3,2,45,co_0,5,8,8,161,6,98,1,5,3,Televisor,Basquetbal,Telefono,Futbol,Templo,1,90,1,90,1,50,1,100,1,100,1,0,1,1,1,Xiaomi,Lenovo,Huawei,4,4,1,5,1,1,2,1,1,Compras en mall chino,Buena,0,1,0,0,2,3,1,0,1,1,1,0,1,0,0,,3,1,0,0,0,0,1,1,0,0,0,,99,3,4,2
6a05256c-98ff-4c85-96a4-e1135a031e09,624563093,1,09/10/2024 21:53,09/10/2024 22:02,557,end,complete,80881facd62bf2c2,P4_3|P5_1#1#value|P5_2#1#value|P5_5#1#value|P5_3#1#value|P5_4#1#value,3,2,30,co_0,3,8,13,300,4,9,4,2,1,Socialismo,Terrorismo,Bts,Paris,Nintendo,1,10,1,0,1,30,1,20,1,30,1,1,0,0,0,,,,2,2,2,1,1,1,1,2,1,Universidad,No he tenido grandes interacciones,0,0,0,1,2,4,2,,,,,,,,,,1,4,0,0,0,0,1,0,0,1,0,,2,3,3,5
1d44770b-b60f-4bd6-9fb4-b8439ef11942,625015947,1,12/10/2024 2:54,12/10/2024 2:58,232,end,complete,80b819507bbb4add,P4_4|P4_2|P4_3|P5_2#1#value|P5_1#1#value|P5_4#1#value|P5_5#1#value|P5_3#1#value,3,1,36,co_0,4,7,7,130,6,6,3,4,2,Isisis,Ksksjs,Ksksjs,Kksks,Ksksis,1,100,1,0,1,5,1,0,1,3,2,1,0,0,0,,,,3,2,2,3,3,2,2,2,1,Ksksuuwkaka,Iwkakakkakqkq,0,1,0,0,2,2,2,,,,,,,,,,3,3,0,0,1,0,0,0,0,0,0,,2,3,2,3
e50397ba-778e-4064-b02e-78cd77df9365,625102294,1,12/10/2024 22:02,12/10/2024 22:10,475,end,complete,8185ad344475a6f8,P5_2#1#value|P5_5#1#value|P5_1#1#value,3,1,33,co_0,3,8,7,127,6,98,2,6,1,Autos chinos,Relojes,Guerra,Fútbol,Camiones,1,50,1,50,999,,999,,1,30,1,1,0,0,0,,,,4,4,3,,2,2,2,1,2,No con nadien,Bien agradable,0,1,0,0,2,2,1,0,1,0,0,0,0,0,0,,3,4,0,0,0,0,0,0,0,1,0,,2,3,2,4
6655eb83-8965-48cc-8e5d-9b7994f07e99,625959562,1,17/10/2024 16:59,17/10/2024 17:10,646,end,complete,8232877294c7d001,P5_5#1#value|P5_3#1#value|P5_2#1#value|P5_1#1#value|P5_4#1#value,3,2,28,co_0,3,7,11,258,4,98,3,8,1,Muralla,Comercio,Tecnología,Torre,Sushi,1,70,1,60,1,90,1,60,1,90,2,1,0,0,0,,,,3,3,3,,5,2,2,2,4,Cuando compro en alguna tienda china,Precisas,1,1,0,0,2,4,2,,,,,,,,,,1,4,0,0,1,0,0,0,1,0,0,,2,2,2,4
785871f0-3061-45e8-9dac-52f14a0efc2c,625516920,1,15/10/2024 16:44,15/10/2024 19:12,8892,end,complete,8278c58525f93248,P5_5#1#value,3,1,36,co_0,4,5,3,22,5,3,3,5,4,Aliexpress,Obama,K-pop,Croissant,Anime,999,,999,,999,,999,,1,50,3,0,1,1,1,Xiaomi,Huawei,Pocophone,3,3,1,3,3,2,2,2,4,Ningunas,Súper cortas,0,0,0,1,2,1,2,,,,,,,,,,1,3,0,0,0,0,1,0,0,1,0,,99,99,3,5
e80cb1a9-ed07-4374-884e-6c8ae5428ae1,625371518,1,14/10/2024 22:39,14/10/2024 22:47,455,end,complete,828144c2272d28fa,P5_1#1#value|P5_3#1#value|P5_4#1#value|P5_5#1#value|P5_2#1#value,3,1,31,co_0,3,5,6,79,6,98,3,1,4,Juguetes,Estados unidos,Guerra,Pastas,Productos,1,50,1,100,1,50,1,50,1,50,3,1,0,0,0,,,,5,1,3,,5,2,2,2,2,Ninguna,Ninguna interacción,0,1,0,0,2,3,1,0,1,0,0,0,0,0,0,,3,5,0,0,0,1,0,0,0,0,0,,1,3,2,5
212a50e0-8b45-4ebd-9225-f19627eed0f1,625105092,1,12/10/2024 22:48,12/10/2024 23:01,817,end,complete,82a4cbd0c0b2dc5a,P5_5#1#value|P5_2#1#value|P5_1#1#value|P5_4#1#value,3,2,36,co_0,4,6,6,79,6,3,4,8,4,Ali expres,Nee York,Nada,Europa,Modernidad,1,70,1,70,999,,1,70,1,70,1,1,0,0,0,,,,5,4,1,4,2,1,1,2,3,Comercio,Buena,1,0,0,0,2,1,1,1,1,1,1,1,1,1,1,Comercio,4,2,0,0,1,0,0,0,1,0,0,,2,3,3,4
b965b386-8720-4091-be06-32f91b5ec95b,625092948,1,12/10/2024 19:53,12/10/2024 20:03,595,end,complete,82ccfb888fcc2f7c,P5_1#1#value|P5_5#1#value|P5_2#1#value|P5_3#1#value|P5_4#1#value,3,1,41,co_0,4,5,16,175,5,98,4,6,4,Comercio,Soberanía,Ejercito,Viaje,Anime,1,70,1,80,1,70,1,60,1,70,3,1,0,0,0,,,,2,4,3,,4,2,2,2,4,En los mall chinos,Solo saludo,0,1,0,0,2,3,1,1,0,1,0,0,0,1,0,,1,3,1,0,0,0,0,1,0,0,0,,3,2,2,2
10a2497f-d128-453a-b791-22940ecb3661,625051035,1,12/10/2024 12:01,12/10/2024 12:16,857,end,complete,82cd4d81f02c74c9,P5_2#1#value|P5_3#1#value|P5_5#1#value|P5_4#1#value|P5_1#1#value,3,2,48,co_0,5,5,10,228,6,98,3,5,4,Nada,Nada,Nads,Nada,Nada,1,50,1,59,1,50,1,50,1,50,2,1,0,0,0,,,,4,3,2,3,2,2,2,2,4,Ninguno,Nada,0,1,0,0,2,1,1,0,0,0,1,0,0,0,0,,4,4,0,0,0,0,0,1,0,1,0,,99,99,3,4
81f5d436-ebb9-4feb-9820-369191826521,625073268,1,12/10/2024 15:55,12/10/2024 16:05,599,end,complete,8371b3fc1cf5675c,P5_4#1#value|P5_5#1#value|P5_1#1#value|P5_2#1#value|P5_3#1#value,3,2,39,co_0,4,5,16,188,6,98,4,6,4,Aliexpres,Importar,Corea del norte,Hermoso,Quiero vivir,1,80,1,85,1,80,1,50,1,100,1,1,0,0,0,,,,2,3,3,,5,2,2,2,2,No tengo contacto o interacción,Las veces que tuve fue entretenido y muy amables,1,0,0,0,2,3,1,1,1,1,1,0,0,1,0,,3,5,0,0,1,0,1,0,0,0,0,,99,99,4,3
0e5adf61-53fc-40ae-9db5-1745b1f54551,624766881,1,10/10/2024 21:07,10/10/2024 21:19,679,end,complete,840cc42c7799383d,P5_3#1#value|P5_5#1#value|P5_2#1#value|P5_1#1#value|P5_4#1#value,3,2,68,co_0,7,8,13,311,2,8,4,3,1,Comunista,Capitalismo,Libertad,Cultura,Edificios,1,30,1,50,1,50,1,40,1,30,1,0,1,1,1,Lenov,Huawei,Lenov,3,3,1,3,3,1,1,1,2,Amigo de un amigo,Regular por el idioma,1,0,0,0,2,2,1,1,1,0,0,0,0,0,0,,2,3,0,0,0,0,1,0,0,0,0,,2,2,3,4
4abf5b10-7981-4466-b569-0f1df9e7361d,625336519,2,14/10/2024 19:18,15/10/2024 2:28,549,end,complete,8411228d3a723c3d,P5_5#1#value|P5_4#1#value|P5_3#1#value|P5_2#1#value|P5_1#1#value,3,1,30,co_0,3,8,10,228,6,98,1,8,2,Todo,Hamburguesa,Series,Torre,Anime,1,80,1,70,1,80,1,80,1,80,2,1,0,0,0,,,,2,1,1,3,2,1,1,1,3,Proveedor de agua,Buenas,1,0,0,0,2,1,1,1,1,1,0,0,0,0,0,,3,5,0,0,0,0,1,0,0,0,0,,2,3,4,4
99a2ac78-a31e-4001-9b3c-da90860337f7,624561969,1,09/10/2024 21:46,09/10/2024 21:53,461,end,complete,8447f21cf15acd43,P5_2#1#value,3,2,35,co_0,4,5,13,317,5,98,3,5,3,Nose,Biden,Nosr,Nose,Nose,999,,1,10,999,,999,,999,,1,1,0,0,0,,,,3,3,1,5,3,2,1,1,3,No solo cuando compro,No les entiendo,0,0,0,1,2,3,2,,,,,,,,,,4,3,0,0,0,0,0,0,1,0,0,,2,99,4,3
ea996140-bde3-4331-8eff-00570dd7bea5,625885030,1,17/10/2024 10:59,17/10/2024 11:08,533,end,complete,84f1d18a4f205838,P5_2#1#value|P5_5#1#value,3,1,28,co_0,3,5,3,22,7,98,3,5,4,Ecomerce,Nada,Kpop,Nada,Otaku,999,,1,1,999,,999,,999,,2,1,0,0,0,,,,4,4,3,,4,2,2,2,3,Ningun contexto,Solo al comprar,1,0,0,0,2,2,1,0,0,0,0,0,0,1,0,,1,3,1,0,0,0,0,0,0,0,0,,3,3,4,3
97e6b41e-90e8-4e21-b9d9-fca0e76b9ea3,625039014,1,12/10/2024 9:00,12/10/2024 9:07,410,end,complete,855f724d06f1509b,P5_4#1#value|P5_2#1#value,3,2,47,co_0,5,7,5,63,6,2,4,5,3,Contagio,Comida chatarra,Nada,Romanticismo,Nada,999,,1,50,999,,1,50,999,,3,1,0,0,0,,,,3,4,1,3,3,2,2,1,4,Tenía en estudios,Indiferente,0,0,0,1,2,4,1,0,1,0,0,0,0,1,0,,3,3,0,0,0,0,0,0,0,0,1,No lo se,99,99,3,3
85a46333-29a9-44ea-8157-1f4c15f6332d,624553890,1,09/10/2024 20:58,09/10/2024 21:05,413,end,complete,864234d557135c63,P5_4#1#value|P5_5#1#value|P5_1#1#value|P5_2#1#value|P5_3#1#value,3,2,59,co_0,6,9,13,300,1,98,3,9,2,Manofactura,Potencia,Caos,Historia,Tecnologia,1,20,1,60,1,0,1,80,1,100,1,1,0,0,0,,,,3,3,3,,2,2,1,1,4,"Comercio, restaurant","Más o menos,  no me dan confianza",1,1,1,0,2,4,1,1,1,0,0,0,1,0,0,,2,4,0,0,0,1,0,0,0,1,0,,3,2,3,3
55f5b71d-25c3-4e90-af9a-1d4d365f841f,624804215,1,11/10/2024 1:37,11/10/2024 1:43,368,end,complete,86c886d3365cab9d,P5_4#1#value|P5_2#1#value|P5_1#1#value|P5_3#1#value|P5_5#1#value,3,2,23,co_0,2,5,5,61,7,98,3,4,4,Comida,Dolares,Asiaticos,Paris,Anime,1,30,1,60,1,40,1,50,1,70,3,1,0,0,0,,,,4,4,1,3,3,2,2,2,2,Al comprar en locales,"Casi nula, por lo general no hablamos mucho español",0,0,0,1,2,4,1,0,1,0,0,0,0,0,0,,2,3,0,0,1,0,0,1,0,0,0,,2,2,4,3
cb3f4ea3-d250-4953-acc8-27f8ee38aa26,625514191,1,15/10/2024 16:33,15/10/2024 16:41,470,end,complete,87096162574f7c47,P5_4#1#value|P5_2#1#value|P5_3#1#value|P5_1#1#value|P5_5#1#value,3,1,64,co_0,6,5,1,1,4,98,1,6,2,El poderoso de asia,El poderoso de america,País asiatico,Sinede sidane,Bombas atomicas,1,10,1,10,1,5,1,5,1,6,1,1,0,0,0,,,,3,2,3,,3,1,1,2,2,Restaurantes Sona de Zofri iquique,Muy buenas,1,1,0,0,2,2,1,0,1,1,0,0,0,0,0,,2,4,0,0,0,0,0,1,1,0,0,,3,1,2,3
a4c375a1-6771-4e40-bee4-94a4aac6d4bd,624757906,1,10/10/2024 20:23,10/10/2024 20:38,876,end,complete,873451044989507c,P5_2#1#value|P5_1#1#value|P5_4#1#value|P5_5#1#value|P5_3#1#value,3,2,35,co_0,4,8,5,66,5,98,3,5,4,Cultura,Armamento,Tecnología,Gastronomía,Animé,1,60,1,50,1,90,1,90,1,70,3,0,1,1,1,Xiaomi,Huawei,Lenovo,1,3,1,1,3,2,2,2,1,En las tiendas y restaurantes chinos,"Bien, muy cordiales y precisas",0,0,1,0,2,3,1,1,0,0,0,0,0,0,0,,3,2,0,0,1,0,0,0,0,0,0,,2,3,4,4
53ee6d32-ef2c-4b24-9d51-3735d18f2f77,624692937,2,10/10/2024 15:46,11/10/2024 2:30,408,end,complete,876737ba4866730d,P5_2#1#value,3,2,18,co_0,2,5,1,1,7,98,3,5,3,chinos,dinero,Coreanos,Paris,japon,999,,1,50,999,,999,,999,,3,1,0,0,0,,,,3,4,1,5,3,2,2,1,2,papá de mi prima,no muy buenas,1,0,0,0,2,2,2,,,,,,,,,,3,5,0,0,0,0,0,1,0,0,0,,2,2,3,3
da02d5a5-94f0-4ede-a8cc-64d2e26512b0,625009924,1,12/10/2024 1:39,12/10/2024 1:53,814,end,complete,87795f8888151f19,P5_3#1#value|P5_2#1#value|P5_1#1#value|P5_5#1#value|P5_4#1#value,3,2,64,co_0,6,6,5,49,5,98,3,5,3,Comercio,Migración,Dictadura,Torre Eiffel,Espiritual,1,90,1,50,1,0,1,80,1,100,3,0,1,1,1,Alibaba,Xiaomi,Huawei,3,3,3,,3,2,2,2,4,Ninguno,Compras en sus tiendas,0,0,0,1,2,4,1,0,0,1,0,0,0,0,0,,3,3,0,0,0,0,0,1,0,0,0,,3,3,4,3
0ec5ac78-caa5-45cc-ad1f-2eda2777dcfc,624694068,1,10/10/2024 15:50,10/10/2024 15:59,505,end,complete,8801bc9610a74316,P5_5#1#value|P5_2#1#value,3,2,18,co_0,2,4,13,297,4,98,1,10,3,Vestuario,Tradiciones,Comida,Juegos,Comida,999,,1,18,999,,999,,1,5,1,1,0,0,0,,,,2,1,2,5,1,2,1,2,3,"No, porque no tengo contacto en china","No, interacciones en personas en chile",0,0,0,1,2,2,1,0,1,0,0,0,0,0,0,,3,5,0,1,0,0,0,0,0,0,0,,99,99,3,3
cc2fdb5f-0caa-4add-aed4-fec6cd864a7c,625528789,1,15/10/2024 17:32,15/10/2024 17:37,319,end,complete,882c5d18d2b292c8,P5_3#1#value|P5_4#1#value|P5_2#1#value|P5_1#1#value|P5_5#1#value,1,1,50,co_0,5,7,1,1,5,98,4,8,2,Aliexpress,Trump,Kdramas,Mujeres,Anime,1,60,1,50,1,90,1,40,1,100,3,0,1,1,1,ALiexress,Temu,Sang,3,3,1,3,1,1,1,1,2,Compañeros de trabajo y de estudios,"afables, amables y de un buen trato",1,0,0,0,2,2,1,1,1,1,0,0,0,0,0,,1,4,0,0,0,0,0,1,1,0,0,,1,2,4,4
e012a160-20be-4131-b2a0-9d2157d78e70,624556200,1,09/10/2024 21:11,09/10/2024 21:51,2402,end,complete,88493f81d9815349,P5_4#1#value|P5_5#1#value|P5_2#1#value|P5_1#1#value,3,2,46,co_0,5,4,13,326,4,98,1,7,3,Tecnología,Disney,Conflictos,Torre eiffel,Cultura,1,70,1,50,999,,1,50,1,50,1,0,1,1,1,Chery,Xiaomi,Lenovo,2,3,3,,3,1,1,2,2,Comercio,Buenas,0,1,0,0,2,3,1,1,1,1,0,0,1,1,0,,3,4,0,0,0,0,0,1,1,0,0,,1,2,4,4
719a8c41-67d6-4fbf-909b-63e65234266d,625062552,1,12/10/2024 14:00,12/10/2024 14:20,1186,end,complete,885170d790a4d793,P5_5#1#value|P5_1#1#value|P5_3#1#value|P5_4#1#value,1,2,57,co_0,6,7,15,343,6,98,3,5,1,mall,intrusos,mall,bonito,mall,1,50,999,,1,50,1,70,1,50,3,1,0,0,0,,,,3,3,3,,5,2,2,2,2,cuando voy al mall chino,ningun problema,0,0,0,1,2,3,1,1,1,1,0,1,0,0,0,,3,4,0,0,0,0,0,1,1,0,0,,3,3,3,3
a9b66902-2af5-45fa-a2ac-2ee079ca4b26,624794163,1,11/10/2024 0:11,11/10/2024 0:23,695,end,complete,890503a16c53dc9c,P5_3#1#value|P5_1#1#value|P5_5#1#value|P5_4#1#value|P5_2#1#value,3,2,18,co_0,2,5,10,237,7,98,3,5,1,Cosas,Empleo,Kpop,Amor,Flores,1,90,1,90,1,100,1,90,1,90,2,1,0,0,0,,,,2,3,1,3,3,2,2,1,2,Por comercio chino como el mall,Regular,1,0,0,0,2,3,1,0,1,0,0,0,0,0,0,,2,4,0,0,0,0,0,1,1,0,0,,2,3,4,3
6abc32ca-fbf7-4273-991d-e1ed420f5cd2,624748562,1,10/10/2024 19:41,10/10/2024 19:49,471,end,complete,8963b30f7d4baa36,P5_3#1#value|P5_2#1#value|P5_1#1#value|P5_5#1#value|P5_4#1#value,3,1,67,co_0,7,9,16,179,3,98,4,6,2,Susto,Poder,Comercio,Libertad,Tecnología,1,50,1,80,1,60,1,50,1,60,2,1,0,0,0,,,,2,3,1,3,3,1,2,2,4,No. Solo los ubicos cuando voy a sus tiendas,Neutra sin problemas,0,0,0,1,2,4,2,,,,,,,,,,4,3,0,0,1,0,0,0,0,0,0,,2,2,2,3
e4b28549-2b67-4d93-a883-486d8724077a,624997779,1,11/10/2024 23:34,11/10/2024 23:46,725,end,complete,8a15c1b279b7830b,P5_4#1#value|P5_2#1#value|P5_3#1#value|P5_5#1#value|P5_1#1#value,3,2,61,co_0,6,7,2,12,6,98,4,5,3,Novedades,Mayami,ALIMENTACION,Postres,Tecnologia,1,70,1,100,1,60,1,70,1,60,2,1,0,0,0,,,,4,4,1,4,2,1,2,2,3,Ninguna posibilidad,No comprendo el idioma,0,1,0,0,2,4,1,0,0,0,1,0,0,0,0,,1,4,0,0,0,0,0,1,0,0,0,,2,2,3,4
67720c28-9852-4c16-8f87-38d66ecaef59,625183911,1,13/10/2024 20:05,13/10/2024 20:13,502,end,complete,8aadf190816d1653,P5_4#1#value|P5_3#1#value|P5_2#1#value|P5_1#1#value|P5_5#1#value,1,1,52,co_0,5,7,16,175,4,98,3,5,2,LA FABRICA DEL MUNDO,PODER,CELULARES,TORRE EIFEL,AUTOS,1,60,1,80,1,80,1,50,1,100,2,0,1,1,1,LIFAN,OMODA,CHANGAN,5,3,1,5,2,1,1,2,2,SOLO AL COMPRAR EN SUS NEGOCIOS,NORMAL,0,1,0,0,2,4,1,1,1,1,0,0,1,0,0,,1,2,0,0,1,0,0,0,0,0,0,,3,2,1,2
91b32a11-12bd-48d4-9df7-12e7afc8cf2b,624694458,1,10/10/2024 15:52,10/10/2024 16:06,888,end,complete,8ab2b59588a3537d,P5_3#1#value|P5_2#1#value|P5_5#1#value|P5_1#1#value|P5_4#1#value|P6A#4#value,3,2,24,co_0,2,8,9,196,2,1,1,3,1,Tecnogia,Tecnologia,Tecnología,Cultura,Tecnología,1,100,1,100,1,100,1,100,1,100,2,0,1,1,1,Xiaomi,Onn,MG,5,1,1,5,4,1,1,1,4,Inversores en la empresa donde trabajo,Regular,1,0,0,0,2,4,1,1,1,1,0,0,1,1,0,,1,1,0,1,0,0,1,0,0,0,0,,99,99,3,1
43cac2cf-40d7-4fd9-a823-14085cee6895,625952316,1,17/10/2024 16:24,17/10/2024 16:33,575,end,complete,8ab37af967034621,P5_2#1#value|P5_1#1#value,3,2,39,co_0,4,5,11,260,5,98,4,5,3,Cultura,Potencia,Cultura,Turismo,Cultura,1,70,1,80,999,,999,,999,,3,1,0,0,0,,,,4,4,1,3,3,2,2,2,3,Compras,Normales,0,0,0,1,2,3,2,,,,,,,,,,4,4,0,0,1,0,1,0,0,0,0,,99,2,4,3
df8c0bbb-fe06-4354-96d3-91ec6800ff28,624555476,1,09/10/2024 21:07,09/10/2024 21:15,436,end,complete,8addf983bd4315a0,P5_5#1#value|P5_2#1#value|P5_3#1#value|P5_1#1#value|P5_4#1#value|P6A#3#value,1,2,30,co_0,3,8,13,314,4,8,3,9,1,Proovedores,Tiroreos,Kdramas,Quesos,Tecnologia,1,45,1,40,1,100,1,45,1,100,1,0,1,1,1,Changgan,MG,great gall,3,3,2,3,1,1,1,2,2,"En ir a algun restaurante a comer, o comprar cosas para el hogar","Muy buenas, cordiales y amables",1,0,0,0,1,3,2,,,,,,,,,,1,4,1,1,0,0,0,0,0,0,0,,2,2,3,4
f1f7ac07-faca-46fc-bdc8-5d6418f2effe,624734484,1,10/10/2024 18:35,10/10/2024 18:45,603,end,complete,8afa5dff3c6c8860,P5_3#1#value|P5_2#1#value|P5_1#1#value|P5_4#1#value|P5_5#1#value,3,2,67,co_0,7,7,2,15,5,98,3,5,1,Su comida,Su gente,Sus coreanos costumbres comidas,Su cultura su gente,Su cultura,1,90,1,70,1,80,1,70,1,90,3,0,1,1,1,Ali espres,Temu,Choice,2,3,2,3,2,2,2,1,2,En su negocio,Muy buenas,1,0,0,0,2,2,1,1,1,1,0,1,1,1,0,,3,4,0,0,1,1,0,0,0,0,0,,3,2,4,5
6ab3c21f-5f34-4b4a-97ac-f2c8ddea1b2f,625019205,1,12/10/2024 3:45,12/10/2024 4:06,1275,end,complete,8b7a7d3464d0a05a,P5_1#1#value,3,1,45,co_0,5,8,5,43,6,98,1,5,3,Calzado,Columbia,Bandera,Mbappee,Autos,1,100,999,,999,,999,,999,,1,1,0,0,0,,,,4,1,1,2,3,1,1,2,4,En mall y restaurante,Con discrepancias,1,1,0,0,2,1,1,1,1,0,0,1,0,1,0,,3,2,0,0,1,0,1,0,0,0,0,,99,99,3,3
f92761c5-a02b-49fe-a88a-75b0fe1c6f48,624797345,1,11/10/2024 0:39,11/10/2024 0:45,335,end,complete,8bf29651878dc6db,P5_5#1#value|P5_1#1#value|P5_4#1#value|P5_3#1#value|P5_2#1#value,3,2,24,co_0,2,8,4,36,6,98,2,5,1,Lider,Potencia,Modernidad,Europa,Avanzado,1,60,1,70,1,60,1,80,1,100,1,1,0,0,0,,,,3,3,3,,3,2,2,2,2,Cuando asisto a mall chinos,Muy breves sin mayor conversación.,1,1,0,0,2,1,1,1,1,0,0,0,0,1,0,,4,4,0,0,1,0,0,0,0,0,0,,3,2,3,3
8618e8c5-88ee-404e-b71e-546db1f76905,625013755,1,12/10/2024 2:27,12/10/2024 2:46,1130,end,complete,8c9a4cd32b112941,P5_2#1#value|P5_5#1#value|P5_1#1#value|P5_4#1#value,3,2,56,co_0,6,5,4,26,5,98,3,5,2,Inmenso,Grande,potencia,Torre Ifel,Cultura,1,60,1,50,999,,1,40,1,60,1,0,1,1,1,Mall chino,Shein,Tigo,3,3,3,,3,1,1,1,2,sólo con dueños que atienden local,Leves,0,1,0,0,2,1,1,1,1,1,0,0,1,1,0,,1,3,0,0,1,0,1,0,0,0,0,,2,2,3,3
e5116190-fb54-410d-819f-7938afe12cf7,624557113,1,09/10/2024 21:16,09/10/2024 21:24,479,end,complete,8caa7a4c5bc61f24,P5_2#1#value|P5_5#1#value|P5_1#1#value|P5_4#1#value|P5_3#1#value,3,2,35,co_0,4,8,13,298,4,8,1,5,3,Grandes empresas,Progreso,Tecnología,Cultura,Cultura,1,30,1,40,1,80,1,80,1,100,1,1,0,0,0,,,,1,1,1,1,3,1,1,2,2,Cuando voy al mall chino,Son serios y desconfiados,0,1,0,0,2,4,1,0,0,0,0,0,1,1,0,,1,4,0,0,0,0,0,0,1,1,0,,2,1,3,4
b43d8e11-813f-41ce-b5ed-1b5889c0b493,624559019,1,09/10/2024 21:28,09/10/2024 21:37,578,end,complete,8d8dbf90cb5a30aa,P5_1#1#value|P5_5#1#value|P5_4#1#value|P5_3#1#value|P5_2#1#value,3,1,37,co_0,4,8,16,175,3,98,4,5,3,"La muralla, trenes bala, grandes edificios","La estatua de la libertad, Trump","Samsung, series","Torre Eiffel, Sena","Los paisajes, monte Fuji,  comida",1,50,1,20,1,40,1,70,1,80,1,0,1,1,1,Honor,Huawei,Aliexpres,3,4,2,3,1,2,2,2,2,En los mall Chinos,Prácticamente solo un hola y gracias,1,0,0,0,1,1,1,1,1,1,0,1,0,1,0,,4,5,0,0,1,0,0,0,0,0,0,,3,99,4,5
682fb081-bc16-4fc3-b02f-6272f07f6b4a,625519414,1,15/10/2024 16:54,15/10/2024 17:33,2362,end,complete,8dd5878a6abcb5c0,P5_4#1#value|P5_5#1#value|P5_1#1#value|P5_2#1#value,3,1,28,co_0,3,7,3,17,5,1,2,7,4,Comida china,New york,Paisajes,Paris,Sushi,1,80,1,90,999,,1,80,1,70,1,1,0,0,0,,,,3,2,3,,4,2,1,2,3,Comprando cosas por página,Ninguna,1,0,0,0,2,1,1,1,1,1,0,0,0,1,0,,4,4,0,0,0,0,0,1,0,1,0,,1,1,3,4
0e140048-b55f-4902-a3ea-a4420721ec7c,625074745,1,12/10/2024 16:13,12/10/2024 16:20,434,end,complete,8f6397b1ddc3af3c,P5_1#1#value|P5_4#1#value|P5_2#1#value|P5_3#1#value|P5_5#1#value,1,2,32,co_0,3,8,6,79,6,98,3,5,1,dueños del mundo,sueño americano,ignorancia,AMOR,avanzados,1,90,1,100,1,1,1,100,1,90,1,1,0,0,0,,,,2,3,3,,3,1,1,2,4,Cuando compro en un restaurante chino,Me parecen personas frías,0,0,0,1,2,1,2,,,,,,,,,,1,4,0,0,0,0,0,1,0,0,0,,3,1,2,4
868f92a3-a2f1-42c7-b404-e7e06c952f96,624967304,1,11/10/2024 20:15,11/10/2024 20:29,842,end,complete,8f81bdf1701f9c64,P5_5#1#value|P5_1#1#value|P5_4#1#value|P5_3#1#value|P5_2#1#value,3,1,26,co_0,3,3,4,32,7,98,1,8,1,Autos,Ropa,Ropa,Nose,Comida,1,4,1,8,1,8,1,7,1,5,1,1,0,0,0,,,,5,3,1,5,1,2,2,2,1,En un local chino que hay en mi ciudad,Dificil,1,1,0,0,2,4,1,1,0,0,0,0,0,0,0,,1,5,0,0,0,0,0,1,0,0,0,,1,2,3,4
92b32f7e-dafd-4001-83a1-447c85e8ce63,625068728,1,12/10/2024 15:03,12/10/2024 15:10,364,end,complete,8fc816d09a5abb5d,P5_4#1#value,3,2,52,co_0,5,5,6,79,7,98,3,1,4,Muralla china,Casa blanc,No se,Torre Eiffel,Nose,999,,999,,999,,1,59,999,,3,1,0,0,0,,,,3,4,3,,4,2,2,2,4,No tengo ni conozco personas con descendencia china ni chinos,Nunca eh interactuado,0,0,0,1,2,4,2,,,,,,,,,,2,2,0,0,0,0,0,0,1,0,0,,99,99,4,1
87a0cca2-fabf-4c74-9858-e75b1dab244e,624701369,2,10/10/2024 16:19,10/10/2024 16:35,848,end,complete,8ff8914973a073bc,P5_1#1#value|P5_2#1#value|P5_3#1#value|P5_4#1#value|P5_5#1#value|P6A#4#value,3,2,77,co_0,7,7,4,26,4,98,2,6,1,Comunismo,Grande,Aguante al vecino,Ni fu ni fa,Grande,1,90,1,90,1,80,1,70,1,90,1,0,1,1,1,"Huawei,",Xiaomi,BYD,2,1,2,3,1,1,1,2,2,Sólo en sus negocios.,Ok sin problemas.,0,1,0,0,2,4,1,0,0,0,0,0,0,0,1,En todo sería bueno.,1,5,0,1,0,0,0,1,0,0,0,,2,1,4,2
b9e67679-dd2c-484e-bc26-c7c954597608,624753245,3,10/10/2024 20:01,10/10/2024 20:14,857,end,complete,90717ff8528f862c,P5_3#1#value|P5_4#1#value|P5_1#1#value|P5_5#1#value,3,1,67,co_0,7,7,10,228,4,98,3,5,1,Gran exportador/importador,Cabrones,Tecnología,Democracia,Potencia,1,30,999,,1,60,1,70,1,70,1,1,0,0,0,,,,4,3,1,3,3,2,2,2,3,Ningun contacto,No tengo interacciones,0,1,0,0,2,2,1,0,1,1,0,0,0,0,0,,2,5,0,1,0,0,0,1,0,0,0,,3,3,2,4
556b38a1-e217-4212-95e2-6a23bdcfa655,625099442,1,12/10/2024 21:21,12/10/2024 21:30,541,end,complete,907fd59bd9a52562,P5_1#1#value|P5_3#1#value|P5_4#1#value|P5_2#1#value|P5_5#1#value,3,2,58,co_0,6,5,2,8,5,98,1,5,2,Trabajo,Buena racha,Incertidumbre,Lindo,Negocuios,1,90,1,90,1,90,1,80,1,95,1,1,0,0,0,,,,2,1,1,3,1,1,2,1,4,Restoran,Buenas,1,1,0,0,1,1,1,1,1,1,0,1,0,1,0,,1,4,0,0,0,0,0,1,1,0,0,,1,1,4,3
54bfd126-61a2-4eff-bcd8-1894b4df69e0,624564327,1,09/10/2024 22:00,09/10/2024 22:11,647,end,complete,908c44f8c854d50c,P5_5#1#value|P5_2#1#value|P5_3#1#value|P5_4#1#value|P5_1#1#value,1,1,37,co_0,4,5,7,112,4,5,2,7,4,invasores,racismo,kpop,suciedad,ecologistas,1,20,1,50,1,40,1,30,1,100,1,0,1,1,1,"huawei,",xiaomi,shein,4,4,2,5,5,1,1,1,2,solo compras en tiendas chinas,no me agradan,0,0,0,1,2,2,1,1,1,1,0,0,0,0,0,,3,2,0,1,0,0,1,0,0,0,0,,2,3,4,4
6d615377-c435-4b4b-816c-d6dac3d90402,624971203,1,11/10/2024 20:39,11/10/2024 20:44,317,end,complete,910110a15a22d10d,P4_3|P4_5|P5_2#1#value|P5_4#1#value,1,1,35,co_0,4,5,14,339,6,5,3,1,4,potencia,imperio en ruinas,aliado eeuu,ex potencia,aliado eeuu,999,,1,0,999,,1,5,999,,3,1,0,0,0,,,,1,3,1,3,3,1,1,2,3,comercio,neutra,1,0,0,0,2,2,1,1,1,1,0,1,0,1,0,,2,1,0,0,1,0,1,0,0,0,0,,2,99,1,4
84d63cf4-0b9a-44f7-826d-415d3507a7cc,625295984,1,14/10/2024 16:12,14/10/2024 16:37,1486,end,complete,912a144438f817b7,P5_1#1#value|P5_2#1#value|P5_5#1#value|P5_4#1#value|P5_3#1#value,3,1,49,co_0,5,5,2,12,6,1,3,5,2,Es un país que crece en la tecnología,Es un país que es una potencia,Un país en desarrollo,Un país para ir de vacaciones,Es un país que está lo más alto a nivel de desarrollo,1,45,1,80,1,50,1,60,1,40,1,0,1,1,1,Samsung,Foton,Huawei,5,1,1,2,1,1,1,2,2,No tengo contacto,Buenas,1,1,0,0,2,3,1,0,1,1,0,0,0,0,0,,1,5,0,0,0,0,0,0,1,0,0,,2,1,4,4
8aaa0087-45b1-4479-8ad6-39a184cc2460,624968703,3,11/10/2024 20:25,11/10/2024 20:43,1097,end,complete,918039500dd6ddd0,P5_3#1#value|P5_2#1#value|P5_1#1#value|P5_5#1#value,3,2,38,co_0,4,2,3,17,7,98,3,5,3,Avance de tecnología,Tragedia,Misiles,Nose,Comida asiática,1,100,1,50,1,20,999,,1,70,3,0,1,1,1,Lenovo,Ono plus,Tomebeao,1,3,1,3,2,2,1,1,4,Les comparto productos,Muy buena,1,0,0,0,1,1,1,0,0,0,0,0,0,1,0,,3,4,0,0,0,0,0,1,1,0,0,,2,3,3,4
54a7a50e-6e4d-4a1b-ac24-72d05dd3f44d,624735510,1,10/10/2024 18:39,10/10/2024 18:52,769,end,complete,91d174abf1f28558,P5_3#1#value|P5_2#1#value|P5_4#1#value|P5_5#1#value|P5_1#1#value|P6A#3#value,1,2,73,co_0,7,8,6,79,2,98,2,4,1,Malls,Dominadores,Exportadores,Paris,Disciplina,1,50,1,50,1,75,1,50,1,75,2,0,1,1,1,Huawei,BYD,Geely,4,4,1,3,2,1,1,2,3,Tiendas comerciales,Muy poca por  el idioma,0,0,1,0,2,3,1,0,1,0,0,0,0,0,0,,4,4,0,0,1,0,0,0,1,0,0,,2,2,4,4
f8e67761-0a14-4af6-95ba-b2e901c743d6,625241424,1,14/10/2024 11:05,14/10/2024 11:17,702,end,complete,91f343a13f4f25ac,P5_5#1#value|P5_2#1#value|P5_3#1#value|P5_4#1#value|P5_1#1#value,3,1,29,co_0,3,7,16,179,5,98,4,5,1,Productos basura,Cómoda chatara,Series,Pan,Anime,1,50,1,50,1,50,1,50,1,50,3,1,0,0,0,,,,5,4,1,3,3,2,2,2,2,Comprado,Breves,1,1,1,0,1,3,1,1,1,1,1,1,1,1,0,,3,3,0,0,1,0,0,0,0,0,0,,3,3,3,3
57800268-1acd-496f-a30c-4fea19a80a32,624691047,1,10/10/2024 15:39,10/10/2024 15:52,804,end,complete,920179b2548b7807,P5_2#1#value|P5_3#1#value|P5_4#1#value|P5_5#1#value|P5_1#1#value,1,2,55,co_0,6,7,13,300,4,8,3,3,1,Comunismo,Progreso,Poder economico,Cultura,Reinvension,1,70,1,70,1,80,1,95,1,90,1,0,1,1,1,Foton /,Alibaba,Lenovo,4,3,1,3,3,2,1,2,4,solo restaurant o tiendas,buena,0,1,0,0,2,2,1,1,1,1,0,0,0,1,0,,3,4,1,0,0,1,0,0,0,0,0,,99,3,2,2
18f2d79f-08f9-4416-a5f1-7c1717e74c06,625167850,1,13/10/2024 16:26,13/10/2024 16:37,657,end,complete,92c21fca2d41071b,P4_5|P5_5#1#value|P5_2#1#value|P5_1#1#value|P5_3#1#value|P5_4#1#value|P17,3,1,29,co_0,3,6,6,95,5,98,3,3,1,Quiero culearme minitas chinas,Fome,Me quiero ir,Bonito,Bkn,1,80,1,30,1,100,1,2,1,70,3,0,1,1,1,La mayoría,Huawei,Xaomi,1,3,3,,5,2,2,2,1,Solo me excitan las chinitas,Uffff conocí una niña de ojitos rosa... Ni te cuento,1,0,0,0,1,3,1,0,1,1,1,0,1,0,1,"Aguas, energía solar, Todo lo producido con materia prima chilena, imbéciles",4,4,0,0,0,0,0,0,0,1,1,Mezcla biologica,1,99,1,5
b71da546-ef19-4e65-a0dd-a9851d70a140,625044462,1,12/10/2024 10:33,12/10/2024 11:14,2458,end,complete,92fd867a0d92c670,P5_2#1#value|P5_3#1#value|P5_4#1#value|P5_1#1#value|P5_5#1#value,3,2,48,co_0,5,4,11,258,6,3,1,10,4,Cuando compramos algo.,Hace q sea difícil quien lidere la carrera,Las historias muy antiguas,Luis XVl paso de ser rey de Francia a un simple cidadano,El sushy es lo primero q se viene a la mente,1,10,1,0,1,3,1,7,1,10,3,0,1,1,1,Changan motors,ByD auto,Maxus,5,4,1,5,2,1,2,2,1,Contacto nada solo ir a comprar y eso,No e tenido interacción con pers. Chinas,1,1,1,0,1,1,1,0,0,0,0,1,0,0,0,,2,5,0,1,0,1,0,0,0,0,0,,2,1,3,4
d2f36583-8ebe-4faf-a5de-26bfe69d4373,625073766,1,12/10/2024 16:01,12/10/2024 16:06,333,end,complete,9320fcaaf9bd4588,P5_4#1#value|P5_3#1#value|P5_1#1#value|P5_5#1#value|P5_2#1#value|P6A#4#value,3,1,51,co_0,5,5,6,93,7,9,3,5,4,Chino,Gringo,Chino,Confort,Chino,1,50,1,50,1,50,1,50,1,50,3,0,1,1,1,Haval,Chery,Mg,3,3,1,3,3,1,1,2,1,Comprar comida,Simples,0,0,0,1,2,1,1,1,0,0,0,0,0,0,0,,4,3,0,0,0,0,0,1,0,0,0,,2,2,4,3
0f23f147-3c4c-45c7-896c-02fe84805efc,624985068,1,11/10/2024 22:03,11/10/2024 22:14,660,end,complete,936133470f518b59,P5_1#1#value|P5_4#1#value|P5_5#1#value|P5_2#1#value|P5_3#1#value,3,1,58,co_0,6,5,6,104,6,2,3,5,4,Muralla,Oeste,Kpop,Mosqueteros,Samuray,1,50,1,90,1,90,1,70,1,100,3,1,0,0,0,,,,2,3,1,3,3,1,1,2,2,Comercial,EXCELENTE,1,1,0,0,2,3,2,,,,,,,,,,3,5,0,0,0,0,0,1,1,0,0,,1,1,4,4
a9449330-ccff-4735-9a0d-6cdb05e7c2b2,625088786,1,12/10/2024 18:58,12/10/2024 19:35,2183,end,complete,93bf458b120c870a,P5_3#1#value|P5_4#1#value|P5_2#1#value|P5_5#1#value|P5_1#1#value|P6A#2#value,3,2,48,co_0,5,7,7,125,6,98,1,5,4,Superpotencia mundial,El provocador de las guerras,Kpop,Macron,Tecnología y limpieza,1,80,1,30,1,100,1,80,1,100,1,0,1,1,1,BYD,Pacific hydro,Tianqi lithium,4,1,2,5,4,1,1,2,3,"En mall chinos, restaurantes",Buena,1,0,0,0,2,4,1,1,1,1,0,0,0,0,0,,2,4,0,0,0,0,0,0,1,1,0,,2,99,1,5
80b8ea36-d45b-4fa4-b00c-c19483d51258,624769364,1,10/10/2024 21:21,10/10/2024 21:51,1774,end,complete,94dffcd3835ba507,P5_2#1#value|P5_1#1#value|P5_3#1#value|P5_5#1#value|P5_4#1#value|P6A#2#value|P6A#4#value,1,1,72,co_0,7,8,13,302,2,98,3,8,2,Industria,Potencia,Progreso,Política,Leyenda,1,80,1,80,1,80,1,60,1,80,1,0,1,1,1,GWM,Gelly,BYD,4,3,2,3,2,1,1,2,3,Sólo al comprar,como cualquier cliente,0,1,0,0,2,4,1,1,1,1,0,0,0,0,0,,3,5,1,0,0,0,0,0,0,0,0,,3,2,4,2
324ee997-929d-499c-8d3c-a2114ac5577b,625184247,1,13/10/2024 20:10,13/10/2024 20:20,643,end,complete,950f79664579020d,P5_1#1#value|P5_3#1#value|P5_4#1#value|P5_2#1#value|P5_5#1#value,3,1,40,co_0,4,7,6,102,7,6,1,3,1,Económico,Huracán,Guerra,Torre Eiffel,Autos,1,98,1,50,1,0,1,50,1,97,2,1,0,0,0,,,,3,3,1,3,2,1,1,2,4,Comprando en mall chino,Buenas,0,0,0,1,2,3,1,1,1,1,0,0,0,1,0,,2,3,1,0,1,0,0,0,0,0,0,,3,3,3,3
3bac2789-8608-4530-bc27-9b0f98c745a8,625063449,1,12/10/2024 14:09,12/10/2024 14:16,461,end,complete,951d51a5840cf2ac,P5_5#1#value|P5_2#1#value|P5_3#1#value|P5_1#1#value|P5_4#1#value,1,2,31,co_0,3,8,5,49,6,98,3,1,1,productor,competencia,diversion,comida,tradicion,1,70,1,10,1,90,1,20,1,70,1,1,0,0,0,,,,3,3,2,3,2,2,2,2,2,cuando voy a comprar a mall chinos,"limitas a saludos, siempre cordiales",1,0,0,0,2,4,2,,,,,,,,,,3,4,0,0,1,0,0,1,0,0,0,,2,1,1,5
d3f7f412-cb49-4efe-a735-d0c36d22de50,626005342,3,17/10/2024 20:41,17/10/2024 20:47,349,end,complete,95205b0409046ad1,P5_5#1#value|P5_4#1#value|P5_1#1#value|P5_2#1#value|P5_3#1#value,1,1,50,co_0,5,9,1,1,3,4,1,10,2,muralla china,dolar,comunismo,torre eifel,autos,1,95,1,80,1,10,1,90,1,90,1,0,1,1,1,Suzuki,ali,temu,1,1,1,3,3,2,1,1,2,son clientes mios,buenas,1,0,0,0,2,4,1,1,1,0,0,1,0,0,0,,2,5,0,0,0,0,0,0,1,1,0,,1,2,4,4
fe2bd208-1476-4d6b-9887-3a54bfe0669d,624929237,1,11/10/2024 17:08,11/10/2024 17:14,385,end,complete,95323f75084ca829,P5_5#1#value|P5_2#1#value|P5_4#1#value,3,2,18,co_0,2,5,8,151,7,98,3,4,3,Comunista,Perkines,Nada,Wui,Anime,999,,1,20,999,,1,55,1,55,1,1,0,0,0,,,,3,1,1,4,3,2,2,2,3,Pidiendo comida,Piolas,0,0,0,1,2,2,1,0,1,1,0,0,0,0,0,,3,2,0,1,0,0,1,0,0,0,0,,3,99,3,3
620a6dee-ec11-45e9-9453-a1dd8af431c3,624928297,1,11/10/2024 17:04,11/10/2024 17:08,265,end,complete,954c5f21495d60b4,P5_5#1#value|P5_1#1#value|P5_2#1#value|P5_3#1#value|P5_4#1#value,3,1,19,co_0,2,5,14,331,7,98,3,5,4,Japón,Wallmart,China,Paris,Sushi,1,78,1,79,1,98,1,100,1,100,1,1,0,0,0,,,,3,3,1,4,2,2,2,2,3,Cuando voy de compras a malls chinos,Buena,1,0,0,0,2,4,2,,,,,,,,,,3,5,0,0,0,0,0,1,1,0,0,,2,1,1,4
adf4347d-deef-4c89-90a2-c1ac54f30e2d,625298420,1,14/10/2024 16:21,14/10/2024 16:29,477,end,complete,95baaf43f720105c,P5_3#1#value|P5_1#1#value|P5_2#1#value|P5_4#1#value|P5_5#1#value,3,1,52,co_0,5,5,7,112,6,2,2,5,1,Desechables,Dolar,Anime,La torre Eiffel,Sushi,1,60,1,70,1,90,1,50,1,100,1,0,1,1,1,Xiaomi,Lifan,Mall chino,2,1,1,5,2,1,2,2,4,Por sus mall,Solo transacción comercial,0,0,0,1,2,4,1,1,0,0,0,0,0,0,0,,3,5,0,0,0,0,1,0,0,0,0,,1,2,1,5
5734dcc1-6c68-4662-96c4-adcabb4b26e6,624692362,1,10/10/2024 15:44,10/10/2024 15:52,445,end,complete,95ff0a03a3f3061d,P5_2#1#value|P5_1#1#value|P5_5#1#value|P5_4#1#value|P5_3#1#value,3,1,24,co_0,2,7,2,15,5,98,3,5,1,Comercio,Fama,Guerra,Torre Eiffel,Comercio,1,100,1,100,1,80,1,100,1,80,1,0,1,1,1,Nokia,Redmi,Huawei,2,3,1,5,1,1,1,2,1,Supermercado,Buenas,1,0,0,0,2,3,1,0,1,1,0,1,0,0,0,,1,5,0,0,0,0,0,1,0,1,0,,2,2,3,4
aac5d69a-f3c9-4afb-86b7-e32d880f609b,624693332,1,10/10/2024 15:48,10/10/2024 15:53,339,end,complete,971fd0a011f49cdd,P5_5#1#value,3,2,23,co_0,2,6,3,19,6,98,2,5,4,Cultura,Hamburguesa,Anime,Lady bug,Anime,999,,999,,999,,999,,1,100,2,1,0,0,0,,,,3,2,1,3,1,1,1,2,4,En mi trabajo,Buenas,0,0,0,1,2,4,2,,,,,,,,,,2,3,0,0,0,0,0,0,0,1,0,,2,2,3,3
1f2d85ca-b7ab-475d-a8a0-be51f644a982,624560703,1,09/10/2024 21:38,09/10/2024 22:03,1460,end,complete,97f2848b8d4f19ab,P5_1#1#value|P5_4#1#value|P5_2#1#value|P5_3#1#value,3,2,69,co_0,7,7,13,294,6,98,4,5,1,La gran muralla,Un gran pais,Conflictos,Torre eiffel,Comercio,1,0,1,100,1,0,1,100,999,,2,1,0,0,0,,,,5,4,2,4,3,2,2,2,3,En ninguno,Ningun contacto,0,1,0,0,2,1,1,0,0,1,0,0,0,0,0,,2,5,0,0,0,1,1,0,0,0,0,,3,3,3,1
a5405f7e-9de6-4813-aa21-a9b3e4f7e8af,625015340,1,12/10/2024 2:47,12/10/2024 3:00,817,end,complete,982fad759f508d39,P5_5#1#value,3,2,61,co_0,6,5,5,51,6,98,2,5,1,Fabrica,Hamburguesas,Adelanto,Torre eisfel,Adelanto,999,,999,,999,,999,,1,50,2,1,0,0,0,,,,5,4,1,4,4,1,1,2,4,En los mall,Malas,0,0,0,1,1,2,1,1,1,1,0,0,0,0,0,,4,4,1,1,0,0,0,0,0,0,0,,3,2,2,2
2474002d-8974-42f6-a453-fb0ce2fb8962,625008430,1,12/10/2024 1:21,12/10/2024 1:35,782,end,complete,9876f12249fd6b24,P5_1#1#value|P5_5#1#value|P5_4#1#value|P5_2#1#value|P5_3#1#value,3,2,49,co_0,5,8,6,79,6,98,3,5,3,Es un país muy preparado,Primera potencia,Es el mejor país,Es un país de segunda,Es un país de potencia,1,100,1,100,1,100,1,70,1,100,1,1,0,0,0,,,,4,3,1,4,3,1,1,1,1,Un amigo,Muy buena,1,0,0,0,2,2,2,,,,,,,,,,1,4,0,0,0,0,0,0,1,0,0,,1,1,4,4
af30949d-49fe-48dd-85ca-c17d56c4a9fa,625091024,1,12/10/2024 19:28,12/10/2024 19:56,1692,end,complete,99435d49799d7cd9,P5_2#1#value|P5_3#1#value|P5_4#1#value|P5_5#1#value|P5_1#1#value,3,2,59,co_0,6,5,5,60,5,98,4,6,3,Comercio,Disney,No dictadura,Turismo,Doramas,1,60,1,60,999,,1,80,1,90,1,1,0,0,0,,,,4,4,3,,3,1,1,2,4,Solo en compras y restaurantes,Difícil de comunicarme,0,1,0,0,2,1,1,1,1,1,0,0,1,1,0,,2,4,0,0,1,0,0,1,0,0,0,,3,3,4,4
5615e1c2-8d1b-46db-bbd2-e64a6c5229a8,624558348,1,09/10/2024 21:24,09/10/2024 21:39,918,end,complete,994640da7423c403,P5_3#1#value|P5_4#1#value|P5_2#1#value|P5_5#1#value|P5_1#1#value,3,2,38,co_0,4,7,13,297,5,2,4,4,1,Tecnología,Cine,K-pop,Torre Eifel,Anime,1,70,1,50,1,100,1,60,1,100,1,1,0,0,0,,,,4,4,1,3,2,1,1,1,3,Hace años con un profesor de colegio y en restaurante chino,Amables,1,0,0,0,1,1,1,1,1,1,0,0,1,0,0,,4,4,0,1,1,0,0,0,0,0,0,,3,3,4,4
10715647-38b9-4095-ba32-c33fede9e528,625050201,1,12/10/2024 11:52,12/10/2024 12:11,1096,end,complete,99499cbd06a89695,P5_4#1#value|P5_3#1#value|P5_1#1#value|P5_5#1#value|P5_2#1#value,3,2,63,co_0,6,6,6,93,6,98,4,10,2,Muralla china,Estatua de la libertad,"Seúl,",Torre Eiffel,Castillo de himeji,1,100,1,100,1,100,1,100,1,100,1,0,1,1,1,"Dadi, byd, faw,",Gaig,Geely,4,3,1,5,1,1,1,2,4,"Solo, cuando compro",Comprador y vendedor,0,1,0,0,2,2,1,0,0,0,0,0,1,0,0,,2,4,0,0,1,0,0,1,0,0,0,,2,2,2,4
847bca35-9426-421d-9dd4-c5985c490320,624966104,1,11/10/2024 20:08,11/10/2024 20:19,691,end,complete,99848158d34b8fd7,P5_3#1#value|P5_2#1#value|P5_1#1#value|P5_4#1#value|P5_5#1#value,1,1,62,co_0,6,6,5,61,5,4,3,7,2,COMERCIO,POTENCIA,COMUNISMO,PARIS,ASIA,1,80,1,80,1,20,1,50,1,50,2,0,1,1,1,CHANGAN,XIAOMI,HUAWEI,2,3,1,3,2,2,2,2,4,SÓLO EN COMPRAS COMERCIALES,"LA MAYORÍA DE LAS VECES, ES A TRAVÉS DE PERSONAL QUE ATIENDE (NACIONALES)",0,1,0,0,2,1,1,0,1,0,0,0,0,0,0,,4,4,0,0,0,0,0,1,1,0,0,,2,2,4,4
eb4be32f-61cd-425c-aa32-1e91343f78f9,625005786,1,12/10/2024 0:53,12/10/2024 1:06,778,end,complete,99893b1cd9ac2a78,P5_4#1#value,3,2,62,co_0,6,5,5,49,6,98,1,5,3,Gigante,Inversión,Desarrollado,Moda,Super,999,,999,,999,,1,3,999,,2,1,0,0,0,,,,3,4,3,,3,1,2,2,4,No tengo ninguna interacción con personas chinas,No e compartido con ninguna persona china,0,0,0,1,2,3,2,,,,,,,,,,1,4,0,0,0,0,0,1,1,0,0,,99,99,4,3
c1d494b9-864d-4610-8183-f4276a36d023,624563511,1,09/10/2024 21:55,09/10/2024 22:10,865,end,complete,99a76d0f923499b8,P5_2#1#value|P5_4#1#value|P5_3#1#value|P5_1#1#value|P5_5#1#value|P6A#2#value,1,2,55,co_0,6,8,13,293,2,6,4,9,2,PODEROSOS,POTENCIA,DESCONOCIDO,TURISMO,MISTERIOSO,1,80,1,80,1,30,1,70,1,70,3,0,1,1,1,BYD,CHANGAN,ALIEEXPRESS,5,4,2,5,5,1,1,2,1,NINGUNA,"LOS CHINOS SON MUY COMERCIANTES, NO HACEN NIGÚN DESCUENTO.  NO SON PERSONAS AGRADABLES",0,1,0,0,2,2,1,1,1,0,1,0,1,0,0,,4,4,0,0,1,1,0,0,0,0,0,,2,1,2,4
c3af8d66-a7c9-4ae1-8d2e-bfda5f7a4b87,624789266,1,10/10/2024 23:28,10/10/2024 23:33,294,end,complete,9a6c591f08d97b99,P5_4#1#value,3,2,18,co_0,2,5,13,279,5,6,3,3,4,Comida,Series,Películas,Cultura,Comidas,999,,999,,999,,1,50,999,,3,1,0,0,0,,,,3,3,1,3,3,2,1,2,3,Ninguna,Buena,0,0,0,1,2,2,2,,,,,,,,,,1,3,1,0,0,0,0,0,0,0,0,,3,3,3,3
ac67e955-ad11-4d4b-9c6d-327deab51099,624562207,1,09/10/2024 21:48,09/10/2024 21:59,671,end,complete,9a7b372dd9574226,P5_1#1#value|P5_2#1#value|P5_4#1#value|P5_5#1#value,3,2,54,co_0,5,7,13,288,5,98,3,6,1,Cultura,Comercio,Cultura,Torre eifel,Maravilloso,1,89,1,70,999,,1,80,1,98,1,1,0,0,0,,,,4,1,3,,3,1,1,2,4,No tengo,No tengo,1,0,0,0,2,1,1,1,1,1,0,0,0,1,0,,4,4,0,0,1,0,0,1,0,0,0,,3,99,4,4
34e875a7-c83e-418f-b0f7-8186cde8aab1,624561777,1,09/10/2024 21:45,09/10/2024 21:57,711,end,complete,9b16684fcf487c74,P5_1#1#value,3,2,61,co_0,6,5,13,297,5,98,4,7,3,Inteligentes,Moda,No se,Perfume,No se,1,80,999,,999,,999,,999,,3,1,0,0,0,,,,3,3,2,4,4,2,2,2,2,Mall chino,Mall chino,0,0,0,1,2,2,1,0,0,0,1,0,0,0,0,,2,4,0,0,0,0,0,1,1,0,0,,3,3,4,3
4294eff5-7b72-4482-a0cc-f777446b1265,624704151,1,10/10/2024 16:29,10/10/2024 16:39,603,end,complete,9bd86671363498db,P5_3#1#value|P5_1#1#value|P5_2#1#value|P5_4#1#value|P5_5#1#value,3,2,22,co_0,2,7,5,41,6,7,3,5,1,Carne Mongoliana,Nueva York,Asia,Ciudad del amor,Ramen,1,70,1,70,1,60,1,80,1,60,3,0,1,1,1,Shein,Temu,AliExpress,3,2,3,,2,2,2,2,3,Cuando voy al aeropuerto o compro en un mall chino,Interacción informal,0,1,0,0,2,1,1,0,0,0,0,0,1,0,0,,4,3,0,0,1,0,0,1,0,0,0,,2,2,4,3
4f38bdc5-855e-46f8-bc5b-e6751bc76dd3,624967321,1,11/10/2024 20:15,11/10/2024 20:21,308,end,complete,9bf9d1d47d209151,P5_1#1#value|P5_5#1#value|P5_4#1#value|P5_3#1#value|P5_2#1#value,3,1,26,co_0,3,8,6,105,7,98,1,5,2,Proveedores,Paseo,Tecnología,Paris,Desarrollo,1,70,1,70,1,50,1,70,1,70,1,1,0,0,0,,,,3,3,1,4,3,2,2,2,1,Cuando voy a un mall chino,Buena,0,0,0,1,2,1,1,1,1,0,0,0,0,1,0,,3,4,0,0,1,0,0,0,0,0,0,,2,2,3,4
617885b9-208f-4e90-bb3a-548ba7265673,625099413,1,12/10/2024 21:20,12/10/2024 21:30,590,end,complete,9cc59d5db851d614,P5_1#1#value|P5_4#1#value|P5_3#1#value|P5_2#1#value|P5_5#1#value,1,1,55,co_0,6,5,10,248,5,98,1,5,3,cultura,potencia economica,respeto,ciudad luz,disciplina,1,50,1,50,1,50,1,50,1,50,1,1,0,0,0,,,,2,2,1,1,3,2,2,2,4,cliente comprador,muy buena,1,0,0,0,2,3,1,1,0,0,0,0,0,0,0,,1,3,0,0,0,0,0,1,0,0,0,,3,3,4,3
da5d9593-43cc-4222-b018-c4551e7b314e,624559510,1,09/10/2024 21:31,09/10/2024 21:44,791,end,complete,9d4c41031b2587d8,P5_4#1#value|P5_1#1#value|P5_5#1#value|P5_3#1#value|P5_2#1#value,1,2,57,co_0,6,7,13,292,3,98,2,3,1,Exito socialista Tradición,Destructores,Éxito Tradición,Ladrones,Industria Tradición,1,100,1,10,1,100,1,10,1,90,3,0,1,1,1,Great Wall,Lenovo,Huawei,1,2,3,,2,2,1,2,3,"Principalmente al ir a comprar a sus comercios: mi mayor interacción es con los productos que importamos desde China, pero no con personas de esa nacionalidad.",Sólo cuando voy a comprar a alguna tienda de la que son propietarios (atienden ellos mismos y sus parientes).,1,1,1,0,2,4,1,1,1,1,0,0,0,0,0,,2,5,0,0,1,0,0,0,0,0,0,,2,99,4,4
79c19e3c-2f6d-471a-8b0e-111f5e83a923,625316609,1,14/10/2024 17:37,14/10/2024 17:43,305,end,complete,9d503b21435894b6,P5_2#1#value|P5_1#1#value|P5_5#1#value|P5_3#1#value,3,1,57,co_0,6,2,16,175,6,7,3,5,1,mall chinos,capitalismo,tecnología,torre iffel,series,1,60,1,50,1,100,999,,1,80,1,1,0,0,0,,,,3,3,1,4,2,1,1,2,3,cuándo voy a comprar al mall chino,buenas,1,1,0,0,1,2,1,0,1,0,0,0,0,0,0,,2,4,0,1,0,0,0,0,1,0,0,,2,1,3,5
3052b25c-e197-4491-a43c-4df659fe931f,624814102,1,11/10/2024 3:23,11/10/2024 3:29,367,end,complete,9d6044116360d63a,P5_1#1#value|P5_4#1#value|P5_3#1#value|P5_5#1#value|P5_2#1#value,3,1,23,co_0,2,6,4,27,7,1,2,5,3,venta,gobierno,Recto,perfume,Autos,1,100,1,100,1,100,1,100,1,100,3,0,1,1,1,Shein,alivava,aliexpres,4,3,1,4,2,1,1,1,4,En contexto de comida y ropas,Buenas nada de malas,1,1,1,0,1,3,2,,,,,,,,,,1,4,0,1,0,0,0,0,0,1,0,,2,2,3,4
805222c0-0730-402b-a44f-dd761b53fdab,624742703,1,10/10/2024 19:14,10/10/2024 19:28,858,end,complete,9d8888dbc182d3fb,P5_4#1#value|P5_5#1#value|P5_2#1#value,3,1,22,co_0,2,7,13,288,3,98,3,5,4,Comida,Dólar,La bandera,Perfume,Cultura automovilística,999,,1,80,999,,1,40,1,80,1,1,0,0,0,,,,2,3,3,,4,1,1,2,2,Compras,Buenas,1,0,0,0,2,2,1,1,1,1,0,0,0,1,0,,4,2,0,0,0,0,0,1,0,0,0,,3,3,2,3
6bd81b5a-9593-4141-9fa7-563c7d206b12,624966789,2,11/10/2024 20:12,15/10/2024 2:17,1542,end,complete,9df5af2a98b4ca2d,P5_5#1#value|P5_3#1#value|P5_2#1#value|P5_4#1#value|P5_1#1#value,3,1,39,co_0,4,5,14,339,6,2,3,6,4,Auto,Sueño americano,Baile,La torre eyfel,Camioneta,1,100,1,100,1,10,1,48,1,100,1,1,0,0,0,,,,2,3,1,3,3,2,2,2,2,Cuando boy a comprar,Bueno,1,0,0,0,2,2,1,0,1,1,0,0,0,0,0,,1,4,0,0,1,0,0,0,0,1,0,,2,1,3,5
d4b87059-136d-443d-8b60-c595d857c416,625010057,1,12/10/2024 1:41,12/10/2024 2:52,4263,end,complete,9f6b0bac93c57bf8,P5_1#1#value|P5_2#1#value|P5_4#1#value,3,2,60,co_0,6,7,15,343,6,3,3,7,3,Gigante,Desarrollo,Inmenso,Belleza,Arte,1,70,1,90,999,,1,70,999,,1,0,1,1,1,Huawei,Xiaomi,Lenovo,3,4,1,4,2,2,2,2,1,Solamente cuando voy al Mall Chino.,La atención ha sido buena.,1,1,0,0,2,2,1,0,1,0,0,0,0,0,0,,1,4,0,0,0,0,0,0,1,1,0,,2,1,4,3
b86bf495-b277-4cc9-919a-42a839257c2a,624969975,3,11/10/2024 20:32,11/10/2024 21:21,397,end,complete,9f9bb64406003bc2,P5_5#1#value|P5_1#1#value|P5_4#1#value|P5_3#1#value|P5_2#1#value,3,2,26,co_0,3,8,8,142,6,9,3,1,1,Cosas baratas,Potencia mundial,Gay,Turismo,Otaku,1,50,1,90,1,40,1,100,1,90,1,0,1,1,1,Huawei,Redmi,Changan,2,3,1,5,2,1,1,1,2,No no conozco a nadie chino,No la verdad,1,0,0,0,1,1,1,0,1,1,0,0,0,1,0,,3,4,0,0,0,0,0,0,0,1,0,,3,3,3,2
6f49d332-3de9-4828-a874-e12c6d9e40ad,624766825,1,10/10/2024 21:07,10/10/2024 21:20,753,end,complete,a008a4adfc38d02d,P5_3#1#value|P5_2#1#value|P5_4#1#value|P5_1#1#value|P5_5#1#value,3,1,69,co_0,7,8,13,297,3,98,2,7,2,Tirania,Oportunidad,Sosobro,Libertinaje,Disciplina,1,0,1,90,1,80,1,20,1,100,1,1,0,0,0,,,,5,2,2,3,3,1,1,2,1,Por asistencia a Restaurantes,Buens,1,0,0,0,2,2,1,1,1,1,0,0,0,0,0,,2,4,0,0,1,1,0,0,0,0,0,,3,2,4,3
d6821825-c0f8-498a-bf8a-3a87ca8f70b5,624993476,1,11/10/2024 23:00,11/10/2024 23:09,571,end,complete,a0441559157c75fd,P5_3#1#value|P5_4#1#value|P5_1#1#value|P5_2#1#value|P5_5#1#value,3,2,43,co_0,4,7,5,48,6,4,3,10,3,Magistral,Inmenso,Interesante,Bello,Lejos,1,80,1,100,1,50,1,80,1,50,1,1,0,0,0,,,,5,3,3,,3,1,1,1,4,Por el trabajo,Bien nada que decir,1,0,0,0,2,2,2,,,,,,,,,,1,2,0,0,0,0,1,0,0,0,0,,3,2,3,2
a69df4a3-9c99-40e4-9f62-f134349740f2,624559900,1,09/10/2024 21:33,09/10/2024 21:41,456,end,complete,a0687989f371748d,P5_5#1#value|P5_1#1#value|P5_3#1#value|P5_4#1#value|P5_2#1#value|P6A#3#value,3,2,31,co_0,3,7,13,297,3,98,4,5,1,Exportadores,Huracanes,Kpop,Bagget,Anime,1,80,1,50,1,80,1,60,1,100,2,0,1,1,1,Shein,Byd,Xiaomi,2,3,2,3,2,1,1,2,2,Solo cuando voy a comprar a sus locales,"De poca interaccion e importancia, no manejan mucho el español",1,1,0,0,2,3,1,0,0,1,0,0,0,0,0,,1,2,0,0,0,0,0,1,0,0,0,,3,2,4,3
c7bc3af7-1e78-4b1d-b765-9c9d4f78f3aa,625003649,1,12/10/2024 0:31,12/10/2024 0:42,658,end,complete,a08fa324a849d45b,P5_5#1#value|P5_1#1#value|P5_4#1#value|P5_3#1#value|P5_2#1#value,3,2,58,co_0,6,6,10,237,5,3,3,5,1,Empresarial,Economía,Represion,Turismo,Inversionista,1,80,1,80,1,50,1,70,1,80,1,0,1,1,1,AliExpress,Temu,Shein,3,3,1,2,3,1,1,2,3,Negocios como clientas,Todo bien cordial,1,1,0,0,2,2,1,1,0,1,0,0,0,0,0,,4,4,0,0,1,0,0,0,0,0,0,,2,2,3,4
9d9c1f18-901d-47fd-b206-bf922079ea9a,625011856,1,12/10/2024 2:03,12/10/2024 2:19,950,end,complete,a19c7b2a4b251d25,P5_4#1#value|P5_5#1#value|P5_1#1#value|P5_2#1#value|P5_3#1#value,3,2,40,co_0,4,7,15,343,6,2,1,3,2,Disciplina,Torres gemelas,Innovación,Moda,Tecnología,1,100,1,100,1,100,1,80,1,100,2,1,0,0,0,,,,3,3,2,2,3,2,1,1,1,En el trabajo,Muy buena,1,0,0,0,2,3,1,1,0,0,0,0,0,0,0,,2,5,0,0,0,0,0,1,0,1,0,,2,2,4,4
361f5af4-42e8-4cfc-9882-3d7f6b633a61,624791187,1,10/10/2024 23:45,10/10/2024 23:52,473,end,complete,a224368c70b6f9f1,P5_4#1#value|P5_1#1#value|P5_5#1#value|P5_3#1#value|P5_2#1#value,3,2,22,co_0,2,8,9,196,4,98,4,7,2,Tecnología,Inglés,Ramen,Torre Eiffel,Buenos vehículos,1,80,1,75,1,80,1,70,1,80,1,1,0,0,0,,,,2,2,1,4,1,1,1,2,2,Cuando voy a sus mall a comprar,"Bien, son gentiles",1,1,0,0,2,3,1,1,1,0,0,0,0,0,0,,3,4,0,0,0,0,1,1,0,0,0,,2,2,3,3
1ac2e998-8a4f-4490-978a-70a908d7c5e1,624916043,1,11/10/2024 16:07,11/10/2024 16:13,312,end,complete,a275910250c61d14,P5_2#1#value|P5_5#1#value|P5_4#1#value|P5_1#1#value|P5_3#1#value,3,2,24,co_0,2,7,8,151,4,98,1,4,1,Inversores,Gringos,Kpop,Engreídos,Pedófilos,1,30,1,20,1,40,1,20,1,40,1,0,1,1,1,Aliexpress,Traf,Zara,2,1,1,3,1,1,1,2,2,Mall chinos Compras online Restaurantes,Muy buenas,1,1,0,0,2,1,2,,,,,,,,,,3,4,0,0,0,0,0,1,1,0,0,,2,3,3,5
e7a41332-04d9-481e-91c5-732ddc65199e,624813267,1,11/10/2024 3:12,11/10/2024 3:19,385,end,complete,a278f7f790b50bc6,P5_1#1#value|P5_4#1#value|P5_3#1#value|P5_2#1#value|P5_5#1#value,3,2,19,co_0,2,7,10,228,4,4,3,8,3,Producción en masa,Racismo,Idols,Paris,Autos,1,50,1,30,1,50,1,40,1,30,2,0,1,1,1,Shein,Aliexpress,Flowersecret,4,3,1,3,3,1,1,1,2,En las Tiendas,Regulares,1,0,0,0,2,1,1,0,1,0,0,0,0,0,0,,3,2,0,0,0,0,0,1,1,0,0,,99,99,2,4
49c4c5b9-baca-4f57-949f-e78f9afcfb76,625665602,1,16/10/2024 10:43,16/10/2024 11:16,1981,end,complete,a2a8fbc23db9752c,P5_5#1#value|P5_1#1#value|P5_3#1#value|P5_4#1#value|P5_2#1#value,3,1,50,co_0,5,5,1,1,6,3,3,5,1,Tecnología a buen precio,El país que quiere tener control mundial,No se me ocurre nada de ellos,No se me ocurre nada,Buena tecnología,1,90,1,20,1,90,1,50,1,90,3,0,1,1,1,Xiaomy,Jack,No recuerdo otra,1,3,3,,5,1,2,1,1,Trabajo,En el trabajo buenas,1,1,0,0,2,1,1,1,1,1,0,0,0,0,0,,4,2,0,0,0,0,0,1,1,0,0,,99,99,3,4
4658725f-7b9f-47f1-9fa3-49f2cf8ba545,625304592,1,14/10/2024 16:44,14/10/2024 16:53,552,end,complete,a3191712865df44b,P5_3#1#value|P5_1#1#value|P5_2#1#value|P5_5#1#value|P5_4#1#value,3,1,35,co_0,4,7,10,228,6,4,3,5,1,Kunfu,Básquetbol,K pop,Zidane,Pokemon,1,70,1,80,1,2,1,70,1,100,1,1,0,0,0,,,,2,3,1,4,2,1,1,2,4,En los mall chino,Buena y de respeto,1,0,0,0,2,1,1,1,1,1,0,1,0,1,0,,4,4,0,0,0,0,0,1,0,1,0,,2,3,3,4
e5772568-4008-4b62-8abb-d6752e572bb1,624562147,1,09/10/2024 21:47,09/10/2024 22:00,770,end,complete,a52da4990822799c,P5_5#1#value|P5_3#1#value|P5_2#1#value|P5_4#1#value|P5_1#1#value,3,2,50,co_0,5,5,13,311,5,3,3,10,3,Producción masiva,Torres gemelas,Tecnologia,Torre eifel,Bomba atomica,1,100,1,100,1,100,1,100,1,100,1,0,1,1,1,Hawei,Xiaomi,Alibaba,4,3,2,5,3,2,1,1,2,"Restaurant, cerca de mi hogar",Muy respetuosa,1,0,0,0,2,1,2,,,,,,,,,,3,5,0,0,1,0,0,0,0,0,0,,1,2,4,5
be6c834e-c6a5-4a90-9ab9-8772a15a2d30,624769490,1,10/10/2024 21:22,10/10/2024 21:34,692,end,complete,a5a915c0c97cdb69,P5_4#1#value|P5_1#1#value|P5_3#1#value|P5_5#1#value|P5_2#1#value,1,1,70,co_0,7,9,4,27,2,1,3,4,1,Potencia emergente,Potencia,Trabajador,Romanticismo,Disciplinado,1,90,1,90,1,90,1,80,1,90,2,0,1,1,1,TIANQUI,CHERY,TEMU,2,3,1,2,2,2,2,1,2,Soy de descendencia de esta etnia,Buena,0,1,1,0,2,3,2,,,,,,,,,,1,4,0,0,1,0,0,1,0,0,0,,2,2,3,3
39665541-1531-49cd-81f6-a9b235e23fa0,626056575,1,18/10/2024 2:23,18/10/2024 2:28,255,end,complete,a6000cc05d5b4cdc,P5_2#1#value|P5_4#1#value|P5_1#1#value|P5_3#1#value|P5_5#1#value,1,1,34,co_0,3,8,16,175,2,98,3,6,1,Tecnología china,Famosos,Guerra,Ulala,Cultura hermosa,1,70,1,70,1,60,1,60,1,80,3,1,0,0,0,,,,3,3,1,3,2,2,2,1,2,En mi lugar de trabajo,Buena experiencia,1,0,0,0,2,2,1,0,1,0,0,0,0,0,0,,4,4,0,0,0,0,0,0,1,0,0,,2,2,4,3
b3d7dda7-847c-4858-b89a-af3de7992007,624555041,1,09/10/2024 21:05,09/10/2024 21:13,481,end,complete,a612da871ba63971,P5_2#1#value|P5_4#1#value|P5_5#1#value|P5_1#1#value|P5_3#1#value,3,2,51,co_0,5,7,5,49,5,98,3,5,2,Comercio barato,País multicultural,Reprensión,Torre Eiffel,Isla,1,00,1,100,1,0,1,100,1,50,1,1,0,0,0,,,,4,3,1,1,1,2,2,2,4,Ninguna. Solo cuando compro en el mall chino,No tengo,0,0,0,1,2,1,1,1,1,1,0,0,1,0,0,,3,2,0,0,0,1,0,1,0,0,0,,2,1,2,4
efccee49-dde3-4a12-9881-d23454a49242,624555123,1,09/10/2024 21:06,09/10/2024 21:13,478,end,complete,a686648c8bdb6355,P5_5#1#value|P5_4#1#value|P5_2#1#value|P5_1#1#value|P5_3#1#value,3,1,67,co_0,7,7,6,102,4,98,3,3,1,Exportadores,Explotadores,Buenos,Alto nivel,Misticos,1,80,1,30,1,70,1,80,1,80,1,1,0,0,0,,,,2,3,1,4,2,1,1,2,3,Comercio,Buena,1,1,0,0,2,2,2,,,,,,,,,,3,4,0,0,0,0,0,0,1,0,0,,2,3,3,4
260d1849-4f22-4a53-9ef1-2f8d11c7155d,626180285,1,18/10/2024 17:23,18/10/2024 17:35,707,end,complete,a799dbdc44167ab4,P5_3#1#value|P5_2#1#value|P5_5#1#value|P5_4#1#value|P5_1#1#value,3,1,31,co_0,3,8,16,175,3,9,3,5,1,Chin,Biden,Encierro,Mackon,Anime,1,65,1,60,1,70,1,75,1,80,2,0,1,1,1,"Aliexpres,",Maxus,Haval,4,4,1,4,4,1,1,1,4,Cuando compro,Malas,1,1,1,0,1,3,1,1,1,1,0,0,0,0,0,,1,4,1,0,0,0,0,1,0,0,0,,3,3,3,4
a02d1379-21dd-4935-80c8-41286f8a47d6,625296428,1,14/10/2024 16:13,14/10/2024 16:26,727,end,complete,a814b42f77a6974a,P5_4#1#value|P5_2#1#value|P5_5#1#value|P5_3#1#value|P5_1#1#value|P6A#4#value,3,1,51,co_0,5,6,15,343,6,98,4,4,1,Jigante,Potencia,Tiranía,Europa,Acia,1,95,1,90,1,50,1,65,1,90,1,0,1,1,1,"Great wall motors ,",Chery,MG,2,1,3,,1,1,1,1,1,Amistades,Muy buenas.,1,1,0,0,1,1,2,,,,,,,,,,1,4,0,0,0,0,0,0,0,1,0,,1,99,1,4
7983d85e-0be4-40bf-916c-a608dd8c8150,625104871,3,12/10/2024 22:44,12/10/2024 23:04,1251,end,complete,a819237c0b80a95d,P5_4#1#value|P5_5#1#value|P5_2#1#value|P5_1#1#value|P5_3#1#value|P6A#3#value,3,2,44,co_0,4,7,7,120,5,4,3,7,2,Trabajo,Tecnología,Abusos,Perfumes,Autos,1,50,1,100,1,0,1,100,1,100,3,0,1,1,1,Mall chino,Byd,Feifan,3,3,1,5,4,1,2,1,2,E trabajado con ellos,Han sido mi jefe,1,1,0,0,2,3,2,,,,,,,,,,2,5,0,0,0,0,0,0,1,0,0,,2,1,2,2
5e900c27-1279-4d0a-9dd7-8da0a52dda78,624562279,1,09/10/2024 21:48,09/10/2024 21:58,626,end,complete,a83bf1b2286364a3,P5_3#1#value|P5_5#1#value|P5_4#1#value|P5_2#1#value|P5_1#1#value,2,2,70,co_0,7,7,13,292,3,9,1,6,3,Cuidado,Mi segunda patria,Animo,Encantador,Moderno,999,,1,90,1,70,1,80,1,90,1,0,1,1,1,Changan,Temu,Shein,2,3,1,3,1,2,2,1,3,En mi oficina y tienda,Muy buenas,0,0,1,0,2,1,1,0,0,0,0,1,0,1,0,,4,5,0,0,0,0,0,1,0,1,0,,2,1,2,4
4857e4de-bfef-427b-993b-a702254ad19d,625518112,1,15/10/2024 16:49,15/10/2024 17:02,784,end,complete,a8bc35c89ddc386b,P5_3#1#value|P5_2#1#value|P5_4#1#value|P5_1#1#value|P5_5#1#value,3,1,56,co_0,6,7,3,17,4,98,2,3,1,Mucha gente demasiados,La gran cantidad de armas  que pueden comprar para uso personal,Dictador,Los perfumes,La gran Cultura que poseen los japoneses,1,80,1,50,1,1,1,75,1,100,2,0,1,1,1,Changan,Xiaomi,Maxus,1,2,1,1,5,2,2,1,2,Compras en locales comerciales,Por lo.genersl.buenas,1,0,0,0,2,4,1,0,1,1,0,0,0,1,0,,4,4,0,0,0,0,0,1,1,0,0,,2,3,4,4
b9bc2e04-7f0a-4e0c-81e4-250ea4ee2d6c,624927384,1,11/10/2024 17:00,11/10/2024 17:14,838,end,complete,a998db48b3f68930,P5_1#1#value|P5_4#1#value|P5_2#1#value|P5_3#1#value|P5_5#1#value,3,1,24,co_0,2,5,8,142,5,98,1,5,3,Depresión y opresión,Patriotas con depresión,Opresión cultural,Opresores a diferentes etnias,Depresión cultural,1,50,1,10,1,30,1,20,1,60,1,0,1,1,1,Xiaomi,Huawei,Fs Holding Co,2,1,2,3,3,2,2,1,2,Conocidos,Interacciones normales,0,0,0,1,2,2,2,,,,,,,,,,3,5,0,0,0,0,0,0,1,1,0,,1,3,4,3
9950a8e0-973b-4970-8e3c-805d8f5c2b72,625019217,1,12/10/2024 3:45,12/10/2024 4:03,1066,end,complete,aa116b35b5926f42,P5_1#1#value|P5_2#1#value,3,2,55,co_0,6,5,7,116,5,3,1,5,1,Productos en general,Manipuladores,No se,Romantico,Cultura,1,50,1,30,999,,999,,999,,1,0,1,1,1,Xiaomi,Huawei,Chery,2,3,1,3,3,2,2,2,1,Cuando compró en una tienda china,Solo cuando pago en caja,0,0,0,1,2,3,1,1,1,1,0,1,1,1,0,,1,4,0,0,1,0,0,0,0,1,0,,2,99,3,4
54b88e05-c39e-476e-a5c1-df7ae45321b0,624774851,1,10/10/2024 21:51,10/10/2024 22:11,1240,end,complete,aa59ca0cf88114ff,P5_3#1#value|P5_1#1#value|P5_4#1#value|P5_5#1#value|P5_2#1#value,3,1,18,co_0,2,5,9,196,6,98,3,5,3,"Gigante economico, cultura milenaria","Potencia mundial, economía vibrante, cultura popular","Tecnología avanzada, cultura pop, economía en crecimiento","Historia, cultura y gastronomía","Cultura tradicional, tecnología innovadora y economía desarrollada",1,70,1,65,1,90,1,85,1,75,1,0,1,1,1,Huawei,Xiaomi,Alibaba,3,3,1,5,2,1,2,2,3,Regularmente en los centros comerciales,Normal,1,1,0,0,2,3,1,0,0,1,0,0,0,0,0,,2,4,0,0,0,0,0,1,1,0,0,,2,2,4,4
df3bfc4c-3c5b-4164-89dc-93f403fff908,624695879,1,10/10/2024 15:58,10/10/2024 16:08,590,end,complete,aa8fc3cb0b07a4bc,P5_1#1#value|P5_5#1#value|P5_4#1#value|P5_3#1#value|P5_2#1#value,3,1,75,co_0,7,7,9,217,5,98,1,5,1,Inversiones,Decadencia,Samsung,Turismo,Exótico,1,80,1,20,1,30,1,100,1,70,3,1,0,0,0,,,,3,4,1,4,2,1,1,1,2,ningún contacto,"Mínimas , lo impide el idioma",1,0,0,0,2,4,1,1,1,1,0,0,0,0,0,,2,4,0,0,0,0,0,1,0,0,0,,2,3,4,4
1b4e7834-ae97-40e5-9613-28f0d4de175a,624746572,1,10/10/2024 19:32,10/10/2024 19:42,592,end,complete,aa9b6278244f87d9,P5_5#1#value|P5_4#1#value,3,2,68,co_0,7,6,13,288,5,98,4,6,1,Trabajolicos,No se,No se,Hermoso,Orden,999,,999,,999,,1,50,1,80,1,1,0,0,0,,,,3,4,2,4,3,1,1,2,2,Compras,No muy agradable,0,0,0,1,2,4,1,1,1,1,0,1,0,0,0,,2,4,0,0,0,0,0,1,0,0,0,,3,3,3,4
4c745542-11d4-4cd3-a33c-2196e1d15bb0,625053930,1,12/10/2024 12:36,12/10/2024 12:46,570,end,complete,aaff3033b1142862,P5_2#1#value,3,1,54,co_0,5,6,10,228,6,98,2,5,1,Peces,Potencia,Trabajo,Torre Eiffel,Luces,999,,1,50,999,,999,,999,,1,1,0,0,0,,,,4,4,2,5,4,1,2,2,1,Mall chinos,Indiferente,0,1,0,0,2,2,1,1,1,1,0,0,0,0,0,,3,2,1,0,0,1,0,0,0,0,0,,2,3,3,3
97909cb4-505c-4a1e-9711-d0dec7531021,624984087,1,11/10/2024 21:57,11/10/2024 22:15,1077,end,complete,ab3b765757caaf07,P5_4#1#value|P5_2#1#value|P5_1#1#value|P5_3#1#value|P5_5#1#value,3,2,47,co_0,5,5,10,239,7,98,4,5,4,Dragón,Deportistas,Innovación,Museo louvre,Gheisa,1,50,1,80,1,50,1,100,1,80,3,1,0,0,0,,,,4,4,1,3,4,1,1,2,4,Solo cuando voy a comprar a algún mall chino,Indiferente,0,0,0,1,2,3,1,1,1,0,0,1,0,1,0,,3,4,0,0,1,0,1,0,0,0,0,,3,2,4,3
26b7a664-2b30-4851-ab50-6de6468446bf,624927467,1,11/10/2024 17:00,11/10/2024 17:14,835,end,complete,ab56290d8471555d,P5_1#1#value|P5_2#1#value|P5_4#1#value|P5_5#1#value,3,2,24,co_0,2,5,3,17,5,98,3,3,1,Comida exóticas,Diney,Nada,Pan,Parques de diversiones,1,20,1,90,999,,1,90,1,90,1,1,0,0,0,,,,3,3,1,2,2,1,1,2,4,Solo cuando voy a comprar comida china y cuando voy al mall chino,Buena,0,1,0,0,2,2,1,0,1,0,0,0,0,0,0,,2,3,0,0,0,0,1,0,0,0,0,,3,3,4,4
5b3e7c08-df6d-461c-9e48-ed32df1f212f,625318258,1,14/10/2024 17:45,14/10/2024 17:56,627,end,complete,abdfbcd9327f6acc,P5_2#1#value,3,1,34,co_0,3,7,10,247,6,3,1,5,3,China,Estados unidos,Corea,Francia,Japon,999,,1,100,999,,999,,999,,3,1,0,0,0,,,,3,3,1,4,2,1,2,1,1,Todo bien,Bien,0,0,0,1,2,4,2,,,,,,,,,,1,3,0,0,0,0,0,0,0,1,0,,2,1,3,2
b78c7410-188e-4fab-ae72-65e0e382dc38,624986389,1,11/10/2024 22:11,11/10/2024 22:16,352,end,complete,acf83b7dc5b6b83d,P5_5#1#value,3,2,33,co_0,3,7,10,228,5,3,3,5,1,Aliexpres,Donal trump,Nada,Nada,Nada,999,,999,,999,,999,,1,5,3,1,0,0,0,,,,3,3,1,3,3,1,1,2,3,Cuando voy a comprar al mall chino,Muy poca,0,0,0,1,2,2,1,0,1,0,0,0,0,0,0,,2,3,1,0,0,0,0,0,0,0,0,,3,2,3,3
6d92885f-13a7-4de3-883a-4c9e0b471ae5,624767396,1,10/10/2024 21:10,10/10/2024 21:20,586,end,complete,ad174c24f631f4c0,P5_5#1#value|P5_1#1#value|P5_4#1#value|P5_2#1#value|P5_3#1#value,1,1,71,co_0,7,9,2,8,1,1,2,8,2,Desarrollo,Democracia,Orden,Latino,Tecnología,1,35,1,90,1,50,1,40,1,80,3,1,0,0,0,,,,4,2,2,3,3,2,1,1,2,Por amistad.,"Normales, ni buenas ni malas.",1,1,0,0,2,2,2,,,,,,,,,,2,5,0,0,0,0,0,1,0,0,0,,2,2,2,2
2b554c44-be6e-4526-8f74-6a23d61ce7ca,624748460,1,10/10/2024 19:41,10/10/2024 20:01,1197,end,complete,ad861224740268b9,P5_2#1#value|P5_4#1#value|P5_1#1#value,3,2,65,co_0,7,8,13,279,3,98,2,7,3,Socialismo,Primer apitencia,Comerciantes,Torre Eifel,Bella ciudad,1,50,1,60,999,,1,60,999,,3,1,0,0,0,,,,2,2,1,4,3,1,1,2,3,No tengo ningún contacto,Normal buenas,1,0,0,0,2,1,2,,,,,,,,,,1,4,0,0,0,1,0,0,1,0,0,,2,2,4,3
be218c69-78dc-4e35-8d4c-3f08915ad3cd,624975921,1,11/10/2024 21:09,11/10/2024 21:23,838,end,complete,ad968c07bca10c5d,P5_5#1#value|P5_4#1#value|P5_3#1#value|P5_2#1#value|P5_1#1#value,3,2,55,co_0,6,4,8,151,5,3,4,5,1,Muralla,Disney,Doramas,Torre,Consmeticos,1,100,1,100,1,100,1,100,1,100,3,1,0,0,0,,,,2,3,1,1,5,1,2,1,1,Conocidos de mis hijos,Super biem,1,0,0,0,2,1,2,,,,,,,,,,2,5,0,0,0,0,0,1,0,1,0,,1,2,4,4
08acdca1-f060-4610-b3d1-1f2a164a2e0e,625203740,1,14/10/2024 1:12,14/10/2024 1:25,750,end,complete,adac1f4535987f33,P5_2#1#value|P5_4#1#value|P5_3#1#value|P5_1#1#value|P5_5#1#value,3,1,49,co_0,5,7,6,107,5,98,3,6,4,Manofactura,Gran pais,K pop,Gourmet,Tradicion,1,50,1,90,1,50,1,75,1,45,3,1,0,0,0,,,,2,3,1,3,3,2,2,2,2,Cuando compro algo en una tuenda atendida por personas chinas,Buenas,0,1,0,0,1,4,2,,,,,,,,,,2,4,0,0,0,0,0,1,0,1,0,,2,2,4,3
cec58e50-d7cc-4911-91d1-607fa16229a6,624693118,1,10/10/2024 15:47,10/10/2024 16:15,1688,end,complete,af175d068240ff5d,P5_2#1#value|P5_1#1#value|P5_5#1#value,3,2,69,co_0,7,5,12,268,5,3,3,5,4,Muchos productos previos bajos,Muy potente,Nada,Linda ciudades,Buenos autos,1,70,1,80,999,,999,,1,70,3,0,1,1,1,GrivenPro-,Philips,Ewtto,2,3,2,3,2,1,2,2,3,Solo cuando voy a comprar a sus locales,No se entiende muchos pero son cariñosos y te muestran las cosas,0,1,0,0,2,3,2,,,,,,,,,,3,5,0,0,0,0,0,0,1,0,0,,2,1,4,3
e08b9617-e965-405c-9495-8b3111685a8b,625297793,1,14/10/2024 16:19,14/10/2024 16:55,2202,end,complete,afff04a1f611b0f1,P5_5#1#value|P5_4#1#value|P5_2#1#value|P5_3#1#value,3,1,42,co_0,4,5,6,79,6,98,3,8,3,Comunista,Derecha,Innovación,Izquierda,Moderno,999,,1,50,1,50,1,50,1,50,1,1,0,0,0,,,,4,3,1,3,3,2,2,2,2,Ninguna,Ninguna,0,1,0,0,2,4,1,0,1,1,0,0,0,0,0,,1,4,0,0,0,1,0,0,0,0,0,,3,3,4,3
b1905054-77ac-4af7-a275-780bc2979768,625514014,1,15/10/2024 16:32,15/10/2024 16:42,583,end,complete,b01382f83f043989,P5_1#1#value|P5_4#1#value|P5_5#1#value|P5_3#1#value|P5_2#1#value,1,1,54,co_0,5,7,16,175,4,98,4,5,2,Represion,Exito,Democracia,Activismo,Tecnologia,1,0,1,80,1,20,1,5,1,50,1,0,1,1,1,Toyota,Samsung,Geely,5,3,1,3,4,1,2,1,3,Ex colega de trabajo,Buena,0,0,0,1,2,2,2,,,,,,,,,,2,5,0,0,1,0,0,0,0,0,0,,99,1,2,2
7fde2107-51c9-41b0-9ba5-a4a240c29d96,624983734,1,11/10/2024 21:56,11/10/2024 22:13,1031,end,complete,b02494c74a266387,P5_4#1#value|P5_2#1#value|P5_1#1#value|P5_5#1#value,3,2,40,co_0,4,7,4,27,7,98,3,4,1,Aliext,Disney,Nada,Sarkozy,Sushi,1,50,1,50,999,,1,70,1,70,1,0,1,1,1,Great Wall,Jac,Chery,4,4,1,2,2,2,1,2,4,Cuando compro en sus locales,En algunas ocasiones son un poco fríos y cortantes,1,0,0,0,2,4,2,,,,,,,,,,3,4,0,1,0,0,0,1,0,0,0,,99,99,2,2
e816aa29-4a58-4b4e-b5aa-f5f3aa230c6b,624562051,1,09/10/2024 21:46,09/10/2024 21:54,479,end,complete,b073ac936577f839,P5_5#1#value|P5_4#1#value|P5_3#1#value|P5_2#1#value|P5_1#1#value,3,2,32,co_0,3,8,13,288,4,98,3,6,2,tecnología,películas,música pop,cultura,tecnología,1,27,1,40,1,78,1,60,1,90,1,0,1,1,1,Xiaomi,Huawei,Alibaba,3,3,3,,5,2,2,1,2,Amistad y también al comprar,Amable,0,1,0,0,2,2,2,,,,,,,,,,1,3,0,0,0,0,0,1,1,0,0,,1,2,3,4
73111255-65f1-4df1-bba3-718fd102436e,625068507,1,12/10/2024 15:01,12/10/2024 15:17,970,end,complete,b07585cf5379356c,P5_1#1#value,3,2,64,co_0,6,5,5,41,6,98,4,10,2,Trabajo de niños,Huracanes,Guerras,Lourdes,Fabricación autos,1,50,999,,999,,999,,999,,1,1,0,0,0,,,,5,3,1,5,3,1,2,2,2,Cuando compro en un local chino,Solo cuando compro en alguno de sus locales. Comerciales,1,0,0,0,2,1,1,0,0,0,0,1,0,0,0,,4,3,1,0,0,0,0,0,0,0,0,,99,99,3,2
c1d23caa-1ebe-484b-8abe-ac287ac3252f,625922723,1,17/10/2024 14:18,17/10/2024 14:26,482,end,complete,b07accd72c0fd308,P5_1#1#value|P5_3#1#value|P5_5#1#value|P5_2#1#value|P5_4#1#value,3,1,31,co_0,3,8,16,185,3,98,3,7,2,Productos,Tecnologías,Productos de calidad,Experiencias,Anime,1,70,1,90,1,70,1,80,1,90,2,0,1,1,1,Xiaomi,Huawei,Changan,2,3,1,3,2,1,2,1,3,Un amigo de esa nacionalidad,Buenas,1,1,1,0,2,4,2,,,,,,,,,,2,5,0,0,0,0,0,1,1,0,0,,2,2,4,4
059efea3-9a6f-4ca8-a90d-4a7c1fe89176,625059928,1,12/10/2024 13:34,12/10/2024 13:42,448,end,complete,b1a6d591359860cd,P5_4#1#value|P5_5#1#value|P5_1#1#value|P5_2#1#value|P5_3#1#value,3,2,45,co_0,5,7,5,41,5,98,1,5,4,Cosas entretenidas para comprar,Nada,Un malvado gobierno,Dulces,Doramas,1,70,1,50,1,50,1,50,1,70,3,0,1,1,1,Huawei,Toyota,Aliexprees,3,2,2,3,2,1,1,2,3,Solo doramas,Solo comprar en los mall chinos,0,0,0,1,2,1,1,0,1,0,0,0,0,0,0,,2,5,0,0,0,0,0,1,0,1,0,,2,2,3,3
6097dd6f-71d5-4662-b5b8-fa3d62b1a32f,625542300,1,15/10/2024 18:30,15/10/2024 18:37,429,end,complete,b24ba8b0611a37bf,P5_5#1#value|P5_3#1#value|P5_2#1#value|P5_1#1#value,3,1,42,co_0,4,8,16,175,5,1,3,5,1,Suministros,Calidad,Exentricidad,Mal olor,Disciplina,1,80,1,100,1,50,999,,1,100,3,1,0,0,0,,,,3,3,3,,3,2,2,1,2,Tengo proveedores chinos y conozco personas chinas qué viven en chile,Buenas,0,0,0,1,2,2,1,1,1,1,0,1,0,0,0,,3,3,0,0,0,0,0,1,0,0,0,,3,2,2,3
952f369d-4e38-49d4-8fc7-d12549ec3131,625301390,1,14/10/2024 16:32,14/10/2024 16:37,319,end,complete,b2894dcd6393785c,P5_5#1#value|P5_4#1#value|P5_1#1#value|P5_2#1#value,3,1,29,co_0,3,7,7,125,6,98,1,5,2,Cosas tecnologicas,Biden,Guerra,Nada,Sushi,1,100,1,50,999,,1,100,1,100,1,1,0,0,0,,,,3,3,1,5,4,1,1,2,4,Solo cuando voy a comprar a mall chino o comida china,No los conosco bien pero son amigables,1,1,0,0,2,3,2,,,,,,,,,,4,5,0,0,0,0,0,0,0,1,0,,2,1,3,3
88fe0f48-2387-44f0-9e73-75417838a64a,625020489,2,12/10/2024 4:08,18/10/2024 23:09,2486,end,complete,b2bb7d643582cd7f,P5_3#1#value,3,2,47,co_0,5,2,10,237,6,98,3,7,3,Mucha población,Oportunidades,Democracia,Estudios,Disciplina,999,,999,,1,00,999,,999,,1,0,1,1,1,Haier,Cherry,Shien,3,2,3,,2,1,1,2,1,"En los Moll , supermercados y restaurantes","Tengo poca interacción con los chinos , solo saludos",0,0,0,1,2,2,1,0,1,0,0,0,0,0,0,,2,4,0,1,0,1,0,0,0,0,0,,2,2,4,3
6066946f-6bbe-4d92-95f8-7614307bb532,625372603,1,14/10/2024 22:47,14/10/2024 22:58,652,end,complete,b354321ad6ca2c54,P5_2#1#value|P5_3#1#value|P5_5#1#value|P5_4#1#value|P5_1#1#value,3,1,26,co_0,3,7,16,180,6,3,3,8,2,Sobrepoblacion,Dolar,Tecnologia,Turismo,Tecnologia,1,45,1,67,1,57,1,58,1,88,2,0,1,1,1,Huawei,Changan,Lenovo,4,3,3,,3,2,2,2,2,Ninguna,Buena,0,1,0,0,2,2,1,1,1,1,0,0,0,0,0,,3,5,0,0,0,0,0,1,1,0,0,,2,2,3,3
fe3d4987-1042-4398-939d-1f8950cd88cf,625382876,1,15/10/2024 0:09,15/10/2024 0:26,1036,end,complete,b3d66fb06298f83f,P5_2#1#value|P5_4#1#value|P5_5#1#value|P5_1#1#value|P5_3#1#value,3,1,58,co_0,6,6,1,2,5,98,4,5,2,Barato,Yanqui,Autos,Terruño,Ninja,1,50,1,60,1,60,1,100,1,70,1,1,0,0,0,,,,2,4,1,3,5,1,1,1,3,Por trabajo y negocios,Muy buena,0,1,0,0,2,4,2,,,,,,,,,,1,5,0,0,0,0,0,0,1,1,0,,2,2,4,4
ab30e996-4f7f-4ba6-8a14-c9d108da8bc5,624751835,1,10/10/2024 19:56,10/10/2024 20:31,2137,end,complete,b432918a10b80872,P5_3#1#value|P5_4#1#value|P5_5#1#value|P5_2#1#value|P5_1#1#value,3,2,66,co_0,7,8,13,297,2,8,3,3,1,Potencia económica,Huracanes,Economía mundial,"Museo del Louvre, Torre Eiffel, cultura, urbanización",Tecnología,1,60,1,100,1,90,1,100,1,90,2,1,0,0,0,,,,4,3,1,1,2,2,1,1,4,Solo al comprar productos de la procedencia China o comida,Buenas,1,1,0,0,2,4,1,1,1,1,0,1,0,0,0,,2,4,1,0,0,0,1,0,0,0,0,,3,2,4,4
b7853cf0-3f3b-47f3-823f-e633b2bbb120,624562211,5,09/10/2024 21:47,09/10/2024 22:40,3183,end,complete,b439d421a01d515a,P5_2#1#value|P5_5#1#value|P5_1#1#value|P5_3#1#value|P5_4#1#value,1,2,26,co_0,3,5,13,298,3,98,2,9,2,proveedor,aliado,cultura,progresistas,cultura,1,70,1,80,1,80,1,20,1,80,2,1,0,0,0,,,,2,1,3,,3,1,1,1,4,estuve en un curso de chino mandarin por 1 año en el centro cultural chino,"Excelente, muy buena relación",1,1,0,0,2,4,2,,,,,,,,,,2,5,0,0,0,0,0,1,1,0,0,,2,1,2,4
d4523967-7f8c-4ae1-87c9-c6e187545eca,624719747,1,10/10/2024 17:34,10/10/2024 19:10,5723,end,complete,b470b035fba3b0f4,P5_3#1#value|P5_2#1#value|P5_4#1#value|P5_5#1#value,3,1,67,co_0,7,6,16,187,4,6,4,7,2,A pesar de su ideología logró  su desarrollo,Tecnología y progreso personal,País que logró  desarrollo a pesar de sufrir conflictos graves,Libertad y  torre Eiffel,Desarrollo y progreso a pesar de sus catástrofes,999,,1,90,1,70,1,90,1,80,1,1,0,0,0,,,,4,4,1,4,2,2,2,2,3,Solo cuando compro en algún mall chino,Solo de negocio cuando me atiende un dependiente.,0,1,0,0,1,4,1,0,1,0,0,0,0,0,0,,2,4,1,0,1,0,0,0,0,0,0,,3,2,2,3
43134263-a4a2-47c9-97c5-2c72036f93b6,624991575,1,11/10/2024 22:46,11/10/2024 22:57,674,end,complete,b4c4dfcbf388ccc6,P5_1#1#value|P5_2#1#value|P5_4#1#value|P5_5#1#value|P5_3#1#value,3,1,42,co_0,4,5,4,27,6,1,2,5,3,Cliente importante de cobre,Vacaciones,Ni idea,Torre ifel,Buenas marcas,1,50,1,80,1,30,1,100,1,100,1,1,0,0,0,,,,4,2,2,5,2,1,1,1,2,Con el dueño de comida china,Son buenas,0,1,1,0,1,1,1,1,1,1,0,0,0,1,0,,4,5,0,0,1,1,0,0,0,0,0,,1,1,4,3
67cb3b7d-3cdf-48bd-bf88-b47514623897,624781876,1,10/10/2024 22:33,10/10/2024 22:56,1355,end,complete,b4d835ff42d707ca,P5_5#1#value|P5_2#1#value|P5_4#1#value|P5_1#1#value|P5_3#1#value,3,1,67,co_0,7,7,13,279,7,98,3,5,3,Exportador,Tecnologia,Guerra,Idioma,Exportador,1,50,1,90,1,10,1,50,1,50,1,0,1,1,1,Honda,Susuki,Changan,3,3,1,4,2,1,1,1,2,Compra de comida articulo de hogar chino,Cordial buena,0,1,0,0,2,3,1,1,1,1,0,0,0,0,0,,2,2,0,0,1,0,0,0,1,0,0,,2,2,3,3
502e590f-52d5-4c39-9668-4fcda212ce21,624775541,1,10/10/2024 21:54,10/10/2024 22:02,501,end,complete,b4dd30733c6df3ac,P5_1#1#value|P5_3#1#value|P5_5#1#value|P5_4#1#value|P5_2#1#value,1,1,77,co_0,7,8,13,292,2,98,3,7,2,desarrollo,imperio,trabajo,desorden,proposito,1,80,1,70,1,95,1,60,1,90,1,1,0,0,0,,,,2,3,2,3,2,1,1,1,3,negocios,buena,1,0,0,0,2,4,2,,,,,,,,,,1,4,0,0,1,0,0,1,0,0,0,,2,3,4,4
0f731979-ece0-467f-880f-dfaa1f9905e1,624703411,1,10/10/2024 16:26,10/10/2024 16:35,506,end,complete,b53a8d31fda12acf,P5_4#1#value|P5_2#1#value|P5_3#1#value|P5_5#1#value|P5_1#1#value|P6A#2#value|P6A#4#value,3,1,73,co_0,7,9,1,2,3,98,3,2,1,Revolución,Golpes de Estado,Tecnología,Revolución,Tecnología avanzada,1,90,1,0,1,40,1,50,1,80,1,0,1,1,1,Gwm,Sany,Byd,1,1,1,2,1,1,1,1,2,Comercio,Muy buena,1,1,0,0,2,4,2,,,,,,,,,,1,4,0,0,0,0,0,0,0,1,0,,1,99,1,5
23539536-f404-411b-8665-47d5edd80498,625244144,1,14/10/2024 11:27,14/10/2024 11:34,402,end,complete,b5b995675d972182,P5_1#1#value|P5_5#1#value|P6A#2#value|P6A#4#value,3,1,32,co_0,3,1,6,88,7,98,3,5,2,Producto buena y mala calidad,Herramientas,Calidad,Muejres,Calidad,1,50,999,,999,,999,,1,50,3,0,1,1,1,Byd,Chery,Mg,3,2,1,4,5,1,1,2,4,Solo al ir de. Compras a los locales comerciales y. Restaurantes,Solo en atencion al piblico,0,0,1,0,2,1,1,1,1,1,0,0,0,1,0,,2,4,0,0,0,0,0,1,0,1,0,,2,1,2,1
8909eb10-4676-4c85-8036-d2a9b4591592,625068671,1,12/10/2024 15:03,12/10/2024 15:09,394,end,complete,b5f591dc2a087a55,P4_2|P5_5#1#value|P5_3#1#value|P5_4#1#value|P5_1#1#value|P5_2#1#value,3,2,40,co_0,4,8,5,41,5,98,4,4,1,Inteligente,Mierda,No lo se,Siutico,Exito,1,100,1,30,1,50,1,10,1,100,1,0,1,1,1,Lifan,Changan,Todo,2,3,2,5,4,1,1,2,3,Comercio,Desagradables,0,1,0,0,2,4,1,0,0,1,0,0,0,0,0,,2,4,1,0,1,0,0,0,0,0,0,,3,99,1,3
4b751b91-47c9-4414-b7ea-ca91f84d0b73,624728638,1,10/10/2024 18:11,10/10/2024 18:14,232,end,complete,b61b525fa55bc639,P5_2#1#value|P5_4#1#value|P5_5#1#value|P5_3#1#value|P5_1#1#value,3,2,23,co_0,2,7,5,48,7,98,1,5,1,Gastronomía,Donald Trump,Autos,Torre eiffel,Autos,1,50,1,50,1,50,1,50,1,50,1,1,0,0,0,,,,4,3,2,4,3,1,1,2,4,No lo se,Ninguna,0,1,0,0,2,4,1,0,0,0,1,0,0,0,0,,1,3,1,0,0,0,0,0,0,0,0,,2,3,2,3
3851b949-0bc4-4789-8717-0bce0e819286,625073531,1,12/10/2024 15:57,12/10/2024 16:09,713,end,complete,b668307544261471,P5_1#1#value|P5_4#1#value|P5_5#1#value|P5_2#1#value|P5_3#1#value,3,1,53,co_0,5,7,5,41,6,98,4,10,2,Comunismo,Democracia,Democracia,Democracia,Democracia,1,0,1,100,999,,1,80,1,90,1,1,0,0,0,,,,5,4,1,5,3,1,1,2,4,Comercio local,Normal,0,1,0,0,2,4,1,1,1,1,0,0,0,0,0,,1,5,1,0,0,0,1,0,0,0,0,,99,1,2,1
86fc0be8-9260-485c-b4ee-372bea3f6b67,624998206,1,11/10/2024 23:39,11/10/2024 23:45,416,end,complete,b6976d19bb98d588,P5_4#1#value|P5_1#1#value|P5_5#1#value|P5_2#1#value,3,2,45,co_0,5,7,2,8,5,98,2,10,2,Imperio,Potencia,Indiferencia,Turismo,Tecnología,1,40,1,70,999,,1,50,1,70,1,1,0,0,0,,,,3,3,2,3,2,2,1,2,3,Restaurantes,Normal,1,0,0,0,2,4,1,0,1,1,0,0,0,0,0,,1,4,0,0,0,0,0,1,0,1,0,,2,3,4,2
e208a2d9-8499-44ac-b93e-7c433694251d,624758592,1,10/10/2024 20:27,10/10/2024 20:37,604,end,complete,b7191f30929ad952,P5_5#1#value|P5_1#1#value|P5_4#1#value|P5_2#1#value|P5_3#1#value,1,2,76,co_0,7,7,13,279,3,98,4,6,2,comercioi,comercio,modernidad,turismo,modernidad,1,40,1,50,1,60,1,60,1,60,1,1,0,0,0,,,,5,4,1,3,2,1,1,1,3,"vecinos, corredores de propiedades, comerciantes, amigos",comercialmente correctos,0,1,0,0,2,3,1,0,1,1,0,0,0,0,0,,4,4,0,0,0,1,0,1,0,0,0,,1,1,4,2
5e0462a6-33bc-4948-b104-45a9829e2bdc,624705109,1,10/10/2024 16:33,10/10/2024 16:43,580,end,complete,b71a8304688f55d1,P5_4#1#value|P5_3#1#value|P5_2#1#value|P5_5#1#value|P5_1#1#value,1,1,66,co_0,7,8,4,27,2,4,2,6,4,COPIONES,POTENCIA ECONOMICA,SITIADO,LIBERTAD,TECNOLOGIA,1,15,1,90,1,5,1,70,1,80,1,0,1,1,1,GREAT WALL,JAC,GEELY,4,4,3,,3,1,2,1,2,RESTORANES DE COMIDA CHINA MALLS CHINOS SUPERMERCADOS,INDIFERENTES,1,1,1,0,2,2,1,1,0,1,0,1,0,1,0,,3,5,1,0,1,0,0,0,0,0,0,,2,2,3,2
a47d5b74-f2c3-4a28-a02d-f66bd04a306a,624693511,1,10/10/2024 15:48,10/10/2024 16:14,1572,end,complete,b71c865676533928,P5_3#1#value|P5_2#1#value|P5_1#1#value|P5_5#1#value|P5_4#1#value,3,2,24,co_0,2,8,13,299,5,98,1,2,1,Comunismo,Torres Gemelas,Soberanía,Emmanuel Macron,Simbolismo,1,85,1,50,1,70,999,,1,90,1,0,1,1,1,Huawei,Xiaomi,Tik tok,2,3,1,3,2,1,2,2,2,Cuando voy a comprar al mall chino,Muy breves y cordiales solo de clientw,0,0,0,1,2,3,1,0,1,0,0,0,0,0,0,,2,4,1,0,0,0,0,1,0,0,0,,2,2,4,3
fc249ba1-b315-470c-b18c-025de3c9db60,625017756,1,12/10/2024 3:21,12/10/2024 3:34,794,end,complete,b76d54959b540d39,P5_5#1#value|P5_1#1#value|P5_2#1#value|P5_3#1#value|P5_4#1#value|P6A#3#value,3,2,35,co_0,4,8,10,237,6,98,3,3,1,Izquierda,Influyentes del mundo,País oriental de con ganas de occidentarse,"País europeo hermoso, pero blanco de tragedias",Cultura milenaria e influyentes mundiales,1,30,1,20,1,5,1,50,1,30,1,0,1,1,1,Chery,Byd,Jac,1,1,2,1,5,2,2,2,3,Mall chino,"Muy indiferentes, porque siento que no les interesa nuestra cultura (al menos con lo que heninteraxtuado). No tienen interés por aprender el idioma o amabilidad por ejemplo. Aunque los chinos mas antiguos de Santiago, como los de patronato, si se adaptaron mejor al país.",1,0,0,0,2,3,1,0,1,1,0,0,0,1,0,,4,4,1,1,0,0,0,0,0,0,0,,3,3,3,4
b47a45ab-1302-4936-aa8b-ff873aca8c41,625334904,1,14/10/2024 19:09,14/10/2024 19:27,1067,end,complete,b7f31a643b45f16b,P5_5#1#value|P5_1#1#value|P5_2#1#value|P5_4#1#value|P5_3#1#value,1,1,60,co_0,6,9,10,228,4,5,2,3,1,Comunista,cine,Taiwan,torre efel,Tecnología,1,80,1,70,1,80,1,80,1,90,1,0,1,1,1,Great wall,San yong,Lenovo,4,3,3,,3,1,1,1,3,"compra en mall chino, restaurant",buena,1,1,0,0,2,3,1,1,1,1,1,1,1,1,0,,1,4,0,0,1,1,0,0,0,0,0,,3,3,4,3
c0166156-58d9-477a-a2ea-14b4ea8c73f5,625828030,1,17/10/2024 0:46,17/10/2024 0:55,535,end,complete,b7f73b153bc9679c,P5_4#1#value|P5_2#1#value|P5_1#1#value|P5_5#1#value|P5_3#1#value|P6A#3#value,3,1,28,co_0,3,8,16,175,3,98,3,7,3,Comercio,Comercio,Guerra,Arte,Tecnología,1,40,1,65,1,20,1,70,1,95,1,0,1,1,1,Huawei,MG,Temu,4,4,2,5,3,2,1,2,2,Cuando compro productos que vienen desde China,Simplemente transacciones,0,1,0,0,2,4,1,1,0,1,0,0,0,0,0,,2,4,1,0,1,0,0,0,0,0,0,,3,2,4,2
a9556269-05a4-4acd-b6b7-05a62142b88a,625089471,1,12/10/2024 19:07,12/10/2024 19:15,507,end,complete,b805a46dab3c2628,P5_4#1#value|P5_2#1#value|P5_3#1#value|P5_5#1#value|P5_1#1#value,3,2,61,co_0,6,7,5,41,5,98,3,4,1,Mall,Republicanos,Antiguedad,Turismo,Tecnologia,1,70,1,80,1,50,1,80,1,90,2,1,0,0,0,,,,3,3,1,3,2,2,2,2,4,"No tengo contacto, salvó al entrar a algún mall",Ninguna más de comprar en mall,0,1,0,0,2,2,2,,,,,,,,,,3,5,0,0,1,0,0,1,0,0,0,,2,2,4,3
a8820d13-c9ed-453b-a7e5-d7405cfa3c97,625112307,1,13/10/2024 0:54,13/10/2024 1:10,983,end,complete,b82c796338938816,P5_2#1#value,3,1,34,co_0,3,4,11,260,6,98,3,3,4,Virus,Trabajo,Necesio,Negocio,Negocio,999,,1,100,999,,999,,999,,1,0,1,1,1,Hyundai,Changan,Temu,4,1,3,,3,1,2,1,1,Amigos en lo laboral,Exelente y otras no muy buenas,1,0,0,0,1,2,1,1,0,0,0,1,1,0,0,,4,5,0,0,0,0,0,1,0,1,0,,2,2,4,4
b0b4f650-742b-4193-a0ed-1106dd01c6b2,624926850,1,11/10/2024 16:58,11/10/2024 17:04,392,end,complete,b8500d5b08af51a7,P5_5#1#value,3,2,24,co_0,2,7,7,125,5,98,3,5,1,productos,comida chatarra,nada,nada,anime,999,,999,,999,,999,,1,90,1,0,1,1,1,huawei,xiaomi,sheglam,3,3,1,3,2,1,1,2,3,comprando,normal,0,0,0,1,2,3,1,0,1,1,0,0,1,0,0,,4,3,1,0,1,0,0,0,0,0,0,,2,3,4,5
e308ed45-55f8-42fc-a18c-e8bef64afc92,624559089,3,09/10/2024 21:28,09/10/2024 21:40,738,end,complete,b8a5fdbf571aaad6,P5_4#1#value|P5_1#1#value|P5_2#1#value|P5_5#1#value|P5_3#1#value,1,1,72,co_0,7,7,8,151,2,3,3,6,2,totalitarismo,democracia,libertad,macron,cultura,1,10,1,30,1,20,1,10,1,30,2,1,0,0,0,,,,4,4,2,5,2,1,2,1,3,una prima-hermana mía es casada con un chino.,buenas,0,0,0,1,2,3,1,1,1,1,1,1,1,1,0,,1,4,0,0,1,0,1,0,0,0,0,,99,3,4,4
45498f0a-06ec-456e-9f7b-bdbc89d652b6,625501768,1,15/10/2024 15:45,15/10/2024 16:18,1979,end,complete,b952847c8bb57038,P5_3#1#value|P5_4#1#value|P5_1#1#value|P5_2#1#value|P5_5#1#value,3,1,25,co_0,3,5,2,8,5,2,3,5,4,Comercio,Capitalismo,K-pop,Juegos Olímpicos,Tecnología,1,50,1,60,1,80,1,90,1,80,2,1,0,0,0,,,,2,3,1,5,2,2,2,2,4,No tengo contacto.,Buena interacción.,0,1,0,0,2,3,2,,,,,,,,,,1,5,1,1,0,0,0,0,0,0,0,,2,2,4,3
fd27876a-b475-44b3-b2fd-384a390b8709,625067012,1,12/10/2024 14:46,12/10/2024 15:40,3287,end,complete,b96ab5f7cdaa4241,P5_2#1#value|P5_3#1#value|P5_5#1#value|P5_1#1#value,3,2,51,co_0,5,4,7,112,6,98,4,5,1,"Mall , muchas cosas",Un país grande y poderoso,Guerra,El idioma,Las películas,1,80,1,100,1,0,999,,1,50,2,1,0,0,0,,,,5,4,3,,3,2,2,1,4,En los mall o tiendas  chinas,Sin problemas,0,1,0,0,2,2,1,0,0,0,0,0,0,0,1,Muchos inmigrantes,2,3,1,0,0,1,0,0,0,0,0,,99,2,3,1
6b59b2fe-a2e5-43bd-be54-71757d0d41e2,624562061,3,09/10/2024 21:46,09/10/2024 22:08,1287,end,complete,b97d8fd4420cda99,P5_2#1#value|P5_3#1#value|P5_1#1#value|P5_5#1#value|P6A#4#value,3,2,38,co_0,4,5,13,279,5,98,3,5,1,Proveedor,Terrible,Guerra,Oportunidad,Proveedor,1,0,1,100,1,0,999,,1,50,1,0,1,1,1,Shein,Chery,Mg,2,3,1,1,3,1,1,2,2,Cuando voy a comer,Buena,1,0,0,0,2,3,1,1,0,0,0,1,0,0,0,,4,5,0,0,0,1,0,0,0,0,0,,2,2,3,2
572cbe9f-9056-4e07-8e77-ae89033158e5,624726780,1,10/10/2024 18:02,10/10/2024 18:27,1501,end,complete,bb0c8d09326b924c,P5_2#1#value|P5_1#1#value|P5_3#1#value|P5_5#1#value|P5_4#1#value,3,2,24,co_0,2,5,4,38,6,3,3,5,1,"Proveedor de artículos, mucha cultura","Pais en América del norte, hoy sufren por el huracán Milton",Hermosos paisajismos y arquitectura única,"Buena arquitectura, moda y arte","Tiene densas ciudades, palacios imperiales, parques nacionales montañosos y miles de santuarios y templos",1,80,1,40,1,100,1,100,1,90,1,1,0,0,0,,,,2,3,3,,3,1,1,2,2,Solo cuando compro cosas en un mall chino o restaurante chino,Buena a la mayoría se les entiende bien el español,1,0,0,0,2,2,1,1,1,0,0,0,0,1,0,,1,4,0,0,0,0,0,1,1,0,0,,1,2,4,4
6667f79c-7aa3-4745-a71e-45121b262040,624889344,1,11/10/2024 14:03,11/10/2024 14:25,1363,end,complete,bbf0a188c9d8567d,P5_2#1#value|P5_3#1#value|P5_5#1#value|P5_1#1#value|P5_4#1#value,3,1,20,co_0,2,6,14,331,5,98,4,5,1,Arroz,Imbeciles,Nada,Malditos,Anime,1,25,1,10,1,30,1,5,1,30,3,1,0,0,0,,,,3,2,1,3,3,2,2,2,2,No tengo,No e tenido,0,0,0,1,2,3,2,,,,,,,,,,4,4,0,1,1,0,0,0,0,0,0,,3,99,1,3
3efda5ee-e735-4afc-8004-4fa8b1f01846,625514777,1,15/10/2024 16:36,15/10/2024 17:54,4699,end,complete,bc7d5223055cdff4,P5_4#1#value|P5_5#1#value|P5_3#1#value|P5_1#1#value|P5_2#1#value,3,1,42,co_0,4,7,16,187,4,7,4,5,1,Producción,Maquinaría,Comida,Turismo,Cultura,1,70,1,70,1,90,1,80,1,90,1,0,1,1,1,Great wall,Linglong,Triangle,4,1,3,,3,1,2,2,2,Mall chino,Ventas,1,1,0,0,1,4,1,1,1,1,0,0,1,0,0,,3,5,0,0,1,0,0,0,0,1,0,,3,3,4,4
afba134a-c7d6-45bd-9ea3-5757bb5531be,624555620,1,09/10/2024 21:08,09/10/2024 21:19,670,end,complete,bc8306b41dabfb2c,P5_2#1#value,1,1,62,co_0,6,5,13,303,5,98,1,2,3,INVERSION,NADA,NADA,NADA,NADA,999,,1,1,999,,999,,999,,3,1,0,0,0,,,,3,1,3,,5,1,1,2,1,CUANDO VOY AL MALL CHINO,MUY MALAS,0,0,0,1,2,1,1,0,0,0,0,0,0,0,1,COMERCIO,2,4,0,0,0,0,0,1,0,0,0,,99,99,3,3
8a200ed6-b74c-40c4-bfc2-13e6371438d9,624698358,1,10/10/2024 16:08,10/10/2024 16:35,1607,end,complete,bc8d4f8c708bca5f,P5_2#1#value|P5_4#1#value,3,2,23,co_0,2,8,16,175,3,98,3,3,1,arroz,papas fritas,kpop,moda,sushi,999,,1,50,999,,1,100,999,,1,0,1,1,1,huawei,alibaba,xiaomi,4,1,3,,2,2,2,2,4,en mall chinos,regular,0,1,0,0,2,4,1,0,1,1,0,0,0,0,0,,1,3,1,0,0,1,0,0,0,0,0,,3,99,3,3
6da6c4a3-680e-428c-90a0-dee5107da4b4,624977406,1,11/10/2024 21:16,11/10/2024 21:23,427,end,complete,bc95cf82f2191a86,P5_1#1#value,3,2,45,co_0,5,5,8,151,6,98,1,5,3,Comercio,Miami,Panda,Torre Eiffel,Sushi,1,80,999,,999,,999,,999,,1,1,0,0,0,,,,3,1,2,3,2,2,2,2,4,Cuando voy a comprar a algún mall chino,Buena,0,1,0,0,2,4,2,,,,,,,,,,2,4,0,0,0,0,1,1,0,0,0,,2,2,3,3
dbd41d07-0c2f-46b9-b6a3-da57cc7f3bf8,624555628,1,09/10/2024 21:08,09/10/2024 21:21,759,end,complete,bc98c7d2d7139069,P5_4#1#value,1,2,42,co_0,4,8,13,300,4,98,1,5,3,negocio,Potencia mundial,turismo,turismo,cultura,999,,999,,999,,1,80,999,,3,1,0,0,0,,,,3,4,2,3,3,2,1,1,4,restorante chino y comercio,"lo justo y necesaria, casi nada de conversación",0,0,0,1,2,1,1,1,1,1,0,1,1,1,0,,1,3,0,1,0,1,0,0,0,0,0,,99,2,3,3
d3dc4e3a-96e5-4197-8f6b-e74172345402,624564201,1,09/10/2024 21:59,09/10/2024 22:08,551,end,complete,bcaf5c4fcc0896d9,P5_1#1#value|P5_5#1#value|P5_4#1#value|P5_2#1#value|P5_3#1#value,3,2,37,co_0,4,6,13,283,6,98,3,5,1,Futurista,Pedofilia,Presidente mafioso,Amor,Mitologias,1,70,1,60,1,10,1,60,1,50,1,0,1,1,1,Xiaomi,Huawei,Ali express,4,4,1,4,4,1,1,2,2,En un restaurante,Comercial solamente,1,1,0,0,2,2,1,1,1,1,0,0,0,0,0,,4,4,1,0,0,0,0,0,1,0,0,,3,2,4,4
87c947e4-8269-4e22-98a3-37fa674f19f9,624562275,1,09/10/2024 21:48,09/10/2024 21:58,610,end,complete,bcb43135488c0ba5,P5_5#1#value|P5_1#1#value|P5_2#1#value|P5_4#1#value,1,2,60,co_0,6,8,13,297,1,98,3,6,1,parientes,america del sur,asia,europa,asia,1,90,1,50,999,,1,70,1,80,1,1,0,0,0,,,,1,3,1,3,3,1,1,1,3,Mi abuelo era chino.,Muy buena,0,0,0,1,2,2,1,1,1,1,0,0,0,1,0,,2,3,0,0,0,0,0,1,0,1,0,,2,3,4,4
425ccd6f-ed96-47cf-87db-7fd4332a8a38,624564028,1,09/10/2024 21:58,09/10/2024 22:12,838,end,complete,bd355c1931bdbd52,P5_5#1#value|P5_1#1#value|P5_2#1#value|P5_4#1#value|P5_3#1#value,1,1,73,co_0,7,7,10,237,4,4,1,2,1,potencia emergente,imperio en decadencia,lider en tecnologias,busca una linea independiente,pais de pasado esplendor,1,70,1,40,1,70,1,60,1,50,1,0,1,1,1,great wall,supermercado chino local,marcas de celulares,1,3,1,1,2,2,2,2,2,"en compras del mall chino,consumo en el restoran chino",bastante distantes son muy reservados,1,1,0,0,2,2,1,1,0,1,0,0,0,0,1,agua potable,1,4,0,0,1,0,0,0,1,0,0,,1,3,3,4
b5eca30d-1070-49eb-8c2e-4e0fb37183e1,624554818,1,09/10/2024 21:04,09/10/2024 21:27,1413,end,complete,bd3f2bdd25a759cc,P5_2#1#value,3,2,54,co_0,5,5,3,17,6,98,1,10,2,Tecnología,Estatua de la libertad,País más avanzado,Torre eiffel,Series,999,,1,50,999,,999,,999,,1,0,1,1,1,ICBC,Banco de china,Petrochina,4,3,2,5,4,1,1,2,1,No tengo,Algunos son apáticos,0,1,0,0,2,3,1,0,0,1,0,0,0,0,0,,1,4,0,0,0,0,0,1,1,0,0,,2,2,4,4
c704eb4d-5a90-49b0-adab-dc4e1384524c,624560521,1,09/10/2024 21:37,09/10/2024 21:50,743,end,complete,bdf4a0bcf477901c,P5_2#1#value|P5_4#1#value|P5_1#1#value|P5_5#1#value|P5_3#1#value,3,2,53,co_0,5,7,13,306,6,98,1,6,1,Tecnologia,Demicracia,Dictadura,Democracia,Inteligencia,1,50,1,90,1,1,1,80,1,50,1,0,1,1,1,Chery,Foton,Haval,3,1,2,3,2,2,1,2,3,Mall y centros comerciales y estacion central,Buena en realidad responden a lo que uno busca,1,0,0,0,2,1,1,1,1,1,0,0,0,1,0,,2,5,0,0,0,0,0,1,0,1,0,,2,1,4,4
41d6356d-84b4-4544-903e-3d4e0af33f8a,624769498,1,10/10/2024 21:22,10/10/2024 21:45,1348,end,complete,bf7628a6962bf068,P5_3#1#value,3,2,69,co_0,7,6,13,288,5,3,2,9,2,Comunista,Tecnologia,Autos,Perfumes,Paciencia,999,,999,,1,80,999,,999,,1,1,0,0,0,,,,4,2,1,3,2,1,1,2,1,Ninguno,Ninguno,1,1,1,0,2,3,2,,,,,,,,,,4,4,0,0,0,0,0,0,1,1,0,,3,2,4,1
8e083f98-1579-4e31-a50f-4db93ee31367,624693117,1,10/10/2024 15:47,10/10/2024 15:53,383,end,complete,bfab04235a9ab420,P5_2#1#value|P5_1#1#value|P5_4#1#value|P5_5#1#value|P5_3#1#value,3,2,22,co_0,2,5,10,228,6,5,2,7,2,Comida,Migración,Régimen,Pizza,Comida,1,70,1,70,1,70,1,70,1,70,2,1,0,0,0,,,,4,2,1,3,2,1,2,2,2,Mall chinos o restaurantes chinos,Indiferente,1,1,0,0,2,4,1,0,1,1,0,0,0,0,0,,4,4,0,0,0,1,0,0,1,0,0,,2,2,1,4
dea05aa5-550c-43e8-ab4d-61a62f1179ad,624748815,1,10/10/2024 19:42,10/10/2024 20:02,1161,end,complete,c07afdfdd381a1d6,P5_4#1#value|P5_1#1#value|P5_3#1#value|P5_5#1#value|P5_2#1#value,3,1,65,co_0,7,5,13,315,5,98,3,5,1,Tecnologia,Gobierno,Repuestos,Confusión,Autos,1,50,1,80,1,40,1,70,1,70,1,0,1,1,1,Chery,Chagan motors,Xiaomi,2,3,1,3,1,1,1,2,2,Al ir a comprar comida o irme a un mall,Buenas con algunos problemas por el idioma pero nada que no se pueda entender,1,0,0,0,2,3,2,,,,,,,,,,1,5,0,0,0,0,0,1,1,0,0,,1,1,4,3
7951d619-0fc9-4306-a030-e0b080275605,624716853,2,10/10/2024 17:24,10/10/2024 18:23,1133,end,complete,c0dfda2fa85565d3,P5_5#1#value|P5_2#1#value|P5_3#1#value|P5_4#1#value|P5_1#1#value,3,2,81,co_0,7,5,3,22,7,98,4,6,4,Nada,Disney worl,Nose,Perfumes,Tecnologia,1,50,1,80,1,50,1,100,1,50,1,1,0,0,0,,,,4,1,2,3,1,1,1,2,4,"En los Mall chinos ,que en nuestro país está plagado de mall chinos",Indiferente,1,1,1,0,2,2,1,0,0,0,0,0,0,0,1,Los chinos de exportación de sus cosas,4,5,1,0,0,0,0,0,0,0,0,,2,2,4,5
0077bb31-0ed8-4f78-a56b-cd2bded9425a,625016983,1,12/10/2024 3:08,12/10/2024 3:17,567,end,complete,c1545c49750fa891,P5_3#1#value|P5_4#1#value|P5_2#1#value|P5_1#1#value|P5_5#1#value,3,2,41,co_0,4,5,6,79,6,98,1,5,1,Compras,Estatua de la libertad,Comida,Pizza,Comida,1,100,1,100,1,0,1,100,1,0,1,1,0,0,0,,,,3,3,1,5,1,1,1,2,2,En compras,Buenas,1,1,1,0,2,1,1,1,0,0,0,0,0,0,0,,3,3,0,0,0,0,0,0,1,0,0,,1,1,4,3
b9eea72b-1556-4833-9b37-2709d4508a39,625089394,1,12/10/2024 19:06,12/10/2024 19:15,569,end,complete,c26855b3ab42c1d7,P5_4#1#value|P5_2#1#value,3,2,41,co_0,4,5,15,343,7,3,2,5,4,Compras,Plata,Nada,Torre ifel,Sushi,999,,1,56,999,,1,67,999,,3,1,0,0,0,,,,3,3,1,4,2,1,1,2,1,Nada de nada,Ninguna,0,0,0,1,2,4,2,,,,,,,,,,1,3,0,0,0,0,0,0,0,1,0,,2,3,2,3
b0511a1d-5867-4d64-8989-40fcdf1f3b80,625064902,1,12/10/2024 14:23,12/10/2024 14:31,498,end,complete,c2a593a25cdc4943,P5_4#1#value|P5_3#1#value|P5_2#1#value|P5_1#1#value|P5_5#1#value,3,1,61,co_0,6,7,2,8,5,1,2,5,2,Productos de mala calidad,País grande,Desarrollo,Perfumes,Tecnología,1,35,1,50,1,85,1,80,1,95,1,0,1,1,1,Changan,Chery,Geely,3,2,1,4,2,1,1,2,4,Al cocurrir a un mall chino,Indiferente,0,1,0,0,2,2,2,,,,,,,,,,1,5,0,0,0,0,0,0,0,1,0,,2,2,3,4
bae34ebb-c782-49ff-b5ed-dc31a934ab35,625841907,1,17/10/2024 2:56,17/10/2024 3:03,404,end,complete,c2c17780c7996760,P5_3#1#value|P5_2#1#value|P5_1#1#value|P5_4#1#value|P5_5#1#value|P6A#2#value,1,1,27,co_0,3,7,3,17,6,98,3,3,1,Comunismo,Armas,KPOP,Baguette,Anime,1,40,1,30,1,50,1,50,1,45,2,0,1,1,1,BYD,Aliexpress,TEMU,1,2,3,,2,2,1,2,3,A lo más al comprar en algún mall Chino.,Indiferentes.,1,0,0,0,2,1,1,1,0,0,0,0,0,1,0,,4,5,0,1,0,0,0,0,1,0,0,,99,99,4,3
9ccf278e-a6fd-4b63-af24-f30762402144,624971479,1,11/10/2024 20:40,11/10/2024 20:48,440,end,complete,c380150570d853a4,P5_1#1#value|P5_3#1#value|P5_5#1#value|P5_4#1#value|P5_2#1#value,3,1,53,co_0,5,7,2,8,7,1,1,5,2,nose,Trump,nose,nose,nose,1,100,1,100,1,100,1,100,1,100,3,0,1,1,1,Samsung Sony AOC,AOC,Sony,3,1,3,,1,2,1,2,2,No Nada,No tengo a nadie,1,0,0,0,2,4,2,,,,,,,,,,1,5,0,0,0,0,0,0,0,1,0,,1,1,2,4
d6948b6c-e1e3-402c-9c60-56e4c6fa486f,625114644,1,13/10/2024 1:32,13/10/2024 1:40,481,end,complete,c38991bc06c7466b,P5_5#1#value|P5_2#1#value|P5_1#1#value|P5_4#1#value|P5_3#1#value,3,1,57,co_0,6,5,7,134,5,98,1,6,2,Comercio,Grandeza,Autos,La torre ifel,Monte fuji,1,40,1,60,1,70,1,50,1,90,1,1,0,0,0,,,,3,3,1,4,2,2,2,1,3,En sus negocios,Normal tranquila,0,0,0,1,2,3,1,1,0,0,0,0,0,1,0,,4,4,0,0,1,0,0,0,0,1,0,,3,3,4,4
79782c21-0fec-4cdb-9411-630af3108a43,624969716,1,11/10/2024 20:30,11/10/2024 20:43,756,end,complete,c408d7ad7d9b5b1a,P5_4#1#value|P5_2#1#value|P5_5#1#value|P5_1#1#value|P5_3#1#value,3,1,57,co_0,6,6,4,27,5,9,1,8,2,Tecnología,Diversión,Cultura,Vacaciones,Cultura,1,60,1,80,1,50,1,70,1,90,3,0,1,1,1,Changan,Chery,Brilliance,2,1,1,3,2,2,1,1,4,Amigos de la familia,Muy buena,0,1,0,0,2,1,1,1,1,1,0,1,0,1,0,,2,5,0,0,0,0,0,1,0,1,0,,2,1,1,4
c418aa62-8eef-48c5-84a2-c835acacebc5,624553623,1,09/10/2024 20:57,09/10/2024 21:06,588,end,complete,c4b9972339ad2bb2,P5_2#1#value|P5_4#1#value,1,2,68,co_0,7,8,13,288,3,98,1,2,1,gigante,violencia económica y social,importación,turismo,nada,999,,1,10,999,,1,60,999,,1,1,0,0,0,,,,2,3,3,,3,1,1,1,4,ninguno,no tengo interacción,1,1,0,0,2,4,1,1,1,1,0,0,0,0,0,,4,3,0,0,0,0,0,0,0,0,1,ninguno,3,99,3,3
4943c363-d1df-43f3-995c-d4724b5eb9be,624774589,1,10/10/2024 21:49,10/10/2024 22:09,1148,end,complete,c5373d358f607d39,P5_2#1#value,1,2,81,co_0,7,4,13,297,7,98,2,3,1,un comprador de cobre,un opresor,un pais tranquilo,bonito,un pais hermoso,999,,1,0,999,,999,,999,,1,1,0,0,0,,,,2,2,1,3,2,1,1,1,3,en la esquina de mi casa ay unos vecinos chinos,buena,1,0,0,0,2,3,1,0,1,1,0,0,0,0,0,,2,5,0,0,0,0,0,1,1,0,0,,2,3,4,4
fb6f4aa7-6a64-46a4-930f-6a659b4f4f9e,624557870,1,09/10/2024 21:20,09/10/2024 21:30,555,end,complete,c5647f2861d821a8,P5_5#1#value|P5_2#1#value|P5_4#1#value|P5_1#1#value,1,2,34,co_0,3,8,13,292,1,98,3,8,2,Comercio,Potencia,Pobreza,Torre Eiffel,Anime,1,60,1,70,999,,1,80,1,90,1,0,1,1,1,Ali Express,Shein,Xiaomi,2,2,2,3,4,2,1,2,4,ningun contacto,en restaurantes de comida,0,0,0,1,2,4,1,1,0,0,0,0,1,0,0,,4,5,0,0,0,0,0,1,0,1,0,,3,2,4,3
4ef3ac88-6c99-49ed-b4d8-3fc7d925a148,624774803,1,10/10/2024 21:50,10/10/2024 22:03,745,end,complete,c56fd5dfd26fb7ab,P5_2#1#value|P5_3#1#value|P5_4#1#value|P5_5#1#value|P5_1#1#value,3,1,72,co_0,7,7,13,288,4,98,3,5,1,Comercio,Guerra,Tecnologia,Despotismo,Tecnología,1,80,1,0,1,75,1,0,1,75,2,0,1,1,1,"Haima,",Gree electric apriances,Xiaomi,1,2,2,5,2,1,1,2,3,Compra en algún negocio,Buena,0,1,0,0,2,1,1,1,1,1,0,1,0,0,0,,1,5,0,0,0,0,0,1,1,0,0,,1,99,3,5
e6f5a1fd-234d-4379-a8db-d867f20116a4,625077695,1,12/10/2024 16:46,12/10/2024 16:56,603,end,complete,c589bf99dd021a2a,P5_2#1#value|P5_5#1#value|P5_1#1#value|P5_3#1#value|P5_4#1#value|P6A#3#value|P6A#4#value,3,2,37,co_0,4,5,1,1,6,98,1,6,2,Dinero,Ladrones,Guerra,Elegancia,Tecnología,1,100,1,0,1,3,1,100,1,100,1,0,1,1,1,"Ruta motor , b y d .",B y d,Lv,4,1,1,5,1,1,1,1,1,Por compra en negocio,Buena,1,0,0,0,2,2,1,0,1,1,0,0,0,0,0,,1,4,0,0,1,0,0,0,0,0,0,,2,99,1,4
cba47f41-c419-41cb-9150-5587f4e7f306,624971718,1,11/10/2024 20:42,11/10/2024 21:05,1364,end,complete,c5f38661551d6ff2,P5_3#1#value|P5_1#1#value|P5_2#1#value|P5_4#1#value|P5_5#1#value,1,1,54,co_0,5,6,16,175,6,3,3,9,2,comercio,libertad,gerra,deporte,automoviles,1,50,1,100,1,1,1,100,1,100,1,0,1,1,1,changan,foton,falabella,2,3,1,5,4,1,2,2,2,cuando voy a comprar a un mall chino,no muy buenas...hablan poco.,0,1,0,0,2,1,1,1,1,1,0,0,0,0,0,,4,4,0,0,0,0,0,0,1,0,0,,3,1,2,3
102df6b9-9e83-4545-9dec-a0b1a93f5c43,625095385,1,12/10/2024 20:26,12/10/2024 20:31,343,end,complete,c6125af935706205,P5_5#1#value|P5_4#1#value|P5_3#1#value|P5_2#1#value,3,1,32,co_0,3,5,10,228,6,3,2,5,2,Juguetes,Super bwol,Series,Torre,Anime,999,,1,70,1,85,1,90,1,80,1,1,0,0,0,,,,3,4,3,,2,1,2,2,3,Solo en malls chinos,Indiferente,0,1,0,0,2,2,2,,,,,,,,,,2,4,0,0,1,0,0,1,0,0,0,,2,1,3,4
baab0d09-8e12-4e8b-baf2-c325400ec7cf,624556172,1,09/10/2024 21:12,09/10/2024 21:38,1597,end,complete,c6a39cbc468433cb,P5_2#1#value|P5_3#1#value|P5_1#1#value|P5_5#1#value|P5_4#1#value|P6A#2#value,1,1,36,co_0,4,8,13,307,3,9,3,1,1,desarrollo,Baiden,kin jon jun,atentados,inteligencia,1,89,1,100,1,69,1,60,1,99,1,0,1,1,1,MG,CHERY,CHANGAN,1,3,1,5,1,1,1,1,2,Durante mi trayecto hacia mi trabajo,"Buenas, pero muy ocasionales",1,1,1,0,1,2,1,1,1,1,0,0,1,0,0,,4,5,0,0,1,0,0,0,1,0,0,,1,1,2,5
2c0d82d5-70d8-42ed-af4a-716c3b22b091,625184708,1,13/10/2024 20:17,13/10/2024 20:32,942,end,complete,c700a88928045ac2,P5_4#1#value|P5_5#1#value|P5_1#1#value|P5_2#1#value|P5_3#1#value,3,1,39,co_0,4,8,6,111,5,9,2,5,2,Comprador,Desorden,Tecnologico,Confusion,Tecnologico,1,80,1,70,1,70,1,50,1,70,1,1,0,0,0,,,,3,2,1,2,3,1,1,2,3,Ninguna Interacción,Ninguna,1,1,0,0,2,1,1,1,1,1,0,1,1,0,0,,3,3,0,0,1,0,1,0,0,0,0,,2,2,4,3
a05c52bd-d45a-488d-8c69-689dd1378c47,625086624,1,12/10/2024 18:31,12/10/2024 18:45,830,end,complete,c70db646963c3c14,P5_4#1#value|P5_3#1#value|P5_2#1#value|P5_1#1#value|P5_5#1#value,3,2,58,co_0,6,8,5,41,5,8,3,5,1,Proveedor,Capitalismo,Cerrada,Cultura,Tecnología,1,60,1,40,1,80,1,80,1,90,1,1,0,0,0,,,,2,3,2,5,2,1,2,2,1,Tiendas negocio s,"Poco por el idioma ,no son muy sociables o cercanas",0,1,0,0,2,3,1,1,1,1,0,0,0,1,0,,1,5,0,0,0,0,0,1,0,1,0,,2,99,3,4
e385c98b-c708-447e-8b60-2bdef99c6926,624980049,1,11/10/2024 21:33,11/10/2024 21:39,340,end,complete,c713338161aa7cc9,P5_1#1#value|P5_4#1#value|P5_3#1#value|P5_2#1#value|P5_5#1#value,3,2,28,co_0,3,5,8,142,6,98,3,5,2,Aliexpres,Oportunidades,No se,Wacala ratones,Comida rica,1,50,1,50,1,50,1,0,1,50,2,0,1,1,1,Shein,Aliexpress,Temu,3,4,1,3,4,1,1,2,2,En los mall chinos,Piolas,0,0,0,1,2,2,1,0,1,0,0,0,0,0,0,,3,4,0,0,0,1,0,0,0,0,0,,2,2,4,3
401d9cf6-32ee-4542-a993-911153f68643,625513267,1,15/10/2024 16:30,15/10/2024 16:34,276,end,complete,c72d6cbf875408dc,P5_3#1#value|P5_2#1#value|P5_1#1#value|P5_4#1#value|P5_5#1#value,3,1,36,co_0,4,5,2,12,4,3,4,5,1,Sushi,Hot dog,Pescado,Torre,Sushi,1,50,1,90,1,50,1,90,1,50,3,1,0,0,0,,,,3,3,3,,3,2,2,2,2,Restaurantes,Indiferente,1,0,0,0,1,1,2,,,,,,,,,,3,3,0,0,0,0,1,0,0,0,0,,2,3,2,2
a6e36796-6867-4bea-b328-1ff1c93bf9cf,624989867,1,11/10/2024 22:33,11/10/2024 22:42,546,end,complete,c7f6440077a17317,P5_3#1#value|P5_1#1#value|P5_4#1#value|P5_5#1#value|P5_2#1#value,3,1,56,co_0,6,5,4,27,6,98,2,5,2,Tecnología,Finanzas,Insertidumbre,Gastronomía,Inversión,1,80,1,90,1,0,1,60,1,60,1,1,0,0,0,,,,2,1,1,1,4,2,1,1,2,En el restaurante,Bien tranquilo,1,1,0,0,2,1,1,1,1,1,0,0,0,0,0,,1,5,0,0,1,0,0,1,0,0,0,,1,2,4,3
8497cc7c-3ed8-464a-8be5-0ac5d3248a2a,626161936,1,18/10/2024 15:57,18/10/2024 16:07,638,end,complete,c800cc5942887671,P5_1#1#value|P5_2#1#value|P5_5#1#value,3,1,23,co_0,2,4,16,175,7,98,1,10,4,China,Estados unidos,Corea,Fracias,Japon,1,50,1,30,999,,999,,1,100,1,0,1,1,1,Alibaba Temu Huawei,Aliexpress,Zte,3,1,2,4,3,2,2,2,1,En los casinos,Buenas,1,0,0,0,2,4,1,0,0,0,0,1,0,0,0,,1,5,0,0,1,0,0,1,0,0,0,,1,1,4,4
cd9898a7-6dbe-410a-97cc-e1ffd42570f5,625163386,1,13/10/2024 15:33,13/10/2024 15:49,980,end,complete,c8347df1da159baa,P5_3#1#value|P5_1#1#value|P5_4#1#value|P5_2#1#value,3,1,35,co_0,4,5,15,343,5,98,4,5,3,Comida china,Potencia,Guerra,Torre infel,Asia,1,100,1,60,1,50,1,80,999,,3,1,0,0,0,,,,4,4,2,3,4,1,1,2,2,No no tengo,La verdad cuando voy de al mall chino atienden bien,0,1,0,0,2,1,1,1,1,0,0,0,0,0,0,,2,5,0,0,1,0,0,0,0,0,0,,2,3,3,4
adb34eb9-942b-41ad-a748-c6650ad41c62,625296264,1,14/10/2024 16:13,14/10/2024 16:26,814,end,complete,c88786c9da55d601,P5_5#1#value|P5_2#1#value|P5_1#1#value,3,1,25,co_0,3,5,15,343,6,98,3,5,2,Proveedor,Proveedor,Proveedor,Comida,Proveedor,1,100,1,100,999,,999,,1,100,1,0,1,1,1,AliExpress,Alibaba,SHEIN,3,3,1,4,2,2,1,1,1,De ves en cuando hablamos,Buena respetuosos,1,0,0,0,2,1,1,1,0,0,0,0,0,0,0,,2,4,0,0,0,1,0,0,0,1,0,,1,2,2,3
8fd7b180-645b-4bfe-b6c4-5652214f4f74,625069607,1,12/10/2024 15:13,12/10/2024 15:25,704,end,complete,c8c3d17933fac8f0,P5_1#1#value|P5_2#1#value,1,1,62,co_0,6,5,3,22,6,98,3,5,3,Comercio,Poder,libertad,Problemas,Comercio,1,50,1,60,999,,999,,999,,3,1,0,0,0,,,,3,3,1,3,2,2,2,2,2,ninguno,no las he tenido,0,0,0,1,2,1,1,1,0,0,0,0,0,0,0,,4,3,0,0,0,1,0,1,0,0,0,,3,3,4,3
c31bca8b-822b-49a1-b61e-90929548db8a,624693053,1,10/10/2024 15:47,10/10/2024 15:57,620,end,complete,c8cb8699adf44aba,P5_2#1#value|P5_5#1#value|P5_4#1#value|P5_3#1#value|P5_1#1#value,1,1,71,co_0,7,5,10,228,4,98,1,7,2,Comunistas,Patrón del mundo,Avasallados,Historia,Comunistas,1,5,1,100,1,5,1,15,1,20,2,0,1,1,1,Lenovo,AOC,Chery,5,3,1,4,2,2,2,2,1,En sus Mall.,"Sin contacto,sólo compras.",1,0,0,0,2,1,1,1,0,0,1,0,1,1,0,,1,4,0,0,1,1,0,0,0,0,0,,2,3,3,4
3da26168-bf7d-419e-b99b-eb67cc0ebb7e,624555229,1,09/10/2024 21:07,09/10/2024 21:19,749,end,complete,c8d94251373273c0,P5_3#1#value|P5_1#1#value|P5_5#1#value|P5_4#1#value|P5_2#1#value,3,2,21,co_0,2,5,7,112,7,98,3,5,1,Gran muralla,Consumismo,Nada,Torre eifel,Anime,1,60,1,60,1,60,1,60,1,60,1,1,0,0,0,,,,3,4,2,3,3,1,1,1,2,En una escuela en la que realice prácticas había una niña China,Malas,0,0,0,1,2,1,1,1,1,1,0,0,0,1,0,,2,3,1,0,0,1,0,0,0,0,0,,3,3,4,3
ca929678-f8fd-4b26-a892-f6886626f5c9,624926835,3,11/10/2024 16:57,11/10/2024 17:04,512,end,complete,c8f60012726f9287,P5_2#1#value|P5_4#1#value|P5_5#1#value|P5_3#1#value|P5_1#1#value,3,2,22,co_0,2,6,7,121,5,98,3,5,4,Importante,Distribuidor,Importante,Nada,Importante,1,100,1,50,1,100,1,100,1,100,3,1,0,0,0,,,,2,3,3,,3,2,2,1,3,Cuando voy a comprar,Buenas,1,0,0,0,2,3,2,,,,,,,,,,4,4,1,0,0,0,0,0,0,0,0,,3,2,3,3
7b20d218-93a9-4595-b3ac-9cec8635400e,625101323,1,12/10/2024 21:46,12/10/2024 21:55,506,end,complete,c969450468c8328a,P5_4#1#value,3,2,55,co_0,6,5,5,41,6,98,3,5,4,Viaje,Nación,Tecnologia,Viaje,Viaje,999,,999,,999,,1,60,999,,2,1,0,0,0,,,,4,3,3,,3,2,2,2,3,Por sus tiendas,Comprador vendedor,1,0,0,0,1,4,1,0,0,0,1,0,0,0,0,,4,2,0,0,0,0,1,0,0,1,0,,3,2,3,4
9cf9cd4c-af5f-449e-b5d3-bd9c2f131403,625509396,1,15/10/2024 16:14,15/10/2024 16:49,2086,end,complete,c9d5b63381611c04,P5_1#1#value|P5_3#1#value|P5_2#1#value|P5_5#1#value|P5_4#1#value,3,1,54,co_0,5,8,16,175,6,98,4,5,4,Exportador mundial de productos de mala calidad,Lo tengo en mi corazón,Un país de extrema izquierda muy negativo,Clasista malas personas no volvería ja más a visitarlo,Es lo más importante,1,1,1,100,1,0,1,0,1,100,3,0,1,1,1,Hisense anker Aire china,Xiaomi,Air china,1,4,1,3,5,1,2,1,4,A diario muy pueblo agricola y pequeño está pagado de mol chinos y .maquinas de casino  y se disputan el comercio entre ecuatorianos peruanos  Bolivianos colombianos haitianos y la plaga venezolana,Son mejores personas y muy trabajadores  Los compatriotas chilenos son flojos ladrones traficantes y políticos que sono mismo prefiero ser amigos de un chino definitivamente,1,1,1,0,2,3,1,1,1,1,1,1,1,1,0,,1,3,0,0,0,0,0,1,1,0,0,,99,1,2,3
ac9eea73-2b56-49fa-af8c-b18a44b21cea,624559624,1,09/10/2024 21:31,09/10/2024 21:43,673,end,complete,cab047714fd5382a,P4_3|P5_3#1#value|P5_4#1#value|P5_1#1#value|P5_2#1#value|P5_5#1#value,3,2,35,co_0,4,7,13,300,3,98,3,5,3,Dragones,Mcdonalds,Bts,Rio,Anime,1,80,1,0,1,40,1,30,1,70,1,0,1,1,1,Tata,Alibaba,Xiaomi,4,3,3,,3,1,1,1,4,2 amigos,Bastante agradable,0,0,0,1,2,4,1,1,1,0,0,0,0,1,0,,2,5,1,0,0,0,0,0,0,1,0,,99,99,3,5
da7f71ce-c8b6-4479-8404-87dddd35edfa,624997842,1,11/10/2024 23:35,11/10/2024 23:47,744,end,complete,caf5705a4b8c8ad4,P5_1#1#value|P5_4#1#value|P5_3#1#value|P5_2#1#value|P5_5#1#value,3,2,48,co_0,5,7,5,47,6,98,4,8,2,Milenaria,Yanquis,Tradición,Torre eiffel,Cultura,1,80,1,0,1,50,1,30,1,40,2,0,1,1,1,"Huawei, Samsung, kia, Toyota, xiaomi,",Huawei,Toyota,1,4,3,,5,1,1,1,4,Trabaje en un mall chino 2 años,Buenas y cordiales,1,0,0,0,2,4,2,,,,,,,,,,1,5,0,0,0,0,0,0,1,1,0,,1,99,1,5
93cd9fa8-6af9-41d8-bc07-a6f37288d242,625182718,7,13/10/2024 19:48,14/10/2024 0:08,1546,end,complete,cb40442c24a518c2,P5_3#1#value|P5_1#1#value|P5_2#1#value|P5_5#1#value|P5_4#1#value,1,1,62,co_0,6,7,7,125,5,98,4,9,2,comunista,poderoso,poderio comercial,libertad,cultura,1,20,1,80,1,80,1,90,1,80,1,0,1,1,1,Huawei,cge,geely,5,4,1,2,5,1,1,1,1,"no, tengo contacto",simple,0,0,1,0,2,1,1,1,1,1,0,1,1,1,0,,3,5,1,0,1,0,0,0,0,0,0,,99,3,4,2
c09c6ab1-a813-4ce3-93d5-6c857a40aa99,625198565,1,13/10/2024 23:45,14/10/2024 0:19,2097,end,complete,cbc0bcbd21354cd3,P5_4#1#value|P5_2#1#value,1,1,42,co_0,4,6,7,125,5,98,3,5,4,promovedor,potencia,nada,turismo,tecnologia,999,,1,60,999,,1,50,999,,3,0,1,1,1,huawei,xiaomi,sany group,2,1,1,3,2,1,1,2,2,solo en comercio,buenas,1,0,0,0,2,4,2,,,,,,,,,,2,4,0,0,0,0,0,0,1,0,0,,3,2,2,4
03ae5475-7e15-49a8-99df-f0056369ca7d,625364297,1,14/10/2024 21:53,14/10/2024 21:58,305,end,complete,cc45a31c7700b2b5,P4_4|P4_3|P4_5|P5_3#1#value|P5_4#1#value,3,1,30,co_0,3,5,16,181,6,6,2,8,3,Yes,Yes,Rt,Tr,Ry,999,,999,,1,50,1,59,999,,2,1,0,0,0,,,,4,2,2,4,3,1,2,1,2,Calidad,Calidad,1,1,0,0,1,2,1,0,1,1,1,0,1,0,0,,4,4,0,0,0,1,0,0,0,0,0,,2,2,2,4
19223530-0170-4046-b761-14a341adfe64,624563684,1,09/10/2024 21:56,09/10/2024 22:05,511,end,complete,cc5c046780b942f4,P5_1#1#value|P5_2#1#value|P5_4#1#value|P5_5#1#value|P5_3#1#value,3,2,39,co_0,4,8,13,301,2,98,2,5,1,Gigante,Tiroteos,Futuro,Comida,Futuro,1,10,1,50,1,70,1,70,1,70,1,0,1,1,1,"Xiaomi, Chevy, huawei",Chery,Huawei,2,2,1,3,3,1,1,1,3,Clientes,Principalmente buena,1,1,1,0,2,3,1,1,1,1,0,0,0,0,0,,1,4,0,0,0,0,0,1,0,1,0,,2,99,3,4
75dd1341-79a6-4915-b899-6d773e331ae2,625074697,1,12/10/2024 16:12,12/10/2024 16:21,519,end,complete,cc9111033f799c2c,P5_3#1#value|P5_2#1#value|P5_1#1#value|P5_4#1#value|P5_5#1#value,3,2,57,co_0,6,5,5,41,6,98,3,4,1,Productos que llegan,Bolsa,También traen mercadería,Torre eifel,Mercadería,1,100,1,90,1,40,1,50,1,70,1,1,0,0,0,,,,2,3,1,4,2,2,1,2,2,No tengo contacto,No conozco a nadie,0,1,0,0,2,3,2,,,,,,,,,,2,4,0,0,0,0,0,1,0,0,0,,2,2,4,4
9e07196e-1645-4877-8ec4-fdf327b453ab,625522893,1,15/10/2024 17:08,15/10/2024 17:16,493,end,complete,cf9327893945a155,P5_1#1#value|P5_2#1#value|P5_5#1#value|P5_4#1#value|P5_3#1#value|P6A#2#value,3,1,48,co_0,5,8,16,176,5,98,3,9,2,Comunistas,Trump,Las coreanas,La torre Eiffel,Tokyo drift,1,20,1,50,1,60,1,30,1,100,1,0,1,1,1,Byd,Changan,Greatwall,4,4,2,5,2,1,1,2,4,"Mall chino, hay 3 cerca",Malas,0,1,1,0,2,3,1,1,1,1,0,0,0,0,0,,3,4,1,0,0,0,1,0,0,0,0,,3,2,2,4
a24cdd3c-05bf-4120-b997-d6dec37e03bf,625230171,1,14/10/2024 8:53,14/10/2024 9:05,740,end,complete,cfa773245b7d7f44,P5_1#1#value|P5_5#1#value|P5_3#1#value|P5_4#1#value|P5_2#1#value,1,1,57,co_0,6,6,12,268,6,98,3,5,4,produccion,capitalismo,tecgnologia,turismo,trabajo,1,50,1,5,1,90,1,10,1,70,1,1,0,0,0,,,,3,3,3,,2,2,1,2,2,no conozco a nadie,sin  opinion,1,0,0,0,2,4,2,,,,,,,,,,4,4,0,0,1,1,0,0,0,0,0,,3,3,3,3
8b385fc3-8c80-4d30-a379-4a9d43131f97,625004942,1,12/10/2024 0:44,12/10/2024 1:20,2168,end,complete,d03332780b3dc2cd,P5_1#1#value|P5_4#1#value|P5_2#1#value,3,2,55,co_0,6,7,5,51,5,3,1,6,3,Ropa,Disney,Guerra,Torre eifel,No se,1,88,1,95,999,,1,66,999,,3,1,0,0,0,,,,3,3,1,3,3,1,1,1,4,Por mi trabajo,Normales,0,0,0,1,2,4,2,,,,,,,,,,2,5,0,0,0,0,0,1,1,0,0,,99,3,4,3
dc18125a-eeae-42a0-a56d-3847b4ea2588,624762738,1,10/10/2024 20:47,10/10/2024 20:53,363,end,complete,d06483b5922648bc,P5_1#1#value|P5_5#1#value|P5_2#1#value|P5_4#1#value,3,2,24,co_0,2,8,10,228,4,98,3,5,1,Shein y Ali express,Capitalismo,Nada,"Baggete, torre eiffel",K drama y kpop,1,70,1,59,999,,1,90,1,80,1,0,1,1,1,Ali express,Shein,Temu,3,3,2,4,3,1,2,2,1,En los mall chinos,"Indiferente, solo la interacción de la compra en la caja del mall chino",0,1,0,0,2,1,1,1,1,0,0,0,0,0,0,,3,4,0,0,0,1,0,1,0,0,0,,3,3,4,4
a43baa43-476d-42ed-a8b0-e0feff32d3ea,625060442,1,12/10/2024 13:40,12/10/2024 13:48,497,end,complete,d09db0c6d722a867,P5_2#1#value,3,2,57,co_0,6,7,10,228,6,3,4,5,1,Orden,Desorden,Restricción,Elit,Tecnología,999,,1,20,999,,999,,999,,3,1,0,0,0,,,,3,3,1,1,4,1,2,1,3,Amistad y conocidos,Buenas,0,0,0,1,2,1,1,1,1,1,1,1,1,1,0,,4,3,0,0,1,0,1,0,0,0,0,,3,99,3,2
940aa6d1-9e35-4697-8156-58dc2adf478e,624988796,1,11/10/2024 22:25,11/10/2024 22:36,662,end,complete,d0a55939a4fddf39,P5_5#1#value|P5_2#1#value|P5_3#1#value|P5_4#1#value|P5_1#1#value,3,1,36,co_0,4,6,5,48,6,7,3,5,2,Tecnologia,Dinero,Agricultura,Moda,Automoviles,1,100,1,100,1,50,1,50,1,100,1,1,0,0,0,,,,1,3,1,5,2,1,1,2,1,Atención,Buena,1,0,0,0,2,2,1,0,0,0,0,0,1,0,0,,2,5,0,0,0,0,0,1,0,1,0,,2,1,2,5
9fcf9542-5ebc-41e7-ade5-64e398af252d,624714324,1,10/10/2024 17:13,10/10/2024 17:22,521,end,complete,d0bbb585c6b9dab5,P5_4#1#value|P5_2#1#value|P5_3#1#value|P5_5#1#value|P5_1#1#value,3,1,65,co_0,7,5,16,188,5,7,1,3,1,Bodega proveedora de articulos de consumo,Poder militar,Avion k21,Huertos y granjas familiares,Inteligencia artificial,1,50,1,70,1,85,1,50,1,100,1,1,0,0,0,,,,4,4,1,3,3,1,2,1,4,Solo vecinos de barrio. Son poco comunicativos. Viven en su mundo,Buena,1,1,1,0,1,2,1,0,0,0,0,1,0,1,0,,3,5,1,0,0,0,0,1,0,0,0,,99,2,4,3
f60c7273-e443-497f-ab16-53b2423d7421,625001635,1,12/10/2024 0:12,12/10/2024 0:40,1728,end,complete,d11f90c1a686f363,P5_1#1#value|P5_4#1#value|P5_5#1#value|P5_2#1#value,3,2,50,co_0,5,6,16,185,6,98,3,3,1,Compras,Didyy,Terror,Torre osbel,Bomba de hirochima,1,50,1,50,999,,1,60,1,60,3,0,1,1,1,"Skechers,",Sanjon,Maruchan,2,3,2,4,5,2,2,2,3,Mall chinos,Buenas,1,1,0,0,2,2,1,1,1,1,0,1,0,0,0,,4,4,0,0,1,0,0,1,0,0,0,,2,3,3,2
8149b175-67a6-45b5-a4c9-d35dfc95137f,624560025,1,09/10/2024 21:34,09/10/2024 21:40,387,end,complete,d2141657b06a6597,P5_3#1#value|P5_4#1#value|P5_5#1#value|P5_1#1#value|P5_2#1#value,3,1,83,co_0,7,5,13,288,4,3,3,5,1,Comida,Capitalismo,Series,Torre eifel,Anime,1,80,1,80,1,90,1,90,1,95,1,1,0,0,0,,,,2,2,2,3,2,1,1,1,2,Comercio,Normales,1,1,1,0,2,3,1,1,0,0,0,0,0,1,0,,2,5,0,0,0,0,0,1,1,0,0,,1,1,4,3
659911fe-dd8a-4eb6-9cad-7c105921fa72,625006318,1,12/10/2024 0:58,12/10/2024 1:06,469,end,complete,d23027fa791acbab,P5_5#1#value|P5_2#1#value|P5_1#1#value|P5_3#1#value,3,2,36,co_0,4,5,5,41,5,98,2,5,2,Comida,buen vivir,Tecnología,Torre Eiffel,Tecnología,1,100,1,100,1,100,999,,1,100,2,0,1,1,1,Aliexpress,Shein,Temu,3,1,1,5,3,1,1,2,4,Solo cuando voy a comprar,Buenas,0,1,0,0,2,4,1,0,0,1,0,0,0,0,0,,1,5,0,0,0,1,0,0,0,0,0,,2,3,3,4
aca0f182-f251-4d66-986b-b18094c6834c,625079495,1,12/10/2024 17:06,12/10/2024 17:13,445,end,complete,d27d7a16f3bda62d,P5_1#1#value,3,2,30,co_0,3,7,7,119,7,98,3,5,1,Productos,Dinero,Comida,Cultura,Series,1,80,999,,999,,999,,999,,1,1,0,0,0,,,,3,3,1,4,3,1,1,2,2,No tengo contacto,No tengo interacción,1,1,0,0,2,1,1,0,0,0,0,1,0,0,0,,3,3,0,0,0,0,0,0,1,1,0,,2,2,4,3
23d4c09c-bfde-4926-8751-c19ac1b38ca5,624968073,1,11/10/2024 20:21,11/10/2024 20:29,500,end,complete,d2a7d58343a7d534,P5_4#1#value|P5_1#1#value|P5_2#1#value|P5_5#1#value|P5_3#1#value,3,2,44,co_0,4,5,5,42,6,98,3,4,1,Negocios,Potencia mundial,No se,La torre eiffel,Modernidad,1,90,1,90,1,10,1,90,1,90,1,1,0,0,0,,,,2,1,1,4,3,1,1,2,2,Malla chino,Buena,0,1,0,0,1,4,2,,,,,,,,,,1,2,0,0,0,0,0,0,1,1,0,,2,3,3,5
7e0db1f8-e1ac-4424-8533-08f5bfafe1e6,624560867,1,09/10/2024 21:39,09/10/2024 21:54,875,end,complete,d2dc402cc58679a6,P5_2#1#value|P5_5#1#value|P5_4#1#value|P5_1#1#value|P5_3#1#value|P6A#3#value,3,2,33,co_0,3,8,13,288,4,9,3,4,1,Productos chinos,Huracanes politica,Conflictos,Himno de Francia,Terremotos,1,50,1,60,1,40,1,70,1,70,1,0,1,1,1,Samsung,Mg,Jack,2,3,3,,4,1,1,2,1,Comprando comida en restaurant y productos en los mall,Buena,0,1,0,0,2,3,1,0,0,0,0,1,1,0,0,,1,4,0,0,0,0,0,1,0,1,0,,3,3,4,2
5059cd37-0387-476d-89cb-3b39b67d9abc,625003685,1,12/10/2024 0:31,12/10/2024 0:51,1199,end,complete,d2fd95a3821f190c,P5_5#1#value|P5_1#1#value|P5_4#1#value|P5_2#1#value,3,2,57,co_0,6,5,5,49,5,98,1,6,3,Futuro,Progreso,Avance,Seguridad,Tecnología,1,90,1,90,999,,1,100,1,90,1,1,0,0,0,,,,3,1,3,,3,2,2,2,2,En los mall chinos,Casi nulas,0,0,0,1,2,1,1,0,1,0,0,0,0,0,0,,2,4,0,0,0,0,0,1,0,1,0,,2,3,3,4
98f95bcb-faa2-4dfb-bca2-3267a63589bf,624561559,1,09/10/2024 21:43,09/10/2024 21:53,558,end,complete,d3c0c405107af508,P5_1#1#value|P5_2#1#value|P5_4#1#value|P5_3#1#value|P5_5#1#value,3,2,56,co_0,6,7,13,302,3,98,3,6,1,Muchos,Trump,Kpop,Vino,Isla,1,30,1,50,1,30,1,50,1,60,1,1,0,0,0,,,,4,3,1,5,4,1,1,1,1,Restaurante,Escasas,1,0,0,0,2,3,1,0,1,0,0,0,0,0,0,,4,5,0,0,0,1,0,0,0,0,0,,2,3,4,3
f12e40bd-753d-4951-8cf4-17a9515be9bb,624708389,4,10/10/2024 16:46,19/10/2024 11:14,824,end,complete,d471a179a74bd1c8,P5_2#1#value|P5_5#1#value|P5_4#1#value|P5_1#1#value|P5_3#1#value,3,1,67,co_0,7,8,8,155,4,98,4,5,1,Mucha gente,Gran pais,Vehiculos,"Cultura, historia",Tradiciones milenarias,1,70,1,80,1,70,1,90,1,90,1,0,1,1,1,Great wall motors,Lifan,Ghangan,2,4,1,4,3,1,2,2,2,Ningun contacto,Comercio,0,0,0,1,2,1,1,1,0,1,0,0,0,0,0,,1,4,0,0,0,0,0,0,0,0,1,"Mayor variedad de productos, no siempre de buena calidad, falta control sobre las condiciones de los empleados en las fábricas",3,2,4,3
e125d56f-a0bc-4955-8721-d93f77ede7a4,624564310,1,09/10/2024 22:00,09/10/2024 22:20,1229,end,complete,d47f6add1064ad89,P5_2#1#value|P5_3#1#value|P5_5#1#value|P5_1#1#value|P5_4#1#value,3,2,56,co_0,6,7,13,311,4,98,3,5,1,Respeto por los ancianos,Potencia mundial,Tecnologia,Elegancia,Bandera,1,100,1,70,1,70,1,100,1,70,1,0,1,1,1,Maxus,No se,No se,2,3,1,1,2,2,2,2,4,"All chino, barrio meiggs, restaurant chino,",Cordial aveces,0,1,0,0,2,3,1,1,1,1,0,0,0,0,0,,3,4,0,0,0,0,0,0,1,1,0,,2,2,4,3
3cfcf8ea-2e91-4753-ab97-b285503939f4,625329017,1,14/10/2024 18:38,14/10/2024 18:49,635,end,complete,d4c27d30f6dcaaf0,P5_4#1#value|P5_5#1#value|P5_3#1#value|P5_1#1#value|P5_2#1#value,1,1,54,co_0,5,8,12,268,7,6,4,1,1,MALOS,ASESINOS,YANKYS,PLASTIFICADO,SEÑORES,1,100,1,0,1,1,1,100,1,100,1,0,1,1,1,CHIN LUZ,CHIN AGUA,CHIN GAS,5,4,1,5,1,1,1,1,4,EN EL TRABAJO,EXCELENTES,1,1,1,0,1,4,1,1,1,1,1,1,1,1,0,,3,1,0,1,0,0,0,0,0,0,0,,99,99,1,5
3d95b5ab-ed07-4aec-8cac-da4330cc7000,624773529,1,10/10/2024 21:43,10/10/2024 21:58,868,end,complete,d4d92b0379f2a3c0,P5_3#1#value|P5_4#1#value|P5_5#1#value|P5_2#1#value,1,1,75,co_0,7,7,13,279,4,98,3,7,2,Turismo Muralla chin a,Vacaciones de compras,Inversiones Financieras,"Ciudad del Amor, Cenar","Autos Suzuki., Honda",999,,1,90,1,80,1,90,1,80,1,0,1,1,1,Huawei,Xiomi,Jac,4,3,1,4,2,1,1,1,2,"Cuando estaba activo, trataba con personas chinas por trabajo de la empresa.","Excelente, muy amenos, pero hay que considerar que eran personas mayores.",1,1,1,0,2,3,2,,,,,,,,,,3,5,0,0,0,1,0,1,0,0,0,,2,1,4,2
f2fdde44-2a4c-4c2a-b084-d032b74e9a6a,624777315,1,10/10/2024 22:05,10/10/2024 23:55,6607,end,complete,d543f6155d130563,P5_2#1#value|P5_3#1#value|P5_5#1#value,3,2,67,co_0,7,9,1,1,4,8,3,5,3,Grandes dinastias,Falsos,Pobrecitos,Ricas cenas,Gran imperio,999,,1,1,1,0,999,,1,10,3,1,0,0,0,,,,2,3,2,5,3,2,2,1,2,Familiar,Excelente,0,0,0,1,2,1,2,,,,,,,,,,3,3,1,0,0,0,0,0,1,0,0,,2,99,3,4
6afa9224-9b67-4cb8-9da7-4b1b9c41ffb8,625513917,1,15/10/2024 16:32,15/10/2024 16:39,395,end,complete,d566f0d7f8dbcd0a,P5_5#1#value|P5_2#1#value|P5_4#1#value|P5_3#1#value|P5_1#1#value,3,1,38,co_0,4,7,2,8,4,98,2,5,4,Potencia,Oportunidad,Armamento,Turismo,Manufacturador,1,90,1,100,1,70,1,100,1,80,1,0,1,1,1,Pilco,Yamaha,Xiaomi,3,3,1,5,3,1,1,2,4,En el. Mall y restaurante,Comprador,1,1,0,0,1,3,1,0,1,1,0,0,0,0,0,,4,5,0,0,0,1,0,1,0,0,0,,2,1,4,3
8ea2ea14-73cb-4f0e-af54-e3fb47ed8eef,624974760,1,11/10/2024 21:01,11/10/2024 21:11,592,end,complete,d65ad236739370f6,P5_2#1#value,3,2,48,co_0,5,4,5,41,6,98,3,5,4,Nose,Disney,No se,Torre eisffel,No se,999,,1,100,999,,999,,999,,1,1,0,0,0,,,,3,3,1,3,3,2,2,2,3,Nose y me interesa,Nunca he tenido,1,0,0,0,2,2,1,0,0,1,0,0,0,0,0,,1,4,0,0,0,0,0,0,0,1,0,,2,3,4,4
9514811c-020d-4280-95b6-bd5f9319ee39,625360895,3,14/10/2024 21:30,14/10/2024 21:35,279,end,complete,d81f575a6fc6aa2b,P5_3#1#value,1,1,40,co_0,4,7,3,17,5,1,2,5,2,china,torres gemelas,kadorama,paris,chinos,999,,999,,1,50,999,,999,,3,1,0,0,0,,,,3,2,1,3,3,2,2,2,2,comida china,normal,0,0,0,1,2,4,1,0,0,0,0,0,1,0,0,,2,3,0,0,0,0,0,0,0,1,0,,2,2,4,3
4b9f6444-5136-44a3-b5f1-0484ddd3c609,625149227,1,13/10/2024 12:48,13/10/2024 12:57,534,end,complete,d992c52d6167c04c,P5_1#1#value|P5_4#1#value|P5_2#1#value|P5_5#1#value,3,1,43,co_0,4,6,7,128,5,98,3,10,2,Tecnología,Guerra,Nada,Euro,Evolucion,1,100,1,80,999,,1,70,1,70,1,0,1,1,1,Changan,Chery,Great wall,2,3,2,4,2,2,2,2,2,Cuando voy al mall chino,Normal,1,0,0,0,2,2,1,0,1,0,0,0,0,0,0,,1,4,0,0,1,0,0,0,0,0,0,,2,2,4,3
f67f67f0-3ede-4663-a4bc-4b1c8009a55c,624560291,1,09/10/2024 21:36,09/10/2024 21:43,469,end,complete,d9d3cc12b84c090f,P5_5#1#value|P5_3#1#value|P5_4#1#value|P5_1#1#value|P5_2#1#value|P6A#4#value,1,1,64,co_0,6,7,13,297,2,98,2,10,2,Negocios,Oportunidad,Avances,Comida,Tecnologia,1,100,1,100,1,100,1,100,1,100,1,0,1,1,1,Changan,Habei,BYD,3,3,1,2,1,1,1,1,3,Les he comprado algunos insumos y les he vendido algunas cosas que fabrico.,"Buenas, sin problemas hasta ahora.",1,0,0,0,2,4,1,1,1,1,0,0,0,0,0,,3,5,0,0,1,0,0,1,0,0,0,,2,2,4,4
c612de3d-a240-4c08-b6f6-d907ff983f1d,625382804,2,15/10/2024 0:08,16/10/2024 17:02,1067,end,complete,d9d6f4b62394611f,P5_3#1#value|P5_1#1#value|P5_4#1#value|P5_5#1#value,3,1,41,co_0,4,3,6,83,6,98,3,5,4,Exportación narata,Potencia,Nada,Turismo,Potencia,1,50,999,,1,20,1,10,1,20,3,1,0,0,0,,,,2,1,1,3,3,1,2,2,3,Solo en tienda de mi comuna,Bien un poco indiferente,0,0,0,1,2,3,1,1,0,1,0,0,0,1,0,,3,2,0,0,0,0,0,1,1,0,0,,99,99,3,4
cb5cfb87-de87-472a-a72e-b9e3efaaee6b,624739099,1,10/10/2024 18:56,10/10/2024 19:18,1301,end,complete,da004903dac4d153,P5_4#1#value|P5_2#1#value|P5_1#1#value|P5_5#1#value|P5_3#1#value,1,1,68,co_0,7,8,7,125,2,98,1,6,2,Pujante,Libertad,Libertinaje,Jolgorio,Educación,1,65,1,80,1,45,1,70,1,90,1,0,1,1,1,CGE,Aliexpress,Minmetals,4,4,2,4,3,2,2,2,3,En ningún contexto o nexo.,Los que ubico son personas de Korea.,0,1,1,0,2,1,1,1,0,1,0,1,1,1,0,,3,5,1,0,1,0,0,0,0,0,0,,3,2,4,2
743db50a-8e2b-474a-91c7-7524ec28fe34,624766311,1,10/10/2024 21:05,10/10/2024 21:21,984,end,complete,da238644033b9185,P5_5#1#value|P5_2#1#value|P5_1#1#value|P5_4#1#value,1,2,74,co_0,7,8,9,196,3,98,4,8,3,muralla china,joe baiden,tradiciones,torre eifel,electronica,1,60,1,80,999,,1,40,1,50,1,0,1,1,1,Huawei,Xiaomi,Alibaba,3,4,2,4,3,1,1,2,2,Cuando voy a un mall chino,Amables,0,1,1,0,2,2,1,1,0,0,0,0,0,0,0,,4,4,1,0,0,0,0,0,1,0,0,,2,2,4,3
7d2b9929-a3a5-49bd-a038-5c53a2c64402,624700537,1,10/10/2024 16:16,10/10/2024 16:27,701,end,complete,da67363b69299fd5,P5_4#1#value|P5_2#1#value|P5_3#1#value|P5_1#1#value|P5_5#1#value,3,1,23,co_0,2,8,9,196,2,1,1,2,1,Inversion,Inversion,Inversion,Cultura,Inversion,1,50,1,50,1,50,1,50,1,50,2,0,1,1,1,Huawei,Xiaomi,Lenovo,5,4,3,,4,1,1,1,4,En la empresa donde trabajo,Relativamente malas son personas desagradables,1,0,0,0,2,2,1,1,1,1,0,0,1,1,0,,2,1,1,1,0,0,0,0,0,0,0,,99,99,3,1
e6c7c0ac-6021-4267-b159-decf91b47e33,625173593,1,13/10/2024 17:39,13/10/2024 17:50,642,end,complete,da7cd055214168a0,P5_2#1#value|P5_5#1#value|P5_3#1#value|P5_4#1#value|P5_1#1#value,3,1,25,co_0,3,5,7,120,6,98,2,10,2,Futuro,Potencia,Malos,Elegancia,Acquitectura,1,80,1,90,1,0,1,80,1,100,1,1,0,0,0,,,,3,3,2,5,3,2,2,2,4,No tengo contacto,Cuando voy al mall chino ellos me atienden,1,0,0,0,2,4,1,0,0,1,0,0,0,0,0,,4,5,0,0,0,0,0,0,1,1,0,,2,2,1,5
3f465106-6fb2-4e79-b6e5-0a4ae4f68fd9,625333759,1,14/10/2024 19:03,14/10/2024 19:30,1640,end,complete,daa72f35817b4b95,P5_1#1#value|P5_2#1#value|P5_4#1#value|P5_5#1#value,3,1,56,co_0,6,7,6,79,6,98,1,5,3,Tecnología,País atractivo,País a conocer,Turismo,Tecnología,1,80,1,90,999,,1,90,1,90,1,1,0,0,0,,,,3,2,3,,3,1,2,2,4,Ninguna ya que no tengo conocimiento en eso.,Normal,1,1,0,0,2,2,2,,,,,,,,,,1,4,0,0,0,0,0,1,1,0,0,,2,2,4,3
6e014aa8-f317-40e0-a676-09ac79752109,624555626,1,09/10/2024 21:08,09/10/2024 21:14,370,end,complete,db038b619c93d190,P5_3#1#value|P5_5#1#value|P5_2#1#value|P5_1#1#value|P5_4#1#value,1,1,30,co_0,3,8,12,277,4,8,3,4,1,poder mundial,asesinos,k-pop,croissant,anime,1,90,1,10,1,80,1,70,1,90,1,1,0,0,0,,,,2,1,2,4,3,2,1,2,4,"generalmente en comercio, malls o restaurantes",bastante breves y respetuosas,1,0,0,0,2,2,1,1,1,1,0,0,0,1,0,,3,4,1,0,1,0,0,0,0,0,0,,2,3,4,4
60da4125-9890-4da3-bab7-06b1b75b7692,624725369,1,10/10/2024 17:56,10/10/2024 18:19,1398,end,complete,db5f5022a9d410d2,P5_5#1#value|P5_4#1#value|P6A#4#value,3,2,70,co_0,7,7,14,331,2,98,1,6,4,La gran muralla,La  Estatua de la Libertad,Conflictos,La Torre Eiffel,Turismo,999,,999,,999,,1,80,1,70,2,0,1,1,1,"Nokia,Daiwwo,LG",DAWWO,Lg,2,3,1,3,3,2,2,1,3,En reuniones sociales.,"Sin problemas, nos hemos podido comunicar, además  no tengo problemas para interactuar con las personas.",0,1,1,0,2,3,1,0,1,1,0,1,0,1,0,,3,4,0,0,1,0,0,1,0,0,0,,2,3,3,3
6cd3eb11-9150-40da-ade6-edb90fe1ca5a,625083830,2,12/10/2024 17:56,12/10/2024 18:08,692,end,complete,db68fbd061d969c5,P5_2#1#value,3,1,37,co_0,4,5,10,238,6,98,3,5,3,País de comercio barato,Disney,Comida,Perfumes,Comida,999,,1,50,999,,999,,999,,3,0,1,1,1,Dongfeng,Chery,Faw,3,3,1,5,3,1,1,2,2,No tengo contactos con personas Chinas,En el comercio relativamente normal,1,1,0,0,2,2,1,0,0,0,0,0,0,0,1,Nose,3,3,0,0,1,0,0,0,0,0,0,,2,2,3,3
17278b2d-e1df-427c-9bd9-291ed7863a96,625309487,1,14/10/2024 17:05,14/10/2024 17:13,479,end,complete,dbfc6218ac388ad2,P5_2#1#value|P5_1#1#value,3,1,39,co_0,4,4,11,266,5,6,2,4,1,No se,Yes,No se,Ulala,Arigato,1,90,1,100,999,,999,,999,,1,1,0,0,0,,,,3,2,1,3,3,2,2,2,2,Solo en los mall chinos,Malas,0,0,0,1,2,2,1,0,1,0,0,0,0,0,0,,4,4,0,0,0,1,0,1,0,0,0,,3,1,2,3
433a51e6-06f4-4b07-a2fb-7c73a7d16885,624926726,1,11/10/2024 16:57,11/10/2024 17:02,331,end,complete,dc468bb3859d7660,P5_5#1#value|P5_1#1#value|P5_3#1#value|P5_2#1#value,3,2,23,co_0,2,5,5,47,7,98,1,10,3,Nosé,Trump,Nose,Nose,Nosé,1,100,1,100,1,100,999,,1,100,2,1,0,0,0,,,,5,4,1,5,1,1,1,2,4,Ninguna,Muy pocas,1,1,0,0,1,2,1,0,0,0,0,0,1,0,0,,1,5,0,0,0,0,0,0,0,1,0,,3,2,3,5
65964853-51dd-4465-b74b-530d815dff6a,625118333,1,13/10/2024 2:48,13/10/2024 2:56,458,end,complete,dc9f39026a020488,P5_1#1#value,3,1,33,co_0,3,4,7,112,6,98,1,5,3,King fu,Genosidas,Kapop,2do,Anime,1,100,999,,999,,999,,999,,1,1,0,0,0,,,,2,1,3,,3,1,1,1,1,Compro en sus mall,Excelente,0,0,0,1,2,4,2,,,,,,,,,,2,3,0,0,0,0,0,1,0,0,0,,1,99,1,5
d05017ba-6f56-4370-ba74-85613186ae9b,625115018,1,13/10/2024 1:39,13/10/2024 1:46,377,end,complete,dcfb8723229b721f,P5_2#1#value|P5_3#1#value|P5_1#1#value,3,1,60,co_0,6,7,15,343,6,9,3,6,2,Productos,Dolar,Guerra nuclear,Torre eifel,Socios,1,100,1,60,1,80,999,,999,,1,1,0,0,0,,,,3,1,1,5,1,2,2,2,4,Visita mall chino,Buena,0,0,0,1,2,1,1,1,0,0,0,1,0,1,0,,1,5,0,0,0,0,0,1,0,0,0,,2,3,3,4
ef3a0430-91cb-402b-8316-e0fb755519e5,624967382,1,11/10/2024 20:16,11/10/2024 20:26,586,end,complete,dd1129b5975a63b1,P5_2#1#value|P5_5#1#value|P5_3#1#value|P5_1#1#value|P5_4#1#value,3,2,33,co_0,3,8,5,49,6,98,3,5,1,Potencia,Guerra,Terroristas,Torre eiffel,Terremotos,1,40,1,70,1,30,1,80,1,50,1,1,0,0,0,,,,3,3,1,1,2,2,2,2,2,Cuando voy a comprar en tiendas chinas,Buena,0,0,0,1,2,3,1,0,0,0,0,1,0,0,0,,2,2,0,0,0,0,0,1,0,0,0,,2,3,3,4
5b82d71a-0900-4942-8d56-b44750e1d3b0,625520323,1,15/10/2024 16:58,15/10/2024 17:05,444,end,complete,dd184bcab613dc88,P5_1#1#value|P5_2#1#value,3,1,44,co_0,4,5,16,179,5,98,1,5,1,Potencia mundial en invercion,Potencia mundial,Guerra,Viaje,Sismico,1,100,1,100,999,,999,,999,,1,1,0,0,0,,,,1,1,2,5,2,1,1,2,2,No tengo ninguna conecion,Buena atencion,1,0,0,0,2,3,2,,,,,,,,,,2,5,0,0,0,0,0,0,1,0,0,,1,1,4,4
edf4c93c-d58a-4544-8b2b-2347ea72ee96,624782254,1,10/10/2024 22:36,10/10/2024 22:48,712,end,complete,dd6496abf1949996,P5_5#1#value|P5_4#1#value|P5_2#1#value,1,1,73,co_0,7,9,8,149,4,98,4,7,3,Comunistas desarrollados,Pais desarrollado,Dictador Kim,Torre eifel,"Desarrollo economico, ytecnologico",999,,1,100,999,,1,100,1,100,2,1,0,0,0,,,,4,4,1,4,2,2,2,2,1,Solo cuando compro en el Mall Chino,Normales,0,1,0,0,2,1,1,1,1,1,0,0,0,0,0,,3,4,0,0,0,0,1,0,1,0,0,,3,2,4,2
82de11e6-0eb5-4ec1-960e-190a4bb76058,625280429,2,14/10/2024 15:06,14/10/2024 16:11,669,end,complete,dd804117bf885b29,P5_2#1#value,3,1,42,co_0,4,5,2,8,5,5,3,10,3,Tecnología,Tegnologia,Tegnologia,La torre Eiffel,Tegnologia,999,,1,100,999,,999,,999,,1,1,0,0,0,,,,4,3,3,,3,1,1,2,4,No lo se,Normal,0,0,0,1,2,4,1,0,1,0,0,0,1,0,0,,3,3,0,1,0,0,0,1,0,0,0,,1,3,2,3
4f9fd3b6-c489-4508-82af-5136e7abdff4,625092276,1,12/10/2024 19:44,12/10/2024 19:52,458,end,complete,dd99bd93d56530b0,P5_5#1#value|P5_2#1#value|P5_3#1#value|P5_1#1#value|P5_4#1#value,3,1,26,co_0,3,5,1,1,6,98,3,10,3,Curiosidad,Sueño,Fantasía,Subcampeón,Gusto,1,91,1,100,1,90,1,60,1,89,2,1,0,0,0,,,,3,3,2,3,3,1,1,2,3,Cuando voy a comprar al chino,Normal,1,0,0,0,2,1,2,,,,,,,,,,1,5,0,0,0,0,0,0,1,0,0,,2,1,2,3
e3b89701-cb3a-4dd8-8f6d-7567647720d7,626191359,1,18/10/2024 18:15,18/10/2024 18:43,1656,end,complete,dd9f0abb61686462,P5_2#1#value|P5_1#1#value|P5_4#1#value|P5_5#1#value,1,1,67,co_0,7,7,16,175,4,98,1,5,3,abre camino,potencia,busca la paz con vecino,cultura,tradicion,1,80,1,100,999,,1,90,1,95,2,1,0,0,0,,,,4,4,1,5,3,1,1,2,2,en los mall chinos,agradable,1,0,0,0,2,3,2,,,,,,,,,,2,5,0,0,0,1,0,0,0,0,0,,2,1,4,3
34adfb7b-5e8e-477e-8d4c-aad01da961e3,624561101,1,09/10/2024 21:41,09/10/2024 21:47,362,end,complete,dddb723369bf1004,P4_1|P5_5#1#value|P5_1#1#value|P5_2#1#value|P5_4#1#value|P5_3#1#value,3,1,54,co_0,5,7,8,153,4,98,4,5,4,Tv,Macdonald,Con dictadura,Torre eifeel,Sushi,1,50,1,70,1,10,1,90,1,50,3,0,1,1,1,Samsung,Kioto,Mitsubishi,2,2,1,5,3,1,2,1,2,Compra de productos,Buena,1,1,0,0,2,1,2,,,,,,,,,,1,5,0,0,0,0,0,0,1,1,0,,1,2,4,4
057b2515-8c06-4bc9-bcfe-9550f498d794,625000962,1,12/10/2024 0:04,12/10/2024 0:21,970,end,complete,df431680d2b1b3fd,P5_5#1#value|P5_2#1#value|P5_4#1#value|P5_1#1#value|P5_3#1#value,1,1,64,co_0,6,8,6,93,5,98,3,3,1,orden,guerra,pantalones,arte,progreso,1,80,1,10,1,50,1,100,1,70,1,0,1,1,1,Aliexpress,Huawei,lenovo,2,2,1,2,1,1,1,1,2,En el mundo laboral y en locales comerciales,Sin mayores problemas,1,0,0,0,2,1,1,0,1,1,0,0,0,0,0,,2,5,0,0,0,0,0,1,0,0,0,,2,99,4,5
8a90e539-e314-4107-bd4a-28d5ad7b3e6b,624926805,1,11/10/2024 16:57,11/10/2024 17:03,363,end,complete,df52171cc799ab83,P5_4#1#value|P5_5#1#value|P5_1#1#value|P5_3#1#value|P5_2#1#value,3,2,22,co_0,2,6,6,86,5,98,3,5,1,Producción,Dr Pepoer,Kpop,Torre Eifel,Anime,1,100,1,80,1,100,1,100,1,100,1,1,0,0,0,,,,3,3,3,,3,1,2,2,3,En ningún contexto,No he tenido interacciones con personas chinas,0,0,0,1,2,2,1,0,0,0,0,0,0,1,0,,4,4,0,1,0,0,0,0,0,0,0,,3,2,2,3
75b67744-93a2-4d91-a0c3-192f517e9742,624554467,1,09/10/2024 21:02,09/10/2024 21:07,345,end,complete,df5bac541a90b411,P5_5#1#value,3,2,31,co_0,3,5,13,302,5,98,4,5,1,Jackie chan,Huracan,Mej,Pariz,Naruto,999,,999,,999,,999,,1,100,3,1,0,0,0,,,,3,4,2,3,3,1,1,2,2,Nada de nada,Compras,0,1,0,0,2,3,1,1,0,0,0,1,0,0,0,,1,4,0,1,0,0,0,0,0,0,0,,2,2,4,3
67e4f0fa-a775-42ff-9c6e-a710cbcdd8b6,624686828,1,10/10/2024 15:19,10/10/2024 15:25,343,end,complete,f02fb3494357c15d,P5_2#1#value|P5_4#1#value|P5_3#1#value|P5_1#1#value|P5_5#1#value,3,1,31,co_0,3,9,9,196,2,8,3,6,2,Tecnología,Liderazgo,Poder,Aromas,Calidad,1,30,1,60,1,20,1,70,1,80,2,1,0,0,0,,,,3,3,2,5,2,2,2,2,4,Locales comerciales con productos chinos y dueños chinos,Bajas,0,0,0,1,2,1,1,0,0,1,0,0,0,0,0,,3,4,0,0,1,0,0,0,0,0,0,,3,2,2,3
158fbc88-a0dd-4fc5-8c99-719f1b8d107e,625994335,1,17/10/2024 19:45,17/10/2024 19:56,675,end,complete,f170c0027a7272cb,P5_5#1#value|P5_1#1#value|P5_2#1#value|P5_3#1#value|P5_4#1#value,3,1,51,co_0,5,8,1,1,1,4,3,4,1,Millones,Yanqui,Kei pop,Torre,Tecnología,1,80,1,90,1,80,1,70,1,80,3,0,1,1,1,Changan,Jac,Toyota,2,3,2,5,4,2,1,1,4,"Amigos del colegio, trabajo y en otras actividades","Normal sin problemas, son muy livianos",0,0,0,1,2,2,2,,,,,,,,,,1,5,0,0,0,0,0,0,1,1,0,,1,3,1,5
081de3c1-d45b-4768-8470-4cb82a7da503,625058337,1,12/10/2024 13:19,12/10/2024 13:33,882,end,complete,f2df4a8491cb3dbd,P5_5#1#value|P5_2#1#value|P5_1#1#value|P5_4#1#value,1,2,61,co_0,6,5,5,71,6,98,1,4,1,comercio,potencia mundial,guerra,descanso,tegnologia,1,50,1,50,999,,1,60,1,50,3,1,0,0,0,,,,2,3,1,3,4,2,2,2,4,no tengo  ningun contacto,indiferentes,0,0,0,1,2,2,1,1,0,0,0,0,0,0,0,,4,2,0,0,1,0,1,0,0,0,0,,3,3,4,4
6856f6f0-f6bb-4b2e-a6cf-9e5d71c518d4,624698058,1,10/10/2024 16:07,10/10/2024 16:16,521,end,complete,f36898c50cc53a97,P5_3#1#value|P5_5#1#value|P5_2#1#value|P5_4#1#value|P5_1#1#value,1,1,67,co_0,7,9,1,1,3,1,2,6,2,Competencia,Oportunidades,Desarrollo,Decadencia,Tecnología,1,20,1,100,1,100,1,40,1,100,1,0,1,1,1,Geely,Greatwall,no,1,3,2,5,5,1,1,1,3,"Compañeros de colegio, compañeros de universidad, amigos, proveedores.",muy buenas.,1,1,1,0,2,3,1,1,0,0,0,1,0,0,1,Seguridad y datos,2,5,0,0,0,1,0,1,0,0,0,,3,1,2,5
109a9ac2-857b-4ffc-9983-a44052a29901,624776512,1,10/10/2024 22:00,10/10/2024 22:08,510,end,complete,f37f27c87789cddb,P5_4#1#value|P5_2#1#value|P5_1#1#value|P5_3#1#value|P5_5#1#value,1,2,69,co_0,7,7,13,298,5,98,3,5,4,mandarin,desarrollo,guerra,arte,tecnologia,1,0,1,100,1,0,1,100,1,0,1,1,0,0,0,,,,4,3,1,3,3,2,1,1,2,compañero de curso de mi hijo,buenas,0,0,0,1,2,2,1,1,0,0,0,0,0,0,0,,2,4,0,0,0,0,0,0,0,1,0,,2,1,3,3
f3da49f0-6457-49c5-b9a3-dacdb1b54b0c,625037373,2,12/10/2024 8:32,12/10/2024 8:44,671,end,complete,f38db47884880977,P5_2#1#value|P5_1#1#value|P5_5#1#value|P5_4#1#value|P5_3#1#value,3,2,52,co_0,5,7,7,134,6,3,3,7,4,Maximo proveedor,Disneyland,Guerra,Torre Eiffel,País avanzado,1,90,1,50,1,30,1,80,1,50,3,1,0,0,0,,,,2,3,2,4,2,2,2,1,4,"Cuando he ido a comprar a un Moll chino,",Solo al cancelarle en la caja,0,0,0,1,2,4,1,1,1,0,0,0,1,0,0,,2,5,0,0,0,0,0,1,1,0,0,,1,1,3,4
b50cd3df-c813-420f-b540-e481aeaf0a27,625045609,1,12/10/2024 10:54,12/10/2024 11:04,614,end,complete,f3966f286c7d303f,P5_1#1#value|P5_5#1#value|P5_3#1#value|P5_2#1#value|P5_4#1#value,3,2,64,co_0,6,8,5,46,5,98,4,5,4,Competidor,Potencia,Arroz,Torre Eifell,Cultura interesante,1,80,1,100,1,20,1,80,1,50,3,1,0,0,0,,,,4,4,1,4,3,1,1,1,2,Cuando voy a comprar,Cuesta entenderlos,0,0,0,1,2,3,1,0,0,1,0,0,0,0,0,,3,2,0,0,1,0,0,0,0,0,0,,3,2,3,3
478935c2-a390-4972-8b29-0aefb02543b3,624560184,1,09/10/2024 21:35,09/10/2024 21:42,411,end,complete,f3b89404382b52d5,P5_2#1#value,3,2,39,co_0,4,7,13,297,4,98,3,4,1,Sequisimos,Americanos,No los cacho,Torre eifel,Secos,999,,1,50,999,,999,,999,,1,1,0,0,0,,,,2,3,2,4,3,1,1,1,4,Antiguo trabajo,Son un poco demandantes pero buenas personas,1,1,1,0,2,3,2,,,,,,,,,,2,4,0,0,0,0,0,0,1,0,0,,2,3,3,4
44ddeb83-c49a-4057-88f8-f3890ac24026,624805510,1,11/10/2024 1:49,11/10/2024 2:07,1110,end,complete,f3d038dfc5ccfa74,P5_2#1#value|P5_4#1#value|P5_3#1#value|P5_5#1#value|P5_1#1#value,3,2,20,co_0,2,7,10,247,4,98,2,5,1,Compradores importantes,Potencia mundial,Ahí no más,Exportadores,Comida,1,70,1,80,1,70,1,60,1,80,3,0,1,1,1,Temu,Aliexpres,Sushi,3,2,1,4,2,2,2,1,2,Tengo familia y compro,Buenas ningún problema hasta ahora,1,0,0,0,1,3,1,1,1,1,0,0,1,1,0,,4,2,1,1,0,0,0,0,0,0,0,,3,2,4,3
8b56cf8e-b9dc-45c3-b987-f9b478affe26,625531164,1,15/10/2024 17:42,15/10/2024 17:55,806,end,complete,f412230885484952,P5_5#1#value|P5_1#1#value|P5_3#1#value|P5_2#1#value|P5_4#1#value,1,1,61,co_0,6,7,16,192,4,9,2,8,2,Comercio,Potencia mundial,Hyundai,Vinos,Autos confiables,1,80,1,80,1,70,1,70,1,80,1,0,1,1,1,AliExpress,Great Wall,Changan,2,3,1,3,3,2,2,1,4,Comercial,Ni buenas ni malas,1,1,0,0,2,1,1,1,0,0,0,1,0,0,0,,2,5,0,0,0,0,0,0,1,0,0,,2,2,4,3
3bffdcfe-5323-4ca1-89e0-85b16946aaa6,624978182,3,11/10/2024 21:21,11/10/2024 21:42,1316,end,complete,f448f5b90f77b876,P5_2#1#value|P5_4#1#value|P5_3#1#value|P5_1#1#value,3,2,32,co_0,3,7,4,27,7,98,3,2,3,Paisajes,Tecnología,Gastronomía,Cultura,Cultura,1,80,1,85,1,70,1,90,999,,1,1,0,0,0,,,,3,4,1,3,5,2,1,2,2,Gastronómico,Comprador,1,0,0,0,2,2,1,0,0,1,0,0,0,0,0,,1,3,0,0,0,0,0,0,1,0,0,,99,99,4,4
87046e77-79bc-4761-85cf-70ca90401b44,625064918,1,12/10/2024 14:23,12/10/2024 14:30,400,end,complete,f465b7d70833bcb4,P5_4#1#value|P5_2#1#value|P5_1#1#value|P5_3#1#value|P5_5#1#value|P20#98#value,3,1,42,co_0,4,5,6,79,6,98,3,5,4,Comunismo,Capitalismo,Culto a la belleza,Crisis migratoria,Tecnología,1,40,1,40,1,40,1,25,1,75,3,1,0,0,0,,,,2,3,1,3,3,1,2,2,3,Solo en el comercio.,"Indiferentes, como cualquier otra interacción comercial .",0,0,0,1,2,2,1,0,0,0,0,0,0,0,1,No considero saber lo suficiente como para responder está pregunta,1,4,0,0,0,0,0,1,1,0,0,,2,3,4,3
c6e0c602-14a2-4b5e-9985-c3e4dbfdc8d2,625238152,1,14/10/2024 10:30,14/10/2024 10:37,437,end,complete,f4bd94a0094a96b6,P5_4#1#value|P5_2#1#value|P5_3#1#value|P5_1#1#value|P5_5#1#value,3,1,31,co_0,3,6,6,84,7,3,3,5,4,Tecnología,Turismo,K-pop,Pizza,Anime,1,80,1,80,1,90,1,70,1,100,2,0,1,1,1,Xiaomi,Huawei,Jac,2,3,3,,3,2,2,2,1,mall chinos,Buena,1,1,0,0,2,2,1,1,1,1,0,1,0,1,0,,1,4,0,0,0,0,0,1,0,1,0,,1,2,4,5
c630fa74-9e09-4a2e-8931-817f2f2dfcbb,624979299,1,11/10/2024 21:28,11/10/2024 21:47,1160,end,complete,f4c580a3f028f1a3,P5_2#1#value,3,1,60,co_0,6,5,4,27,6,98,4,6,1,La muralla,Basquet,Coreanos,La torre eifell,Tecnología,999,,1,50,999,,999,,999,,1,1,0,0,0,,,,3,4,2,3,2,1,2,2,3,No tengo contacto,No tengo interacción conellos,0,1,0,0,2,1,1,1,0,0,0,0,0,0,0,,3,4,0,0,1,0,0,0,0,0,0,,3,2,3,4
24c359c2-fe63-4b40-a56f-dbea0e770523,625012415,1,12/10/2024 2:10,12/10/2024 2:20,651,end,complete,f4f3c96b741cafcf,P5_4#1#value,3,2,60,co_0,6,4,2,8,6,98,4,10,2,Nada,Nada,Nada,Nada,Nada,999,,999,,999,,1,8,999,,3,1,0,0,0,,,,1,4,1,4,4,2,1,2,2,Ninguna,Nada,0,0,0,1,2,3,2,,,,,,,,,,2,4,1,0,0,0,0,0,1,0,0,,99,99,4,1
e75a251b-8a16-44ce-88e1-7ce2f28e1232,624562801,1,09/10/2024 21:51,09/10/2024 21:58,400,end,complete,f5235d4dd0d743fb,P5_2#1#value|P5_4#1#value,3,2,50,co_0,5,7,13,285,4,98,1,1,1,Articulos,Inmiscuirse en conflictos,Música,Croissant,Comida,999,,1,0,999,,1,50,999,,1,1,0,0,0,,,,3,1,1,5,2,1,1,2,1,En restaurante,Indiferente,0,1,0,0,2,1,1,0,1,1,0,0,0,0,0,,4,5,0,0,0,0,0,0,0,0,1,Ninguno de estos,3,99,3,3
ab903648-ab39-421a-b7ba-8c952b98e1d3,624562320,1,09/10/2024 21:48,09/10/2024 21:58,619,end,complete,f5263f47a739a959,P5_2#1#value|P5_5#1#value|P5_3#1#value|P5_1#1#value|P5_4#1#value,3,2,46,co_0,5,8,13,298,3,98,1,7,2,Inversores,Potencia,Tradiciones,Agradable,Potencia mundial,1,60,1,60,1,30,1,60,1,80,1,1,0,0,0,,,,2,1,2,3,3,2,1,2,4,"Solo cuando voy de compras o a comer, los dueños son chinos","Agradable, son muy reservados",0,1,1,0,1,4,1,0,1,1,0,0,0,0,0,,3,3,0,0,1,0,0,0,1,0,0,,2,2,3,3
6196d80b-4c52-46f1-a849-a95e542280e1,625122437,1,13/10/2024 4:33,13/10/2024 4:37,259,end,complete,f574a4607761124a,P5_1#1#value|P5_5#1#value|P5_3#1#value|P5_2#1#value|P5_4#1#value,3,1,33,co_0,3,1,6,106,7,98,1,5,4,Exeso de poblacion,Armas es un peligro,Kdrama,Turismo,Comida rica,1,1,1,100,1,66,1,7,1,33,3,0,1,1,1,Honda,Hunday,Samsung,4,2,2,1,3,1,1,2,2,Mall chinos,Regular,1,0,0,0,2,2,2,,,,,,,,,,1,5,1,0,0,0,0,0,0,0,0,,2,2,3,1
03759fee-d77d-4aa4-98e9-54d6667a7c5e,624563090,1,09/10/2024 21:53,09/10/2024 22:05,728,end,complete,f58bc25bcd699462,P5_3#1#value|P5_5#1#value|P5_1#1#value|P5_2#1#value|P5_4#1#value,3,2,32,co_0,3,8,13,288,3,3,3,2,1,Produccion,Capitalismo,Moda,Democracia,Tecnología,1,50,1,30,1,60,1,100,1,80,1,1,0,0,0,,,,2,3,3,,2,1,1,1,2,"Tengo contacto pricipalmente mediante el comercio, al comprar en tiendas de origen chino. Además tengo una prima que es descendiente de migrantes chinos (3a generación)",Cordiales sin mucha cercanía,0,0,0,1,2,3,1,1,1,1,0,0,0,1,0,,1,4,0,0,0,0,0,1,0,0,0,,3,99,3,4
1b78e998-bb01-464a-adac-9eb829b80a1f,625529017,1,15/10/2024 17:33,15/10/2024 17:41,464,end,complete,f65731154184111a,P5_4#1#value|P5_1#1#value|P5_2#1#value|P5_5#1#value,3,1,46,co_0,5,7,16,175,4,98,3,8,2,Productos baratos,Trum,Nada,Torre eifel,Repuestos,1,90,1,90,999,,1,50,1,90,3,1,0,0,0,,,,3,3,1,3,3,1,1,2,4,Comprando productos varios,Buena,1,0,0,0,2,4,2,,,,,,,,,,2,4,0,0,0,0,0,1,0,1,0,,3,2,4,4
78452949-dc53-4b58-895c-a5eca9a4ee4e,625144779,2,13/10/2024 11:48,13/10/2024 11:59,439,end,complete,f7c37c79f965d8f8,P5_3#1#value|P5_2#1#value|P5_1#1#value|P5_5#1#value|P5_4#1#value,3,1,31,co_0,3,5,2,12,6,98,1,5,3,Potencia mundial,Potencia mundial,Nada,Hermoso,Grandes tecnología,1,50,1,50,1,50,1,50,1,50,2,0,1,1,1,Yamaha,Capcom,Lifan,3,1,1,3,3,2,2,2,2,Cuando compro productos en el moll chino,Son muy serios,0,0,0,1,2,4,2,,,,,,,,,,4,3,0,0,0,0,0,1,1,0,0,,2,2,3,3
3ab3f0ad-dbc8-46ee-a815-7237ca434c12,624966737,1,11/10/2024 20:12,11/10/2024 21:00,2877,end,complete,f80ffb6f38402c5c,P4_4|P5_4#1#value,3,2,35,co_0,4,7,10,236,6,98,2,4,3,Tambien me encantaria conocer,Me gustaria conocer alla,Tambien por sus comidas,Waooo seria un sueño realidad,Muy bonito,999,,999,,999,,1,70,999,,1,0,1,1,1,No me se dinguna,No me se ninguna,No me se ninguna,3,2,1,4,3,2,2,1,1,Los chinos son fatales,Tratan super mal,0,1,0,0,1,3,1,0,0,0,1,0,0,0,0,,2,5,0,0,0,0,0,1,0,0,0,,3,2,4,3
33a2df58-08be-4257-b8a1-a1a5075a0711,624563496,1,09/10/2024 21:55,09/10/2024 22:11,930,end,complete,f81cc4987a655d16,P5_4#1#value,3,2,38,co_0,4,7,13,305,4,98,3,5,3,Gastronomía,Inglés,Poder,Amor,Series,999,,999,,999,,1,60,999,,3,1,0,0,0,,,,3,3,2,3,2,1,1,1,2,Cuando participo en filmaciones de comerciales,Buenas,1,0,0,0,2,3,1,0,0,0,0,1,0,0,0,,4,4,0,0,0,0,0,1,1,0,0,,2,3,4,3
0589d19d-817c-4a22-bd64-2846a76d85ca,624968323,1,11/10/2024 20:22,11/10/2024 20:36,806,end,complete,f82b4b9f9ba4f210,P5_4#1#value|P5_2#1#value|P5_3#1#value|P5_5#1#value|P5_1#1#value,3,1,39,co_0,4,7,4,26,6,1,2,5,4,Cultura,Potencia mundial,Plantas nucleares,Elegancia,Tecnología,1,80,1,100,1,50,1,100,1,80,1,1,0,0,0,,,,3,2,2,5,3,1,1,2,1,En el comercio,Relativamente buena,1,0,0,0,2,2,1,0,1,1,0,1,0,0,0,,4,5,0,0,0,0,1,1,0,0,0,,1,1,3,4
c532a47a-c7f7-4565-8128-fb9bcb455880,625386462,1,15/10/2024 0:42,15/10/2024 0:55,777,end,complete,f83bba55a29c22a2,P5_3#1#value|P5_5#1#value|P5_1#1#value|P5_2#1#value,3,1,45,co_0,5,5,3,17,6,3,2,5,4,Exigentes,Fuerte,Desarrollado,Bonito,Desarrollado,1,80,1,80,1,80,999,,1,80,1,1,0,0,0,,,,2,3,1,4,2,1,1,1,3,Mi sobrina es pareja de un chino,Pocas,0,1,0,0,2,1,1,0,1,0,0,0,0,0,0,,2,5,0,0,0,0,0,1,0,0,0,,2,2,4,5
2456b444-d564-47fb-8b8c-65ae1f82e418,625003739,1,12/10/2024 0:32,12/10/2024 0:38,358,end,complete,f8d119f5842d0fc5,P5_1#1#value|P5_4#1#value|P5_3#1#value|P5_5#1#value|P5_2#1#value,2,1,45,co_0,5,5,4,36,7,98,2,5,3,Tecnología,Petróleo,Tecnología,Fútbol,Autos,1,50,1,50,1,80,1,60,1,50,2,1,0,0,0,,,,3,2,1,4,3,2,2,2,1,No tengo contacto con nadie chino,Solo los he visto por television,1,0,0,0,2,3,2,,,,,,,,,,3,3,0,0,0,0,0,1,0,1,0,,2,3,3,3
db5cc802-425f-4ced-843d-60b4705a6669,624563819,1,09/10/2024 21:57,09/10/2024 22:15,1090,end,complete,f8dd8b2a4337474d,P5_2#1#value|P5_4#1#value,3,2,33,co_0,3,8,13,303,4,1,3,5,1,Comercio,Potencia,Moderno,Torre eifel,Kpop,999,,1,50,999,,1,50,999,,1,1,0,0,0,,,,3,3,1,3,3,1,1,2,3,Cuando compro comida china o cuando voy a un mall chino,Sencillas y cortas,0,0,0,1,2,2,2,,,,,,,,,,2,5,0,0,0,0,0,1,0,0,0,,2,2,4,3
42599745-7389-480f-a3ff-9db553efab0a,625008007,1,12/10/2024 1:16,12/10/2024 1:22,335,end,complete,f913dc04d7a98547,P5_1#1#value|P5_4#1#value|P5_2#1#value|P5_3#1#value|P5_5#1#value,3,2,37,co_0,4,5,5,41,7,3,3,5,1,Made in china,Violencia,Dramas coreanos,Nada,Animes,1,80,1,50,1,90,1,50,1,50,2,1,0,0,0,,,,3,3,3,,3,2,2,2,2,Cuando voy a comprar alguna tienda china,No les entiendo nada,0,0,0,1,2,4,1,0,1,1,0,0,0,0,0,,4,2,1,0,0,0,0,1,0,0,0,,2,3,3,4
12084318-889b-4c81-9453-856e6c589460,625315120,1,14/10/2024 17:31,14/10/2024 17:40,552,end,complete,f94ca34b4c8d7891,P5_2#1#value,3,1,58,co_0,6,5,2,12,6,1,3,5,3,Trabajos mal pagados,Se cree el dueño del mundo,Fabrica de cantantes kpop,Engreídos y mal educados,Economía muy fuerte,999,,1,50,999,,999,,999,,2,1,0,0,0,,,,5,4,1,3,4,1,1,2,4,No tengo,Nunca he hablado con nadie de esa nacionalidad,0,0,0,1,2,1,1,1,0,1,0,1,0,0,0,,1,2,0,0,1,0,1,0,0,0,0,,3,99,3,3
62c4a8f7-16cd-4041-b328-8cc852eeb40b,624970346,1,11/10/2024 20:34,11/10/2024 20:47,786,end,complete,f9604263bbcc1dab,P5_1#1#value|P16,3,2,46,co_0,5,3,10,228,6,5,3,4,3,Nada,Nada,Nada,Nada,Nada,1,50,999,,999,,999,,999,,2,1,0,0,0,,,,3,3,2,3,3,2,2,2,2,Solo cuando voy a mollbchino a comprar,Buena,0,0,0,1,2,4,1,0,0,0,0,0,0,1,0,,4,3,0,0,0,0,0,0,1,0,0,,3,3,3,3
8d53b862-be74-402d-a885-29cfe6365c8a,624752720,1,10/10/2024 19:59,10/10/2024 20:07,466,end,complete,f967aba6a7718007,P5_5#1#value|P5_3#1#value|P5_2#1#value|P5_1#1#value|P5_4#1#value,3,2,18,co_0,2,5,14,331,7,98,1,4,3,juguetes,taylor swift,kpop,baguette,anime,1,10,1,40,1,50,1,50,1,80,1,1,0,0,0,,,,3,3,2,4,5,2,2,2,3,En el Mall Chino,Cordiales,0,1,0,0,1,4,1,0,0,0,0,0,1,0,0,,3,3,0,0,1,0,0,0,1,0,0,,3,3,3,4
04f4bfad-afa9-4df7-bfdd-5e42e1732eef,625812961,1,16/10/2024 22:57,16/10/2024 23:07,572,end,complete,fa1f81a29d29d1a0,P5_1#1#value|P5_2#1#value|P5_4#1#value|P5_5#1#value,3,1,53,co_0,5,9,16,175,3,98,1,4,1,Gigante,Poder,Desconocido,País europeo,Tradición,1,70,1,40,999,,1,50,1,60,1,1,0,0,0,,,,2,3,1,3,3,1,1,2,3,Ninguna,Ninguna,0,0,1,0,2,3,1,0,0,0,0,0,0,0,1,Más que limitar es poder controlar las inversiones,2,4,0,0,0,0,0,1,1,0,0,,2,2,4,4
b146b7a6-ad51-4196-821b-a0b3fa6c3450,624966966,1,11/10/2024 20:13,11/10/2024 20:29,962,end,complete,fa63c42874cdbd62,P5_5#1#value|P5_2#1#value|P5_1#1#value|P5_4#1#value,3,2,51,co_0,5,5,5,49,6,98,3,10,2,Potencia mundial,Disneylandia,Guerras,París,Maremotos,1,100,1,100,999,,1,100,1,100,1,0,1,1,1,Shein,Temu,Amazon,1,3,2,3,2,1,1,1,2,Como comprador,Buenas relaciones comerciales,1,0,0,0,2,4,2,,,,,,,,,,1,4,0,0,0,0,0,1,1,0,0,,1,1,4,4
e9d3321d-f93f-45ea-8339-f11398e5fee1,625062866,1,12/10/2024 14:03,12/10/2024 14:14,680,end,complete,fa6b115aad5fa539,P5_1#1#value|P5_4#1#value|P5_3#1#value|P5_5#1#value|P5_2#1#value,3,2,63,co_0,6,8,5,49,5,98,4,10,2,Crueles,Modernos,Canibales,Etereos,Finos,1,1,1,100,1,0,1,100,1,50,1,0,1,1,1,Samsung,Lo,No recuerdo,4,4,1,3,1,1,1,1,2,No tengo estrecho contacto con chinos,Buena,0,1,0,0,2,1,1,1,1,1,0,1,0,0,0,,4,3,1,0,0,1,0,0,0,0,0,,3,1,2,2
306d9e41-a715-4305-9cdd-4aab8dc62379,625321953,2,14/10/2024 18:02,15/10/2024 0:48,908,end,complete,fa90abf7abd203f0,P5_1#1#value|P5_2#1#value|P6A#4#value,3,1,47,co_0,5,4,1,2,7,1,2,5,4,Tecnología,Potencia,Tecnología,Torre ifel,Comida,1,50,1,50,999,,999,,999,,1,0,1,1,1,Xiaomi,Hiunday,Lh,1,1,1,4,2,1,1,2,3,"En los mall, restaurante,y la vida cotidiana",Buena,0,0,0,1,2,3,1,0,1,1,0,0,0,0,0,,2,5,0,0,0,0,0,1,1,0,0,,2,2,3,2
296652f4-a047-47aa-8145-85d340fe50ca,625052473,1,12/10/2024 12:19,12/10/2024 12:31,702,end,complete,faa756ad6c95fb79,P5_5#1#value|P5_1#1#value|P5_3#1#value|P5_4#1#value|P5_2#1#value,3,2,40,co_0,4,7,5,48,6,98,3,8,1,Tecnologia,Dólares,Animes,Perfumes,Comida,1,70,1,80,1,80,1,90,1,70,1,0,1,1,1,Honor,Chery,Redmi,2,3,1,3,3,2,2,2,3,En un mall chino,Buena,1,0,0,0,2,3,1,1,1,0,0,0,1,0,0,,3,4,0,0,1,0,0,0,0,0,0,,3,1,4,4
5dffec4d-abac-4841-a081-0e6945b3207a,624558738,1,09/10/2024 21:26,09/10/2024 21:37,654,end,complete,faf336716d3ccc3c,P5_2#1#value|P5_5#1#value|P5_4#1#value|P5_3#1#value|P5_1#1#value,3,2,46,co_0,5,5,9,214,5,98,3,7,1,Ropa,Comida,K-pop,Vinos,Comida,1,50,1,80,1,90,1,80,1,80,1,1,0,0,0,,,,5,3,1,3,3,2,2,2,2,Solo comprar artículos o ropa,No sé les entiende,0,0,0,1,1,2,1,1,1,1,0,1,0,0,0,,4,2,0,0,0,1,0,0,0,0,0,,3,2,2,3
bca1168a-1d2f-422f-8eb9-403a38e940f2,625968692,1,17/10/2024 17:41,17/10/2024 17:50,526,end,complete,fb08c1988d48f533,P5_2#1#value|P5_4#1#value|P5_3#1#value|P5_5#1#value|P5_1#1#value,3,2,43,co_0,4,7,11,258,5,8,3,5,4,Productores,Discriminación,Miedo,Elegancia,Artes marciales,1,80,1,50,1,40,1,60,1,50,3,1,0,0,0,,,,2,3,1,3,3,2,2,1,2,Son vendedores,Buenas,0,1,0,0,2,1,1,1,0,0,0,0,0,0,0,,3,4,0,0,0,0,0,0,1,0,0,,3,2,4,3
3a66b221-74f4-4311-9d9f-b8921485737c,624926732,1,11/10/2024 16:57,11/10/2024 17:05,491,end,complete,fb3dd7af50d2cd7f,P5_2#1#value|P5_5#1#value,3,2,22,co_0,2,5,8,146,7,98,3,5,3,Productos,Dinero,Películas,Pan,Suicidio,999,,1,99,999,,999,,1,90,3,1,0,0,0,,,,2,3,2,4,3,2,2,2,2,En los mall chinos,Ni b7enas ni malas,1,0,0,0,1,4,1,0,1,1,0,0,0,0,0,,4,3,0,1,1,0,0,0,0,0,0,,3,3,2,4
2bd78e8e-be48-4a1e-a5a0-e1f0cc58899c,625061726,1,12/10/2024 13:52,12/10/2024 14:02,565,end,complete,fbb0c273b32fcca9,P5_5#1#value|P5_1#1#value|P5_3#1#value|P5_2#1#value|P5_4#1#value,3,2,39,co_0,4,5,10,247,7,2,3,5,2,Todo,Tram,Cristianos,Torre enfel,Comida,1,100,1,80,1,100,1,80,1,50,1,0,1,1,1,Hafey,Changan,Maxus,2,3,2,3,3,1,2,1,2,En los locales chinos,Nada anormal hola y chao,1,0,0,0,2,2,1,1,0,0,0,0,0,0,0,,3,4,0,0,0,0,0,0,1,0,0,,2,2,4,3
f179ebd9-128c-48be-baed-02389756343d,624763937,3,10/10/2024 20:53,10/10/2024 21:05,757,end,complete,fbb5b42b78d8b016,P5_3#1#value|P5_4#1#value|P5_2#1#value|P5_5#1#value|P5_1#1#value,3,2,73,co_0,7,8,4,36,2,98,2,5,1,Crecimiento,Oportunismo,Crecimiento,Automovilismo,Tecnologia,1,100,1,30,1,80,1,60,1,100,3,0,1,1,1,Jac,Lenovo,Huawei,2,2,2,3,3,2,2,1,1,Amistades,Muy buena,1,0,0,0,2,4,1,1,0,1,0,1,1,1,0,,4,4,0,0,0,0,1,0,0,1,0,,2,99,3,4
20d7fc51-e0cd-4080-b692-1724831974a0,625351973,1,14/10/2024 20:39,14/10/2024 20:51,720,end,complete,fbd660a6ab236638,P5_1#1#value|P5_4#1#value|P5_3#1#value|P5_5#1#value|P5_2#1#value,3,1,49,co_0,5,6,3,17,6,9,1,5,1,Muchos,Invasor,K pop,Paris,Vehiculos excelentes,1,60,1,70,1,60,1,40,1,90,3,1,0,0,0,,,,4,1,1,4,2,1,2,1,4,Cuando compro comida china,Cordiales,0,1,1,0,2,2,1,1,1,1,0,1,0,1,0,,3,3,0,0,1,1,0,0,0,0,0,,2,3,3,4
c48872db-3d2e-406b-865c-1eb462541ff7,625008170,1,12/10/2024 1:18,12/10/2024 1:30,727,end,complete,fc14a5adc1bbd9d7,P5_1#1#value|P5_5#1#value|P5_4#1#value|P5_2#1#value|P5_3#1#value,3,2,52,co_0,5,5,6,95,6,98,1,5,4,Exportación,Exportación,Guerra,Turismo,Economía,1,50,1,50,1,50,1,70,1,50,2,0,1,1,1,"SheIn,",Aliexpress,Nose,3,3,2,3,2,1,1,2,4,Solo comprar en supermercados chinos,Muy buenos,0,0,0,1,2,3,1,1,1,1,0,1,1,0,0,,4,2,1,1,0,0,0,0,0,0,0,,3,99,3,4
0ad5a3f4-c59b-4977-85b9-75879dc8edda,625006068,1,12/10/2024 0:55,12/10/2024 1:04,506,end,complete,fc1df181d7fa276b,P5_3#1#value|P5_2#1#value|P5_5#1#value|P5_1#1#value|P6A#3#value,3,2,52,co_0,5,5,10,247,6,3,1,5,2,Comunismo,Modernidad,Produccion,Turismo,Automoviles,1,50,1,50,1,50,999,,1,50,1,0,1,1,1,Jac,Byd,Baic,3,1,1,3,2,2,2,2,3,Moll chino,Por señas,1,0,0,0,2,2,2,,,,,,,,,,4,4,0,0,0,1,0,0,1,0,0,,2,2,2,3
459fcf5a-9143-4033-aa60-7600db1a6e95,625319538,2,14/10/2024 17:51,14/10/2024 18:26,2127,end,complete,fc787b38fb0d7322,P5_5#1#value|P5_2#1#value|P5_4#1#value|P5_1#1#value|P6A#3#value,3,1,29,co_0,3,7,10,233,6,98,2,10,2,Comidas exóticas,País grande,Cultura,Torre Eiffel,Vehículos,1,80,1,80,999,,999,,1,80,1,0,1,1,1,"Maxus ,",Jmc,Mol chino,3,3,1,3,3,2,2,2,3,En mall chino,Más o menos es difícil entenderles,1,0,0,0,2,1,2,,,,,,,,,,3,5,0,0,0,0,0,0,1,0,0,,2,2,2,3
79923243-1678-4949-9f60-2e3984da97d0,625812315,1,16/10/2024 22:52,16/10/2024 23:09,997,end,complete,fda2760f0f1a2aa6,P5_5#1#value|P5_3#1#value|P5_2#1#value,3,1,31,co_0,3,8,16,190,7,98,2,6,1,Sobrepoblacion,Republicanos,Tecnologia,Paris,Cultura,999,,1,75,1,85,999,,1,80,1,1,0,0,0,,,,2,3,1,4,2,1,2,2,1,"Solamente al comprar en negocios, ya sea restorán o mall chino","No he tenido problemas, algunos muy amables",0,0,0,1,2,3,1,0,1,1,0,0,0,0,0,,3,4,0,0,0,0,1,1,0,0,0,,3,3,4,4
61c65cb5-cb72-4cd6-87c2-272b42d1f68c,625301908,1,14/10/2024 16:34,14/10/2024 16:42,481,end,complete,fdbbabfc5149fb14,P5_3#1#value|P5_1#1#value|P5_2#1#value|P5_4#1#value|P5_5#1#value,3,1,35,co_0,4,8,7,137,7,98,2,5,1,Potencia mundial,Comics,Inteligencia automotriz,Juegos olímpicos,Animes y mangas,1,40,1,0,1,90,1,40,1,80,1,0,1,1,1,Chery,Dongfeng,Haval,2,2,1,3,1,2,2,1,2,Cuando voy a comprar al mall chino,Cordial,1,1,1,0,2,4,1,1,1,1,0,0,0,1,0,,3,4,1,0,0,0,0,0,0,0,0,,99,99,4,4
d0d27705-040e-4830-8c9b-c04c0896b22b,625462515,1,15/10/2024 12:57,15/10/2024 13:06,577,end,complete,ff1994c4071063b4,P5_3#1#value|P5_2#1#value|P5_4#1#value|P5_5#1#value|P5_1#1#value|P6A#3#value,3,1,48,co_0,5,7,1,1,5,98,2,5,1,Comida china,Estatua libertad,Taekwoondo,Torre eiffel,Karate,1,80,1,80,1,80,1,80,1,80,3,0,1,1,1,Hawuei,Gm,Honor,3,1,1,3,2,1,1,1,2,Más que nada amistad,Buenas,0,0,0,1,2,4,2,,,,,,,,,,2,4,0,0,0,0,0,1,0,1,0,,2,2,3,3
5fff6a45-9338-4300-bc71-a91b82e2c609,624555446,1,09/10/2024 21:07,09/10/2024 21:17,581,end,complete,ff48806b6b2148c6,P5_1#1#value|P5_2#1#value|P5_5#1#value|P5_4#1#value|P5_3#1#value,1,1,69,co_0,7,9,13,292,1,98,3,7,2,muy trabajadores,lo maximo,la USA asiatica,flojos,tecnologia,1,60,1,90,1,90,1,50,1,70,1,0,1,1,1,temu,aliexpress,alibaba,4,4,1,5,3,1,2,2,4,Por los Mall Chinos y por los restaurantes Chinos,Normales,0,0,1,0,2,1,1,1,0,0,0,0,0,0,0,,2,5,1,0,0,0,0,0,0,0,0,,3,1,2,4
f00b872f-2bb7-400b-8a14-5f8542d97d59,625953407,1,17/10/2024 16:30,17/10/2024 16:34,255,end,complete,ff7caf77c76a13f5,P5_2#1#value,3,1,26,co_0,3,5,16,180,6,98,1,5,4,Potencia mundial,Pentagono,País libre,Torre Eiffel,Bomba atómica,999,,1,100,999,,999,,999,,1,1,0,0,0,,,,5,1,1,1,3,1,1,2,2,Ninguna relación especifica,No he tenido interacciones,1,0,0,0,2,2,2,,,,,,,,,,2,5,0,0,0,0,0,0,1,0,0,,1,2,4,4
43d401fb-c4fc-49f2-a38f-8de87dd19a74,624782636,1,10/10/2024 22:38,10/10/2024 22:44,383,end,complete,ffc630316c552d3b,P5_1#1#value|P5_2#1#value|P5_5#1#value|P5_4#1#value|P5_3#1#value,1,1,66,co_0,7,7,10,247,2,98,3,5,1,progreso,progreso,progreso,estancada,progreso,1,40,1,40,1,80,1,40,1,80,1,1,0,0,0,,,,2,2,1,3,2,2,2,1,1,cuando compro en sus locales,buena,0,1,1,0,1,1,2,,,,,,,,,,4,4,0,0,0,0,0,0,0,1,0,,2,3,3,4
